owner_id,owner_ref,source_csv,source_json,source_csv_sha256,source_json_sha256,native_namespace,native_dispatch,cli_commands,id,record_type,view_id,row_id,column_id,capability_refs,need,operation,outcome,implementation_status,standing,source_refs,code_refs,test_refs,account_ref,relation,coverage,extensions,question
central,product:central,product:central:ProjectCentral/user/capability-matrix.csv,product:central:ProjectCentral/user/capability-matrix.json,5206de5cca0fc214777ed09a466b3e4361a109069d8e33cae30e71c187e21615,bdf4aa9462db5c3745f353ea9b69e6ac765a4873984f87a8a66229531e99ca54,central,oi central action run <native-command-id> <input-json>,"[""central.doctor"",""central.init"",""central.root""]",cap.central.root,capability,,,,[],A person needs a durable place for personal source and ordinary projects that tools can find consistently.,"central.root, central.init and central.doctor resolve, initialise and inspect the selected root.",The root contains Control and Work with structured health diagnostics. Repeated initialisation preserves existing authored material.,source-inspected; Source and test definitions inspected; these tests were not executed in this documentation pass. Desktop and owner-machine acceptance is not established here.,agent-inference,../github-recovery-mirror/mirror/Central/issues/2.json;../github-recovery-mirror/mirror/Central/issues/19.json,ctrl/src/root.rs;ctrl/src/action.rs,ctrl/tests/cli_contract.rs;ctrl/tests/product_acceptance.rs,central.html#q1/entry,,,"{""basis"": ""Source-recovered capability account; original verification limits retained in Markdown."", ""converted_from_sha256"": ""c305f22c02710fb8e246eac3ccd50651fa12f22d20da8c42c2c126e60530ec66"", ""cli_commands"": [""central.doctor"", ""central.init"", ""central.root""], ""cli_exposure"": {""kind"": ""direct"", ""reason"": ""The listed native Action identities are invocable through ctrl action run and discoverable through ctrl action list.""}, ""maintenance"": {""updated_at"": ""2026-09-09"", ""change_refs"": [""codex:thread:01a07608-d2ec-7b10-9713-74c445adf8a5"", ""../github-recovery-mirror/mirror/Central/issues/2.json"", ""../github-recovery-mirror/mirror/Central/issues/19.json"", ""central:74258b3"", ""central:d357e94"", ""reconcile:central-pr-132"", ""cradle:Central:w2-w4:PR-133""], ""code_basis"": {""ctrl/src/root.rs"": ""eb209d6ba1feef679047dd687e395089df63611b119d11e0380e9a52882f62d4"", ""ctrl/src/action.rs"": ""8956891ff55e96514266ca3ad00dbf80a0902f37e0d5a1fe18dadfe59cb6ca1b""}}, ""last_reconciled_at"": ""2026-09-09T15:11:26.113026+00:00""}",
central,product:central,product:central:ProjectCentral/user/capability-matrix.csv,product:central:ProjectCentral/user/capability-matrix.json,5206de5cca0fc214777ed09a466b3e4361a109069d8e33cae30e71c187e21615,bdf4aa9462db5c3745f353ea9b69e6ac765a4873984f87a8a66229531e99ca54,central,oi central action run <native-command-id> <input-json>,"[""action.list""]",cap.central.action-discovery,capability,,,,[],A person or agent needs to discover what this installed Central can actually do before choosing a command.,ctrl capabilities and action.list expose the native Action registry; the guided picker helps select an operation and its inputs.,"Callers receive named operations, input definitions, mutation classes and capability requirements. The same canonical operation can be selected through different surfaces.",source-inspected; Source and test definitions inspected; these tests were not executed in this documentation pass. Desktop and owner-machine acceptance is not established here.,agent-inference,../github-recovery-mirror/mirror/Central/issues/3.json;../github-recovery-mirror/mirror/Central/issues/7.json;../github-recovery-mirror/mirror/Central/issues/114.json,ctrl/src/action.rs;ctrl/src/picker.rs;ctrl/src/cli.rs;ctrl/src/result.rs,ctrl/tests/cli_doorway.rs;ctrl/tests/picker.rs,central.html#q3/interaction,,,"{""basis"": ""Source-recovered capability account; original verification limits retained in Markdown."", ""converted_from_sha256"": ""c305f22c02710fb8e246eac3ccd50651fa12f22d20da8c42c2c126e60530ec66"", ""cli_commands"": [""action.list""], ""cli_exposure"": {""kind"": ""direct"", ""reason"": ""The listed native Action identities are invocable through ctrl action run and discoverable through ctrl action list.""}, ""maintenance"": {""updated_at"": ""2026-09-11"", ""change_refs"": [""codex:thread:01a07608-d2ec-7b10-9713-74c445adf8a5"", ""../github-recovery-mirror/mirror/Central/issues/3.json"", ""../github-recovery-mirror/mirror/Central/issues/7.json"", ""../github-recovery-mirror/mirror/Central/issues/114.json"", ""central:74258b3"", ""central:d357e94"", ""EpiLogos/Central#127 (W10 V2: agent-set/world persistence Actions + attribution seam; cli/now/agent-profile carriers moved — code bases re-reviewed at this revision)"", ""reconcile:central-pr-132"", ""cradle:Central:w2-w4:PR-133"", ""EpiLogos/Central#148"", ""EpiLogos/Central#149""], ""code_basis"": {""ctrl/src/action.rs"": ""8956891ff55e96514266ca3ad00dbf80a0902f37e0d5a1fe18dadfe59cb6ca1b"", ""ctrl/src/picker.rs"": ""b1c04622a2118b28763d9e9c5a747a8b2523d943a741ebbcf868ec5686af8665"", ""ctrl/src/cli.rs"": ""3c972c96e911eb2269272a2ca0edb27a824552ba4e902a3cb91cce11fac67159"", ""ctrl/src/result.rs"": ""38dfe29bf586fe3a62a5d3b4fbb8df1c5e03954053d32f05a61d775417d19d6f""}}, ""last_reconciled_at"": ""2026-09-11T03:25:32.748696+00:00""}",
central,product:central,product:central:ProjectCentral/user/capability-matrix.csv,product:central:ProjectCentral/user/capability-matrix.json,5206de5cca0fc214777ed09a466b3e4361a109069d8e33cae30e71c187e21615,bdf4aa9462db5c3745f353ea9b69e6ac765a4873984f87a8a66229531e99ca54,central,oi central action run <native-command-id> <input-json>,"[""work.list"",""work.open"",""work.reveal"",""work.search""]",cap.central.work-entry,capability,,,,[],A person wants to move from a project name to the actual working directory without maintaining a duplicate project catalogue.,work.list and work.search discover ordinary Work entries; work.open and work.reveal invoke the native opening or revealing Port.,The result identifies the selected filesystem project and native provider outcome. Opening and revealing depend on an available native Connector.,source-inspected; Selected native suites passed 2026-09-06: work_entry. Other referenced tests were not rerun; physical desktop and owner-machine effects remain outside this selection.,agent-inference,../github-recovery-mirror/mirror/Central/issues/6.json;../github-recovery-mirror/mirror/Central/issues/14.json;../github-recovery-mirror/mirror/Central/issues/15.json,ctrl/src/action.rs,ctrl/tests/work_entry.rs,central.html#q1/entry,,,"{""basis"": ""Source-recovered capability account; original verification limits retained in Markdown."", ""converted_from_sha256"": ""c305f22c02710fb8e246eac3ccd50651fa12f22d20da8c42c2c126e60530ec66"", ""cli_commands"": [""work.list"", ""work.open"", ""work.reveal"", ""work.search""], ""cli_exposure"": {""kind"": ""direct"", ""reason"": ""The listed native Action identities are invocable through ctrl action run and discoverable through ctrl action list.""}, ""maintenance"": {""updated_at"": ""2026-09-09"", ""change_refs"": [""codex:thread:01a07608-d2ec-7b10-9713-74c445adf8a5"", ""../github-recovery-mirror/mirror/Central/issues/6.json"", ""../github-recovery-mirror/mirror/Central/issues/14.json"", ""../github-recovery-mirror/mirror/Central/issues/15.json"", ""central:74258b3"", ""central:d357e94"", ""reconcile:central-pr-132"", ""cradle:Central:w2-w4:PR-133""], ""code_basis"": {""ctrl/src/action.rs"": ""8956891ff55e96514266ca3ad00dbf80a0902f37e0d5a1fe18dadfe59cb6ca1b""}}, ""last_reconciled_at"": ""2026-09-09T15:11:26.113026+00:00""}",
central,product:central,product:central:ProjectCentral/user/capability-matrix.csv,product:central:ProjectCentral/user/capability-matrix.json,5206de5cca0fc214777ed09a466b3e4361a109069d8e33cae30e71c187e21615,bdf4aa9462db5c3745f353ea9b69e6ac765a4873984f87a8a66229531e99ca54,central,oi central action run <native-command-id> <input-json>,"[""control.open"",""control.search""]",cap.central.control-reading,capability,,,,[],"People and agents need to consult durable preferences, collaboration guidance and machine declarations where they are authored.",control.open selects a Control area; control.search retrieves matching eligible source through the Control read model.,"Results point back to ordinary authored files. Retrieval honours excluded subtrees, so a broad search can remain useful without exposing every personal file.",source-inspected; Selected native suites passed 2026-09-06: control_source. Other referenced tests were not rerun; physical desktop and owner-machine effects remain outside this selection.,agent-inference,../github-recovery-mirror/mirror/Central/issues/5.json;../github-recovery-mirror/mirror/Central/issues/12.json,ctrl/src/action.rs;ctrl/src/control.rs,ctrl/tests/control_source.rs;ctrl/tests/product_acceptance.rs,central.html#q1/entry,,,"{""basis"": ""Source-recovered capability account; original verification limits retained in Markdown."", ""converted_from_sha256"": ""c305f22c02710fb8e246eac3ccd50651fa12f22d20da8c42c2c126e60530ec66"", ""cli_commands"": [""control.open"", ""control.search""], ""cli_exposure"": {""kind"": ""direct"", ""reason"": ""The listed native Action identities are invocable through ctrl action run and discoverable through ctrl action list.""}, ""maintenance"": {""updated_at"": ""2026-09-09"", ""change_refs"": [""codex:thread:01a07608-d2ec-7b10-9713-74c445adf8a5"", ""../github-recovery-mirror/mirror/Central/issues/5.json"", ""../github-recovery-mirror/mirror/Central/issues/12.json"", ""central:74258b3"", ""central:d357e94"", ""reconcile:central-pr-132"", ""cradle:Central:w2-w4:PR-133""], ""code_basis"": {""ctrl/src/action.rs"": ""8956891ff55e96514266ca3ad00dbf80a0902f37e0d5a1fe18dadfe59cb6ca1b"", ""ctrl/src/control.rs"": ""8434c710179f59f9d8dee7832f4848cf238ed90b30b096f75df0e9506b1d30bb""}}, ""last_reconciled_at"": ""2026-09-09T15:11:26.113026+00:00""}",
central,product:central,product:central:ProjectCentral/user/capability-matrix.csv,product:central:ProjectCentral/user/capability-matrix.json,5206de5cca0fc214777ed09a466b3e4361a109069d8e33cae30e71c187e21615,bdf4aa9462db5c3745f353ea9b69e6ac765a4873984f87a8a66229531e99ca54,central,oi central action run <native-command-id> <input-json>,"[""machine.declaration""]",cap.central.machine-declaration,capability,,,,[],A person needs to state the environment they rely on so it can be inspected and recovered later.,machine.declaration reads a versioned machine-role source; machine.inspect asks available providers for the observed environment.,"The declaration records desired capabilities, packages, configuration and services; inspection supplies current observations for comparison. Editing the authored declaration changes the next reading directly.",source-inspected; Source and test definitions inspected; these tests were not executed in this documentation pass. Desktop and owner-machine acceptance is not established here.,agent-inference,../github-recovery-mirror/mirror/Central/issues/8.json;../github-recovery-mirror/mirror/Central/issues/13.json,ctrl/src/machine.rs,ctrl/tests/machine_declaration.rs;ctrl/tests/machine_plan.rs,central.html#q1/environment,,,"{""basis"": ""Source-recovered capability account; original verification limits retained in Markdown."", ""converted_from_sha256"": ""c305f22c02710fb8e246eac3ccd50651fa12f22d20da8c42c2c126e60530ec66"", ""cli_commands"": [""machine.declaration""], ""cli_exposure"": {""kind"": ""direct"", ""reason"": ""The listed native Action identities are invocable through ctrl action run and discoverable through ctrl action list.""}, ""maintenance"": {""updated_at"": ""2026-09-08"", ""change_refs"": [""codex:thread:01a07608-d2ec-7b10-9713-74c445adf8a5"", ""../github-recovery-mirror/mirror/Central/issues/8.json"", ""../github-recovery-mirror/mirror/Central/issues/13.json"", ""central:74258b3"", ""central:d357e94"", ""reconcile:central-pr-132""], ""code_basis"": {""ctrl/src/machine.rs"": ""0962157ecb5143e643e30b0c9f95d09ac87adcf47899a8471537162f9ed23db4""}}, ""last_reconciled_at"": ""2026-09-08T11:52:07.000112+00:00""}",
central,product:central,product:central:ProjectCentral/user/capability-matrix.csv,product:central:ProjectCentral/user/capability-matrix.json,5206de5cca0fc214777ed09a466b3e4361a109069d8e33cae30e71c187e21615,bdf4aa9462db5c3745f353ea9b69e6ac765a4873984f87a8a66229531e99ca54,central,oi central action run <native-command-id> <input-json>,"[""machine.account"",""machine.apply"",""machine.inspect"",""machine.plan"",""machine.verify"",""machine.adopt-current""]",cap.central.machine-reconciliation,capability,,,,[],A person needs to see what is missing and apply supported changes with a clear account of the result.,machine.plan compares desired and observed state; machine.apply delegates selected changes through Ports; machine.verify re-inspects the result.,"A structured plan distinguishes satisfied, changeable and unsupported requirements. Application reports complete, partial or failed outcomes and verification mismatches.",source-inspected; Source inspected; controller tests include fixture providers and were not run. Real workstation/server provider acceptance remains a separate physical gate in issues 16 and 17.,agent-inference,../github-recovery-mirror/mirror/Central/issues/9.json;../github-recovery-mirror/mirror/Central/issues/10.json;../github-recovery-mirror/mirror/Central/issues/16.json;../github-recovery-mirror/mirror/Central/issues/17.json,ctrl/src/machine.rs,ctrl/tests/machine_plan.rs;ctrl/tests/machine_reconciliation.rs,central.html#q1/environment,,,"{""basis"": ""Source-recovered capability account; original verification limits retained in Markdown."", ""converted_from_sha256"": ""c305f22c02710fb8e246eac3ccd50651fa12f22d20da8c42c2c126e60530ec66"", ""cli_commands"": [""machine.account"", ""machine.apply"", ""machine.inspect"", ""machine.plan"", ""machine.verify"", ""machine.adopt-current""], ""cli_exposure"": {""kind"": ""direct"", ""reason"": ""The listed native Action identities are invocable through ctrl action run and discoverable through ctrl action list.""}, ""maintenance"": {""updated_at"": ""2026-09-08"", ""change_refs"": [""codex:thread:01a07608-d2ec-7b10-9713-74c445adf8a5"", ""../github-recovery-mirror/mirror/Central/issues/9.json"", ""../github-recovery-mirror/mirror/Central/issues/10.json"", ""../github-recovery-mirror/mirror/Central/issues/16.json"", ""../github-recovery-mirror/mirror/Central/issues/17.json"", ""central:6167493"", ""reconcile:central-pr-132""], ""code_basis"": {""ctrl/src/machine.rs"": ""0962157ecb5143e643e30b0c9f95d09ac87adcf47899a8471537162f9ed23db4""}}, ""last_reconciled_at"": ""2026-09-08T11:52:07.000112+00:00""}",
central,product:central,product:central:ProjectCentral/user/capability-matrix.csv,product:central:ProjectCentral/user/capability-matrix.json,5206de5cca0fc214777ed09a466b3e4361a109069d8e33cae30e71c187e21615,bdf4aa9462db5c3745f353ea9b69e6ac765a4873984f87a8a66229531e99ca54,central,oi central action run <native-command-id> <input-json>,"[""central.recover"",""central.recovery.plan""]",cap.central.machine-recovery,capability,,,,[],"After a machine change or loss, a person needs a repeatable route back to their declared tools and configuration.","Recovery planning reads the role recovery declaration, previews synchronisation and environment reconciliation, then recovery delegates through providers and verifies.","The recovery report retains per-stage results and remaining differences. Recovery depends on the configured source, synchronisation and environment providers.",source-inspected; Source inspected; recovery controller tests include provider fixtures and were not run. Issue 21 records hosted provider proof; named owner-machine acceptance requires its own evidence.,agent-inference,../github-recovery-mirror/mirror/Central/issues/21.json;../github-recovery-mirror/mirror/Central/issues/16.json;../github-recovery-mirror/mirror/Central/issues/17.json,ctrl/src/recovery.rs,ctrl/tests/recovery.rs,central.html#q2/restore,,,"{""basis"": ""Source-recovered capability account; original verification limits retained in Markdown."", ""converted_from_sha256"": ""c305f22c02710fb8e246eac3ccd50651fa12f22d20da8c42c2c126e60530ec66"", ""cli_commands"": [""central.recover"", ""central.recovery.plan""], ""cli_exposure"": {""kind"": ""direct"", ""reason"": ""The listed native Action identities are invocable through ctrl action run and discoverable through ctrl action list.""}, ""maintenance"": {""updated_at"": ""2026-09-08"", ""change_refs"": [""codex:thread:01a07608-d2ec-7b10-9713-74c445adf8a5"", ""../github-recovery-mirror/mirror/Central/issues/21.json"", ""../github-recovery-mirror/mirror/Central/issues/16.json"", ""../github-recovery-mirror/mirror/Central/issues/17.json"", ""reconcile:central-pr-132""], ""code_basis"": {""ctrl/src/recovery.rs"": ""e0433ff26dedfcf0b15045a1be64a09b5f0f46934055e8d20ad7edbdc3b193ec""}}, ""last_reconciled_at"": ""2026-09-08T11:52:07.000112+00:00""}",
central,product:central,product:central:ProjectCentral/user/capability-matrix.csv,product:central:ProjectCentral/user/capability-matrix.json,5206de5cca0fc214777ed09a466b3e4361a109069d8e33cae30e71c187e21615,bdf4aa9462db5c3745f353ea9b69e6ac765a4873984f87a8a66229531e99ca54,central,oi central action run <native-command-id> <input-json>,"[""central.recognize"",""projectcentral.adopt"",""projectcentral.adopt.preview"",""projectcentral.doctor"",""projectcentral.init"",""projectcentral.inspect"",""projectcentral.migrate"",""projectcentral.migrate.preview""]",cap.central.projectcentral-lifecycle,capability,,,,[],A project needs stable source relationships and places for human ground and collaborative material as it develops.,"ProjectCentral inspect, init, adopt and migrate operations establish identity and selected source bindings with previews and provenance.",An ordinary project gains the ProjectCentral filesystem convention and root registration. Existing compatible sources can be adopted in place or explicitly migrated with retained history.,source-inspected; Source and test definitions inspected; these tests were not executed in this documentation pass. Desktop and owner-machine acceptance is not established here.,agent-inference,../github-recovery-mirror/mirror/Central/issues/65.json;../github-recovery-mirror/mirror/Central/issues/66.json;../github-recovery-mirror/mirror/Central/issues/67.json,ctrl/src/projectcentral.rs;ctrl/src/projectcentral_ops.rs,ctrl/src/projectcentral_ops.rs,central.html#q2/starting,,,"{""basis"": ""Source-recovered capability account; original verification limits retained in Markdown."", ""converted_from_sha256"": ""c305f22c02710fb8e246eac3ccd50651fa12f22d20da8c42c2c126e60530ec66"", ""cli_commands"": [""central.recognize"", ""projectcentral.adopt"", ""projectcentral.adopt.preview"", ""projectcentral.doctor"", ""projectcentral.init"", ""projectcentral.inspect"", ""projectcentral.migrate"", ""projectcentral.migrate.preview""], ""cli_exposure"": {""kind"": ""direct"", ""reason"": ""The listed native Action identities are invocable through ctrl action run and discoverable through ctrl action list.""}, ""maintenance"": {""updated_at"": ""2026-09-08"", ""change_refs"": [""codex:thread:01a07608-d2ec-7b10-9713-74c445adf8a5"", ""../github-recovery-mirror/mirror/Central/issues/65.json"", ""../github-recovery-mirror/mirror/Central/issues/66.json"", ""../github-recovery-mirror/mirror/Central/issues/67.json"", ""reconcile:central-pr-132""], ""code_basis"": {""ctrl/src/projectcentral.rs"": ""18bfe9bf4aebb435b71b020f99224e9abdf8bc71155265dd0fe90466bce4c88c"", ""ctrl/src/projectcentral_ops.rs"": ""6452207a8a1279f6fbf9bb02462d2e3af060bbce8e2878d17abb83f136eeef53""}}, ""last_reconciled_at"": ""2026-09-08T11:53:39.350344+00:00""}",
central,product:central,product:central:ProjectCentral/user/capability-matrix.csv,product:central:ProjectCentral/user/capability-matrix.json,5206de5cca0fc214777ed09a466b3e4361a109069d8e33cae30e71c187e21615,bdf4aa9462db5c3745f353ea9b69e6ac765a4873984f87a8a66229531e99ca54,central,oi central action run <native-command-id> <input-json>,"[""projectcentral.ground.apply"",""projectcentral.ground.inspect"",""projectcentral.ground.plan""]",cap.central.authored-ground,capability,,,,[],"A person wants existing vision, UX and design decisions available to collaborators without rewriting every source.","projectcentral.ground.inspect and plan discover candidates and propose treatments; apply records an explicitly accepted provenance, standing and role relation.",The recognised source becomes addressable as project ground while retaining its actual path and bytes. The current planner recommends source treatment; coherent intent recovery and authoring still require a human/agent workflow.,source-inspected; Selected native suites passed 2026-09-06: projectcentral_ground_actions. Other referenced tests were not rerun; physical desktop and owner-machine effects remain outside this selection.,agent-inference,../github-recovery-mirror/mirror/Central/issues/70.json;../github-recovery-mirror/mirror/Central/issues/104.json,ctrl/src/projectcentral_ground.rs,ctrl/tests/projectcentral_ground_actions.rs;ctrl/tests/projectcentral_ground_portable_real.rs,central.html#q1/ground,,,"{""basis"": ""Source-recovered capability account; original verification limits retained in Markdown."", ""converted_from_sha256"": ""c305f22c02710fb8e246eac3ccd50651fa12f22d20da8c42c2c126e60530ec66"", ""cli_commands"": [""projectcentral.ground.apply"", ""projectcentral.ground.inspect"", ""projectcentral.ground.plan""], ""cli_exposure"": {""kind"": ""direct"", ""reason"": ""The listed native Action identities are invocable through ctrl action run and discoverable through ctrl action list.""}, ""maintenance"": {""updated_at"": ""2026-09-08"", ""change_refs"": [""codex:thread:01a07608-d2ec-7b10-9713-74c445adf8a5"", ""../github-recovery-mirror/mirror/Central/issues/70.json"", ""../github-recovery-mirror/mirror/Central/issues/104.json"", ""reconcile:central-pr-132""], ""code_basis"": {""ctrl/src/projectcentral_ground.rs"": ""acb84b452b644b0a9efd074f4937e15d9dd1abb122cce63a9b815f6d1f7f3071""}}, ""last_reconciled_at"": ""2026-09-08T11:52:07.000112+00:00""}",
central,product:central,product:central:ProjectCentral/user/capability-matrix.csv,product:central:ProjectCentral/user/capability-matrix.json,5206de5cca0fc214777ed09a466b3e4361a109069d8e33cae30e71c187e21615,bdf4aa9462db5c3745f353ea9b69e6ac765a4873984f87a8a66229531e99ca54,central,oi central action run <native-command-id> <input-json>,"[""central.world"",""central.world.project""]",cap.central.world-map,capability,,,,[],"A person needs to locate work, current threads and source areas, including places whose structure is incomplete.","central.world and central.world.project read Control, projects, source relations, Flow, NOW and related wiki-space state.","A structured map centres on the root or one project and reports missing, partial and faulty areas alongside the available material. It supplies a navigable consumer read model.",source-inspected; Selected native suites passed 2026-09-06: world_map. Other referenced tests were not rerun; physical desktop and owner-machine effects remain outside this selection.,agent-inference,../github-recovery-mirror/mirror/Central/issues/51.json;../github-recovery-mirror/mirror/Central/issues/65.json;../github-recovery-mirror/mirror/Central/issues/76.json;../github-recovery-mirror/mirror/Central/issues/93.json,ctrl/src/world_map.rs,ctrl/tests/world_map.rs,central.html#q1/entry,,,"{""basis"": ""Source-recovered capability account; original verification limits retained in Markdown."", ""converted_from_sha256"": ""c305f22c02710fb8e246eac3ccd50651fa12f22d20da8c42c2c126e60530ec66"", ""cli_commands"": [""central.world"", ""central.world.project""], ""cli_exposure"": {""kind"": ""direct"", ""reason"": ""The listed native Action identities are invocable through ctrl action run and discoverable through ctrl action list.""}, ""maintenance"": {""updated_at"": ""2026-09-08"", ""change_refs"": [""codex:thread:01a07608-d2ec-7b10-9713-74c445adf8a5"", ""../github-recovery-mirror/mirror/Central/issues/51.json"", ""../github-recovery-mirror/mirror/Central/issues/65.json"", ""../github-recovery-mirror/mirror/Central/issues/76.json"", ""../github-recovery-mirror/mirror/Central/issues/93.json"", ""EpiLogos/Central#126 (W10 V1: central.pasu/v1 identity grammar; world-map/source-change/agent-profile carriers moved — code bases re-reviewed at this revision)"", ""reconcile:central-pr-132""], ""code_basis"": {""ctrl/src/world_map.rs"": ""f3427aa7efc243249bbf370f2cbf7d47c54de046a10d8b50a7d193345cd502ff""}}, ""last_reconciled_at"": ""2026-09-08T11:52:07.000112+00:00""}",
central,product:central,product:central:ProjectCentral/user/capability-matrix.csv,product:central:ProjectCentral/user/capability-matrix.json,5206de5cca0fc214777ed09a466b3e4361a109069d8e33cae30e71c187e21615,bdf4aa9462db5c3745f353ea9b69e6ac765a4873984f87a8a66229531e99ca54,central,oi central action run <native-command-id> <input-json>,"[""central.world.reproject.apply"",""central.world.reproject.plan""]",cap.central.reproject,capability,,,,[],An existing project should gain current facilities while preserving its accumulated files.,central.world.reproject.plan lists missing canonical scaffold; reproject.apply stamps only missing structure.,The receipt identifies added scaffolding and retained existing material. This additive repair covers missing structure; full source reorganisation and installed-world migration remain broader work.,source-inspected; Selected native suites passed 2026-09-06: world_map. Other referenced tests were not rerun; physical desktop and owner-machine effects remain outside this selection.,agent-inference,../github-recovery-mirror/mirror/Central/issues/67.json;../github-recovery-mirror/mirror/Central/issues/76.json,ctrl/src/world_map.rs,ctrl/tests/world_map.rs,central.html#q3/tree,,,"{""basis"": ""Source-recovered capability account; original verification limits retained in Markdown."", ""converted_from_sha256"": ""c305f22c02710fb8e246eac3ccd50651fa12f22d20da8c42c2c126e60530ec66"", ""cli_commands"": [""central.world.reproject.apply"", ""central.world.reproject.plan""], ""cli_exposure"": {""kind"": ""direct"", ""reason"": ""The listed native Action identities are invocable through ctrl action run and discoverable through ctrl action list.""}, ""maintenance"": {""updated_at"": ""2026-09-08"", ""change_refs"": [""codex:thread:01a07608-d2ec-7b10-9713-74c445adf8a5"", ""../github-recovery-mirror/mirror/Central/issues/67.json"", ""../github-recovery-mirror/mirror/Central/issues/76.json"", ""EpiLogos/Central#126 (W10 V1: central.pasu/v1 identity grammar; world-map/source-change/agent-profile carriers moved — code bases re-reviewed at this revision)"", ""reconcile:central-pr-132""], ""code_basis"": {""ctrl/src/world_map.rs"": ""f3427aa7efc243249bbf370f2cbf7d47c54de046a10d8b50a7d193345cd502ff""}}, ""last_reconciled_at"": ""2026-09-08T11:52:07.000112+00:00""}",
central,product:central,product:central:ProjectCentral/user/capability-matrix.csv,product:central:ProjectCentral/user/capability-matrix.json,5206de5cca0fc214777ed09a466b3e4361a109069d8e33cae30e71c187e21615,bdf4aa9462db5c3745f353ea9b69e6ac765a4873984f87a8a66229531e99ca54,central,oi central action run <native-command-id> <input-json>,"[""projectcentral.source.read""]",cap.central.source-reading,capability,,,,[],A reader needs to inspect the material underlying an account or decision and know which revision they are seeing.,read_world_source resolves one participating SourceRef and checks retrieval eligibility.,"The reading contains source content, exact revision and provenance. Masked or non-participating sources produce an explicit refusal.",source-inspected; Selected native suites passed 2026-09-06: world_source_actions. Other referenced tests were not rerun; physical desktop and owner-machine effects remain outside this selection.,agent-inference,../github-recovery-mirror/mirror/Central/issues/70.json;../github-recovery-mirror/mirror/Central/issues/89.json;../github-recovery-mirror/mirror/Central/issues/100.json,ctrl/src/world_source.rs,ctrl/tests/world_source_actions.rs,central.html#q1/ground,,,"{""basis"": ""Source-recovered capability account; original verification limits retained in Markdown."", ""converted_from_sha256"": ""c305f22c02710fb8e246eac3ccd50651fa12f22d20da8c42c2c126e60530ec66"", ""cli_commands"": [""projectcentral.source.read""], ""cli_exposure"": {""kind"": ""direct"", ""reason"": ""The listed native Action identities are invocable through ctrl action run and discoverable through ctrl action list.""}, ""maintenance"": {""updated_at"": ""2026-09-08"", ""change_refs"": [""codex:thread:01a07608-d2ec-7b10-9713-74c445adf8a5"", ""../github-recovery-mirror/mirror/Central/issues/70.json"", ""../github-recovery-mirror/mirror/Central/issues/89.json"", ""../github-recovery-mirror/mirror/Central/issues/100.json"", ""reconcile:central-pr-132""], ""code_basis"": {""ctrl/src/world_source.rs"": ""bdfc596671d3c92377ddcb02b6a92e1210bf5de5ada71dc6f340428bce30fe0a""}}, ""last_reconciled_at"": ""2026-09-08T11:52:07.000112+00:00""}",
central,product:central,product:central:ProjectCentral/user/capability-matrix.csv,product:central:ProjectCentral/user/capability-matrix.json,5206de5cca0fc214777ed09a466b3e4361a109069d8e33cae30e71c187e21615,bdf4aa9462db5c3745f353ea9b69e6ac765a4873984f87a8a66229531e99ca54,central,oi central action run <native-command-id> <input-json>,"[""projectcentral.source.return"",""projectcentral.source.return_accept"",""projectcentral.source.return_read"",""projectcentral.source.return_reject"",""projectcentral.source.returns"",""projectcentral.source.write""]",cap.central.source-editing,capability,,,,[],"A person and an agent may both change a file between reads, so each edit needs a known basis.","write_world_source checks the expected content revision and actor attribution, then writes or returns the appropriate proposal.",Accepted edits emit attributed source-change records. A stale basis produces a conflict; agent changes to recognised human ground return through proposal authority.,source-inspected; Selected native suites passed 2026-09-06: world_source_actions. Other referenced tests were not rerun; physical desktop and owner-machine effects remain outside this selection.,agent-inference,../github-recovery-mirror/mirror/Central/issues/70.json;../github-recovery-mirror/mirror/Central/issues/89.json;../github-recovery-mirror/mirror/Central/issues/100.json,ctrl/src/world_source.rs,ctrl/tests/world_source_actions.rs,central.html#q2/recognised-ground,,,"{""basis"": ""Source-recovered capability account; original verification limits retained in Markdown."", ""converted_from_sha256"": ""c305f22c02710fb8e246eac3ccd50651fa12f22d20da8c42c2c126e60530ec66"", ""cli_commands"": [""projectcentral.source.return"", ""projectcentral.source.return_accept"", ""projectcentral.source.return_read"", ""projectcentral.source.return_reject"", ""projectcentral.source.returns"", ""projectcentral.source.write""], ""cli_exposure"": {""kind"": ""direct"", ""reason"": ""The listed native Action identities are invocable through ctrl action run and discoverable through ctrl action list.""}, ""maintenance"": {""updated_at"": ""2026-09-08"", ""change_refs"": [""codex:thread:01a07608-d2ec-7b10-9713-74c445adf8a5"", ""../github-recovery-mirror/mirror/Central/issues/70.json"", ""../github-recovery-mirror/mirror/Central/issues/89.json"", ""../github-recovery-mirror/mirror/Central/issues/100.json"", ""reconcile:central-pr-132""], ""code_basis"": {""ctrl/src/world_source.rs"": ""bdfc596671d3c92377ddcb02b6a92e1210bf5de5ada71dc6f340428bce30fe0a""}}, ""last_reconciled_at"": ""2026-09-08T11:53:39.350344+00:00""}",
central,product:central,product:central:ProjectCentral/user/capability-matrix.csv,product:central:ProjectCentral/user/capability-matrix.json,5206de5cca0fc214777ed09a466b3e4361a109069d8e33cae30e71c187e21615,bdf4aa9462db5c3745f353ea9b69e6ac765a4873984f87a8a66229531e99ca54,central,oi central action run <native-command-id> <input-json>,"[""projectcentral.change.ack"",""projectcentral.change.horizon"",""projectcentral.change.reconcile""]",cap.central.source-change,capability,,,,[],People need to keep using ordinary editors while later sessions discover relevant source changes.,Project and Control reconciliation observes content revisions; horizon reads expose ordered changes since a consumer cursor and recover offline edits.,"Consumers receive source identities, revisions and retained standing without reading every payload. The horizon records change; interpretation and follow-up belong to its consumers.",source-inspected; Selected native suites passed 2026-09-06: source_change_horizon. Other referenced tests were not rerun; physical desktop and owner-machine effects remain outside this selection.,agent-inference,../github-recovery-mirror/mirror/Central/issues/89.json,ctrl/src/source_horizon.rs,ctrl/tests/source_change_horizon.rs;ctrl/tests/source_change_authority_override.rs,central.html#q3/contracts,,,"{""basis"": ""Source-recovered capability account; original verification limits retained in Markdown."", ""cli_commands"": [""projectcentral.change.ack"", ""projectcentral.change.horizon"", ""projectcentral.change.reconcile""], ""cli_exposure"": {""kind"": ""direct"", ""reason"": ""The listed native Action identities are invocable through ctrl action run and discoverable through ctrl action list.""}, ""code_basis"": {""ctrl/src/source_horizon.rs"": ""0b8f7d34f204ec336a671c91f4acfb0dae3b1a3e5bc5d9e7f4735d6a44687d99""}, ""converted_from_sha256"": ""c305f22c02710fb8e246eac3ccd50651fa12f22d20da8c42c2c126e60530ec66"", ""last_reconciled_at"": ""2026-09-10T00:16:24.167668+00:00"", ""maintenance"": {""change_refs"": [""codex:thread:01a07608-d2ec-7b10-9713-74c445adf8a5"", ""../github-recovery-mirror/mirror/Central/issues/89.json"", ""EpiLogos/Central#126 (W10 V1: central.pasu/v1 identity grammar; world-map/source-change/agent-profile carriers moved — code bases re-reviewed at this revision)"", ""reconcile:central-pr-132"", ""cradle:Central:w2-w4:PR-133"", ""EpiLogos/Central#134 (Flows belong to a register; Central root is one)"", ""EpiLogos/Central#139""], ""code_basis"": {""ctrl/src/source_horizon.rs"": ""0b8f7d34f204ec336a671c91f4acfb0dae3b1a3e5bc5d9e7f4735d6a44687d99""}, ""updated_at"": ""2026-09-10""}}",
central,product:central,product:central:ProjectCentral/user/capability-matrix.csv,product:central:ProjectCentral/user/capability-matrix.json,5206de5cca0fc214777ed09a466b3e4361a109069d8e33cae30e71c187e21615,bdf4aa9462db5c3745f353ea9b69e6ac765a4873984f87a8a66229531e99ca54,central,oi central action run <native-command-id> <input-json>,"[""projectcentral.source.compare"",""projectcentral.source.history"",""projectcentral.source.recovery.preview""]",cap.central.source-history,capability,,,,[],A person needs to understand how a source changed or retrieve a prior version before deciding what to restore.,"projectcentral.source.history, compare and recovery.preview request bounded history from an optional native provider and check the current recovery basis.","The caller receives revision entries, differences or historical content. Applying recovered content uses the normal source-write/proposal path; the preview itself leaves current content unchanged.","source-inspected; Source inspected; real Git connector test and controller fixture test inspected, neither executed. Full provider-to-recovery user acceptance is not established here.",agent-inference,../github-recovery-mirror/mirror/Central/issues/100.json,ctrl/src/source_history.rs;connectors/git-sync/src/source_history.rs,connectors/git-sync/src/source_history.rs;ctrl/src/source_history.rs,central.html#q3/contracts,,,"{""basis"": ""Source-recovered capability account; original verification limits retained in Markdown."", ""converted_from_sha256"": ""c305f22c02710fb8e246eac3ccd50651fa12f22d20da8c42c2c126e60530ec66"", ""cli_commands"": [""projectcentral.source.compare"", ""projectcentral.source.history"", ""projectcentral.source.recovery.preview""], ""cli_exposure"": {""kind"": ""direct"", ""reason"": ""The listed native Action identities are invocable through ctrl action run and discoverable through ctrl action list.""}, ""maintenance"": {""updated_at"": ""2026-09-08"", ""change_refs"": [""codex:thread:01a07608-d2ec-7b10-9713-74c445adf8a5"", ""../github-recovery-mirror/mirror/Central/issues/100.json"", ""reconcile:central-pr-132""], ""code_basis"": {""ctrl/src/source_history.rs"": ""1407fa32db1b3f3ede7585e6602b17c58fdb843c99391f10b0c5f2924c9c4401"", ""connectors/git-sync/src/source_history.rs"": ""2ead2869e3cf02ed79036cfd25a682188cc1886a9cd59251e0bffa4d6c065a76""}}, ""last_reconciled_at"": ""2026-09-08T11:52:07.000112+00:00""}",
central,product:central,product:central:ProjectCentral/user/capability-matrix.csv,product:central:ProjectCentral/user/capability-matrix.json,5206de5cca0fc214777ed09a466b3e4361a109069d8e33cae30e71c187e21615,bdf4aa9462db5c3745f353ea9b69e6ac765a4873984f87a8a66229531e99ca54,central,oi central action run <native-command-id> <input-json>,"[""projectcentral.now.init"",""projectcentral.now.inspect"",""projectcentral.now.return"",""projectcentral.now.update""]",cap.central.now,capability,,,,[],"Current scratch, questions and handoffs need to remain available after a chat ends.","projectcentral.now.init and inspect establish/read the temporal field; now.return and update record attributed questions, notes and handoffs with lifecycle and external references.","The next session can recover human scratch and bounded agent returns from files, including open work and supporting evidence references.",source-inspected; Selected native suites passed 2026-09-06: projectcentral_now. Other referenced tests were not rerun; physical desktop and owner-machine effects remain outside this selection.,agent-inference,../github-recovery-mirror/mirror/Central/issues/74.json,ctrl/src/projectcentral_now.rs,ctrl/tests/projectcentral_now.rs;ctrl/tests/projectcentral_now_portable_real.rs,central.html#q2/resume,,,"{""basis"": ""Source-recovered capability account; original verification limits retained in Markdown."", ""cli_commands"": [""projectcentral.now.init"", ""projectcentral.now.inspect"", ""projectcentral.now.return"", ""projectcentral.now.update""], ""cli_exposure"": {""kind"": ""direct"", ""reason"": ""The listed native Action identities are invocable through ctrl action run and discoverable through ctrl action list.""}, ""code_basis"": {""ctrl/src/projectcentral_now.rs"": ""1945e79ed845aab5c4db1f83df8cf37eb270a5941494ff3c42accc65618e6098""}, ""converted_from_sha256"": ""c305f22c02710fb8e246eac3ccd50651fa12f22d20da8c42c2c126e60530ec66"", ""last_reconciled_at"": ""2026-09-10T00:16:24.167668+00:00"", ""maintenance"": {""change_refs"": [""codex:thread:01a07608-d2ec-7b10-9713-74c445adf8a5"", ""../github-recovery-mirror/mirror/Central/issues/74.json"", ""EpiLogos/Central#127 (W10 V2: agent-set/world persistence Actions + attribution seam; cli/now/agent-profile carriers moved — code bases re-reviewed at this revision)"", ""reconcile:central-pr-132"", ""EpiLogos/Central#134 (Flows belong to a register; Central root is one)"", ""EpiLogos/Central#139""], ""code_basis"": {""ctrl/src/projectcentral_now.rs"": ""1945e79ed845aab5c4db1f83df8cf37eb270a5941494ff3c42accc65618e6098""}, ""updated_at"": ""2026-09-10""}}",
central,product:central,product:central:ProjectCentral/user/capability-matrix.csv,product:central:ProjectCentral/user/capability-matrix.json,5206de5cca0fc214777ed09a466b3e4361a109069d8e33cae30e71c187e21615,bdf4aa9462db5c3745f353ea9b69e6ac765a4873984f87a8a66229531e99ca54,central,oi central action run <native-command-id> <input-json>,"[""projectcentral.now.promote"",""projectcentral.now.rollover""]",cap.central.day-rollover,capability,,,,[],A person needs a dated account of work while keeping unfinished material available and promoting useful findings deliberately.,now.rollover snapshots the chosen local civil day and carries live material; now.promote records the move from temporal material toward a durable owner.,"DAY records preserve source state and carry-forward decisions. Eligible completed clutter can clear; protected material remains. Agent promotion returns material to wiki ownership, where semantic integration is a later operation.",source-inspected; Selected native suites passed 2026-09-06: projectcentral_now. Other referenced tests were not rerun; physical desktop and owner-machine effects remain outside this selection.,agent-inference,../github-recovery-mirror/mirror/Central/issues/74.json;../github-recovery-mirror/mirror/Central/issues/93.json,ctrl/src/projectcentral_now.rs,ctrl/tests/projectcentral_now.rs;ctrl/tests/projectcentral_now_portable_real.rs,central.html#q2/resume,,,"{""basis"": ""Source-recovered capability account; original verification limits retained in Markdown."", ""cli_commands"": [""projectcentral.now.promote"", ""projectcentral.now.rollover""], ""cli_exposure"": {""kind"": ""direct"", ""reason"": ""The listed native Action identities are invocable through ctrl action run and discoverable through ctrl action list.""}, ""code_basis"": {""ctrl/src/projectcentral_now.rs"": ""1945e79ed845aab5c4db1f83df8cf37eb270a5941494ff3c42accc65618e6098""}, ""converted_from_sha256"": ""c305f22c02710fb8e246eac3ccd50651fa12f22d20da8c42c2c126e60530ec66"", ""last_reconciled_at"": ""2026-09-10T00:16:24.167668+00:00"", ""maintenance"": {""change_refs"": [""codex:thread:01a07608-d2ec-7b10-9713-74c445adf8a5"", ""../github-recovery-mirror/mirror/Central/issues/74.json"", ""../github-recovery-mirror/mirror/Central/issues/93.json"", ""EpiLogos/Central#127 (W10 V2: agent-set/world persistence Actions + attribution seam; cli/now/agent-profile carriers moved — code bases re-reviewed at this revision)"", ""reconcile:central-pr-132"", ""EpiLogos/Central#134 (Flows belong to a register; Central root is one)"", ""EpiLogos/Central#139""], ""code_basis"": {""ctrl/src/projectcentral_now.rs"": ""1945e79ed845aab5c4db1f83df8cf37eb270a5941494ff3c42accc65618e6098""}, ""updated_at"": ""2026-09-10""}}",
central,product:central,product:central:ProjectCentral/user/capability-matrix.csv,product:central:ProjectCentral/user/capability-matrix.json,5206de5cca0fc214777ed09a466b3e4361a109069d8e33cae30e71c187e21615,bdf4aa9462db5c3745f353ea9b69e6ac765a4873984f87a8a66229531e99ca54,central,oi central action run <native-command-id> <input-json>,"[""projectcentral.flow.adopt"",""projectcentral.flow.create"",""projectcentral.flow.history"",""projectcentral.flow.inspect"",""projectcentral.flow.lifecycle"",""projectcentral.flow.list"",""projectcentral.flow.read"",""projectcentral.flow.rename"",""projectcentral.flow.write"",""projectcentral.flow.now""]",cap.central.flow,capability,,,,[],"A developing idea needs continuity across sessions, days and changes of filename.",Flow create/adopt/read/write/rename/lifecycle/history operations maintain a stable FlowRef and revision-safe ordinary-file content.,"One thread retains identity while active, dormant or closed; renaming preserves continuity and DAY snapshots retain earlier states. Desktop conversation and knowledge interpretation consume this source lifecycle.",source-inspected; Selected native suites passed 2026-09-06: projectcentral_flow. Other referenced tests were not rerun; physical desktop and owner-machine effects remain outside this selection.,agent-inference,../github-recovery-mirror/mirror/Central/issues/93.json,ctrl/src/projectcentral_flow.rs,ctrl/tests/projectcentral_flow.rs,central.html#q2/develop-thought,,,"{""basis"": ""Source-recovered capability account; original verification limits retained in Markdown."", ""cli_commands"": [""projectcentral.flow.adopt"", ""projectcentral.flow.create"", ""projectcentral.flow.history"", ""projectcentral.flow.inspect"", ""projectcentral.flow.lifecycle"", ""projectcentral.flow.list"", ""projectcentral.flow.read"", ""projectcentral.flow.rename"", ""projectcentral.flow.write"", ""projectcentral.flow.now""], ""cli_exposure"": {""kind"": ""direct"", ""reason"": ""The listed native Action identities are invocable through ctrl action run and discoverable through ctrl action list.""}, ""code_basis"": {""ctrl/src/projectcentral_flow.rs"": ""ed3db1c6d0025da517db7bb5c14811e554e21009faf8b9dfba73709c64a2cda9""}, ""converted_from_sha256"": ""c305f22c02710fb8e246eac3ccd50651fa12f22d20da8c42c2c126e60530ec66"", ""last_reconciled_at"": ""2026-09-10T00:16:24.167668+00:00"", ""maintenance"": {""change_refs"": [""codex:thread:01a07608-d2ec-7b10-9713-74c445adf8a5"", ""../github-recovery-mirror/mirror/Central/issues/93.json"", ""reconcile:central-pr-132"", ""cradle:Central:w2-w4:PR-133"", ""EpiLogos/Central#134 (Flows belong to a register; Central root is one)"", ""EpiLogos/Central#139""], ""code_basis"": {""ctrl/src/projectcentral_flow.rs"": ""ed3db1c6d0025da517db7bb5c14811e554e21009faf8b9dfba73709c64a2cda9""}, ""updated_at"": ""2026-09-10""}}",
central,product:central,product:central:ProjectCentral/user/capability-matrix.csv,product:central:ProjectCentral/user/capability-matrix.json,5206de5cca0fc214777ed09a466b3e4361a109069d8e33cae30e71c187e21615,bdf4aa9462db5c3745f353ea9b69e6ac765a4873984f87a8a66229531e99ca54,central,oi central action run <native-command-id> <input-json>,"[""central.template.preview"",""central.template.stamp"",""control.engineering-ground.plan"",""control.engineering-ground.render""]",cap.central.governance,capability,,,,[],A person needs durable collaboration preferences and local engineering rules that can be found and revised in their owning scope.,"Root/project governance inspection discovers recognised sources and native candidates; accepted relations record scope, roles and provenance. central.template.preview/stamp expose additive source templates; control.engineering-ground.plan/render maintain the derived engineering prompt from its source.",Guidance remains inspectable in its native location with personal and project applicability. Runtime activation and precedence are resolved by the consuming harness/AIKit layer.,source-inspected; Selected native suites passed 2026-09-06: agent_governance. Other referenced tests were not rerun; physical desktop and owner-machine effects remain outside this selection.,agent-inference,../github-recovery-mirror/mirror/Central/issues/72.json;../github-recovery-mirror/mirror/Central/issues/104.json,ctrl/src/agent_governance.rs;ctrl/src/template_stamp.rs;ctrl/src/engineering_ground.rs,ctrl/tests/agent_governance.rs,central.html#q1/practice,,,"{""basis"": ""Source-recovered capability account; original verification limits retained in Markdown."", ""converted_from_sha256"": ""c305f22c02710fb8e246eac3ccd50651fa12f22d20da8c42c2c126e60530ec66"", ""cli_commands"": [""central.template.preview"", ""central.template.stamp"", ""control.engineering-ground.plan"", ""control.engineering-ground.render""], ""cli_exposure"": {""kind"": ""direct"", ""reason"": ""The listed native Action identities are invocable through ctrl action run and discoverable through ctrl action list.""}, ""maintenance"": {""updated_at"": ""2026-09-08"", ""change_refs"": [""codex:thread:01a07608-d2ec-7b10-9713-74c445adf8a5"", ""../github-recovery-mirror/mirror/Central/issues/72.json"", ""../github-recovery-mirror/mirror/Central/issues/104.json"", ""central:74258b3"", ""central:d357e94"", ""reconcile:central-pr-132""], ""code_basis"": {""ctrl/src/agent_governance.rs"": ""3dcc5f060786973e6f6695eaf53729b28d48514bfbcde517fd2e7707230b8391"", ""ctrl/src/template_stamp.rs"": ""cdd3b6cad5eeb39868068fbaff8f2bcc80505c8f6ad4978d584c782a27a30645"", ""ctrl/src/engineering_ground.rs"": ""88d8fb7b27b0107a840c29c611ec96f4726af570e0635ca27ad2a25ad1789cb7""}}, ""last_reconciled_at"": ""2026-09-08T11:52:07.000112+00:00""}",
central,product:central,product:central:ProjectCentral/user/capability-matrix.csv,product:central:ProjectCentral/user/capability-matrix.json,5206de5cca0fc214777ed09a466b3e4361a109069d8e33cae30e71c187e21615,bdf4aa9462db5c3745f353ea9b69e6ac765a4873984f87a8a66229531e99ca54,central,oi central action run <native-command-id> <input-json>,"[""control.skills.inspect"",""control.skills.restore"",""control.skills.retire""]",cap.central.skills,capability,,,,[],People need reusable skills to remain discoverable while outdated methods can be withdrawn and later restored.,"control.skills.inspect reads personal, machine and project scope; retire and restore update a skill manifest with lifecycle provenance.",Retirement records actor and reason while retaining the skill body. Source changes participate in the horizon. Contextual Method composition and runtime use are consumer responsibilities.,source-inspected; Selected native suites passed 2026-09-06: control_skills. Other referenced tests were not rerun; physical desktop and owner-machine effects remain outside this selection.,agent-inference,../github-recovery-mirror/mirror/Central/issues/82.json,ctrl/src/control_skills.rs,ctrl/tests/control_skills.rs,central.html#q1/practice,,,"{""basis"": ""Source-recovered capability account; original verification limits retained in Markdown."", ""converted_from_sha256"": ""c305f22c02710fb8e246eac3ccd50651fa12f22d20da8c42c2c126e60530ec66"", ""cli_commands"": [""control.skills.inspect"", ""control.skills.restore"", ""control.skills.retire""], ""cli_exposure"": {""kind"": ""direct"", ""reason"": ""The listed native Action identities are invocable through ctrl action run and discoverable through ctrl action list.""}, ""maintenance"": {""updated_at"": ""2026-09-08"", ""change_refs"": [""codex:thread:01a07608-d2ec-7b10-9713-74c445adf8a5"", ""../github-recovery-mirror/mirror/Central/issues/82.json"", ""reconcile:central-pr-132""], ""code_basis"": {""ctrl/src/control_skills.rs"": ""f9ff1bbfd2fd3fe73719a096c5d873a67f9e3751b9c7a71996466ccdc0754dfa""}}, ""last_reconciled_at"": ""2026-09-08T11:52:07.000112+00:00""}",
central,product:central,product:central:ProjectCentral/user/capability-matrix.csv,product:central:ProjectCentral/user/capability-matrix.json,5206de5cca0fc214777ed09a466b3e4361a109069d8e33cae30e71c187e21615,bdf4aa9462db5c3745f353ea9b69e6ac765a4873984f87a8a66229531e99ca54,central,oi central action run <native-command-id> <input-json>,"[""agent-profile.list"",""agent-profile.read"",""agent-profile.remove"",""agent-profile.save"",""agent-profile.propose""]",cap.central.agent-profiles,capability,,,,[],A person needs durable agent configuration that survives sessions and can vary between personal and project work.,agent-profile.list/read/save/remove operate on source-backed profiles; saves and removals use expected revisions where required.,The profile stores references for an existing Agent in its selected scope and returns a write/removal receipt. It is a saved configuration relation; effective runtime resolution requires the consuming agent system.,source-inspected; Source and test definitions inspected; these tests were not executed in this documentation pass. Desktop and owner-machine acceptance is not established here.,agent-inference,../github-recovery-mirror/mirror/Central/issues/108.json;../github-recovery-mirror/mirror/Central/issues/112.json;../github-recovery-mirror/mirror/Central/issues/118.json,ctrl/src/agent_profile_actions.rs;ctrl/src/agent_profile_store.rs;ctrl/src/agent_profile.rs,ctrl/src/agent_profile_actions.rs,central.html#q2/reuse-practice,,,"{""basis"": ""Source-recovered capability account; original verification limits retained in Markdown."", ""converted_from_sha256"": ""c305f22c02710fb8e246eac3ccd50651fa12f22d20da8c42c2c126e60530ec66"", ""cli_commands"": [""agent-profile.list"", ""agent-profile.read"", ""agent-profile.remove"", ""agent-profile.save"", ""agent-profile.propose""], ""cli_exposure"": {""kind"": ""direct"", ""reason"": ""The listed native Action identities are invocable through ctrl action run and discoverable through ctrl action list.""}, ""maintenance"": {""updated_at"": ""2026-09-10"", ""change_refs"": [""codex:thread:01a07608-d2ec-7b10-9713-74c445adf8a5"", ""../github-recovery-mirror/mirror/Central/issues/108.json"", ""../github-recovery-mirror/mirror/Central/issues/112.json"", ""../github-recovery-mirror/mirror/Central/issues/118.json"", ""EpiLogos/Central#126 (W10 V1: central.pasu/v1 identity grammar; world-map/source-change/agent-profile carriers moved — code bases re-reviewed at this revision)"", ""reconcile:central-pr-132"", ""cradle:Central:w2-w4:PR-133"", ""EpiLogos/Central#148""], ""code_basis"": {""ctrl/src/agent_profile_actions.rs"": ""3b88569699dee2746b3537d7145e6a49aba80279a3c5c122488e5895d31c5669"", ""ctrl/src/agent_profile_store.rs"": ""96784994e27b167f79e5b33934f42bfce343457af7076b32e58ae05752d60420"", ""ctrl/src/agent_profile.rs"": ""53ff9454c9f32568a5473fb5e0e6a93b5f8be953f38f776017c33f943c60042a""}}, ""last_reconciled_at"": ""2026-09-10T10:09:05.029612+00:00""}",
central,product:central,product:central:ProjectCentral/user/capability-matrix.csv,product:central:ProjectCentral/user/capability-matrix.json,5206de5cca0fc214777ed09a466b3e4361a109069d8e33cae30e71c187e21615,bdf4aa9462db5c3745f353ea9b69e6ac765a4873984f87a8a66229531e99ca54,central,oi central action run <native-command-id> <input-json>,[],cap.central.personal-surface,capability,,,,[],"A person needs an understandable entry into their own preferences, agent guidance, machines and projects.",personal.show reads the actual Central root and projects its principal areas.,"The public read model presents You, Agents, Machines and Work with their filesystem locations for a desktop or other surface to display.",source-inspected; Source and test definitions inspected; these tests were not executed in this documentation pass. Desktop and owner-machine acceptance is not established here.,agent-inference,../github-recovery-mirror/mirror/Central/issues/51.json,ctrl/src/personal.rs,ctrl/src/personal.rs,central.html#q1/entry,,,"{""basis"": ""Source-recovered capability account; original verification limits retained in Markdown."", ""converted_from_sha256"": ""c305f22c02710fb8e246eac3ccd50651fa12f22d20da8c42c2c126e60530ec66"", ""cli_commands"": [], ""cli_exposure"": {""kind"": ""composed"", ""reason"": ""The personal surface composes Control and World operations; it is not an additional Action identity.""}, ""maintenance"": {""updated_at"": ""2026-09-08"", ""change_refs"": [""codex:thread:01a07608-d2ec-7b10-9713-74c445adf8a5"", ""../github-recovery-mirror/mirror/Central/issues/51.json"", ""reconcile:central-pr-132""], ""code_basis"": {""ctrl/src/personal.rs"": ""8b61fa887e574b1f09d4cb19635e5fd2ee8e62d85aa6f6940a9c7d21921e4415""}}, ""last_reconciled_at"": ""2026-09-08T11:52:07.000112+00:00""}",
central,product:central,product:central:ProjectCentral/user/capability-matrix.csv,product:central:ProjectCentral/user/capability-matrix.json,5206de5cca0fc214777ed09a466b3e4361a109069d8e33cae30e71c187e21615,bdf4aa9462db5c3745f353ea9b69e6ac765a4873984f87a8a66229531e99ca54,central,oi central action run <native-command-id> <input-json>,[],cap.central.control-proposals,capability,,,,[],An agent suggestion needs a visible review step before it becomes lasting personal or collaboration source.,control.propose-change stores proposed content and reason; review-proposal exposes it; apply-proposal records acceptance and writes the selected target.,The person can inspect the proposed change before source mutation. Accepted application updates the actual Control file and retains a proposal receipt.,source-inspected; Source and test definitions inspected; these tests were not executed in this documentation pass. Desktop and owner-machine acceptance is not established here.,agent-inference,../github-recovery-mirror/mirror/Central/issues/51.json,ctrl/src/personal.rs,ctrl/src/personal.rs,central.html#q2/recognised-ground,,,"{""basis"": ""Source-recovered capability account; original verification limits retained in Markdown."", ""converted_from_sha256"": ""c305f22c02710fb8e246eac3ccd50651fa12f22d20da8c42c2c126e60530ec66"", ""cli_commands"": [], ""cli_exposure"": {""kind"": ""library"", ""reason"": ""The personal source proposal API is a library operation; no proposal Action is declared in the current core CLI registry.""}, ""maintenance"": {""updated_at"": ""2026-09-08"", ""change_refs"": [""codex:thread:01a07608-d2ec-7b10-9713-74c445adf8a5"", ""../github-recovery-mirror/mirror/Central/issues/51.json"", ""reconcile:central-pr-132""], ""code_basis"": {""ctrl/src/personal.rs"": ""8b61fa887e574b1f09d4cb19635e5fd2ee8e62d85aa6f6940a9c7d21921e4415""}}, ""last_reconciled_at"": ""2026-09-08T11:52:07.000112+00:00""}",
central,product:central,product:central:ProjectCentral/user/capability-matrix.csv,product:central:ProjectCentral/user/capability-matrix.json,5206de5cca0fc214777ed09a466b3e4361a109069d8e33cae30e71c187e21615,bdf4aa9462db5c3745f353ea9b69e6ac765a4873984f87a8a66229531e99ca54,central,oi central action run <native-command-id> <input-json>,[],cap.central.notification,capability,,,,[],A task needs to alert the person through the installed machine while retaining which work caused the request.,"personal.notify routes title/body, subject and caller lineage through the UserNotification Port to an available provider.","A provider receipt reports delivery or degradation; the macOS connector uses Notification Center via osascript. Delivery records an attention request, while any subsequent decision remains separately recorded.",source-inspected; Source inspected; controller tests use notification fixtures and were not run. Physical permission/delivery and complete desktop acceptance are not established here.,agent-inference,../github-recovery-mirror/mirror/Central/issues/52.json,ctrl/src/personal.rs;crates/connector-sdk/src/notification.rs,ctrl/tests/oi_watch_notification_conformance.rs;ctrl/src/personal.rs,central.html#q3/interaction,,,"{""basis"": ""Source-recovered capability account; original verification limits retained in Markdown."", ""converted_from_sha256"": ""c305f22c02710fb8e246eac3ccd50651fa12f22d20da8c42c2c126e60530ec66"", ""cli_commands"": [], ""cli_exposure"": {""kind"": ""library"", ""reason"": ""Notification is a provider-neutral library Port consumed by surfaces/connectors; the core CLI does not declare a notification Action.""}, ""maintenance"": {""updated_at"": ""2026-09-08"", ""change_refs"": [""codex:thread:01a07608-d2ec-7b10-9713-74c445adf8a5"", ""../github-recovery-mirror/mirror/Central/issues/52.json"", ""reconcile:central-pr-132""], ""code_basis"": {""ctrl/src/personal.rs"": ""8b61fa887e574b1f09d4cb19635e5fd2ee8e62d85aa6f6940a9c7d21921e4415"", ""crates/connector-sdk/src/notification.rs"": ""30f20a2ecb5d6c429332faa0e56bb10df2348a067d35e5ef4226909e46e17b7a""}}, ""last_reconciled_at"": ""2026-09-08T11:52:07.000112+00:00""}",
central,product:central,product:central:ProjectCentral/user/capability-matrix.csv,product:central:ProjectCentral/user/capability-matrix.json,5206de5cca0fc214777ed09a466b3e4361a109069d8e33cae30e71c187e21615,bdf4aa9462db5c3745f353ea9b69e6ac765a4873984f87a8a66229531e99ca54,central,oi central action run <native-command-id> <input-json>,[],cap.central.guided-ground-authoring,capability,,,,[],"A person needs an existing project’s scattered intention recovered into a clear account, with attention concentrated on consequential judgments.","Present a source-grounded account from retained files and development refinements, then guide review and recognition of the proposed product ground.","Intended integrated journey: the person sees the concrete product definition, desired encounters, source basis and unresolved decisions in one reviewable account. Native source inspection and relation planning support parts of it; the complete guided experience still needs development.","intent-only; the integrated guided authoring experience is a development target, not an implemented Central Action.",agent-inference,../github-recovery-mirror/mirror/Central/issues/71.json;docs/PROJECTCENTRAL-AUTHORED-GROUND.md,,,central.html#q2/starting,,,"{""basis"": ""Source-recovered capability account; original verification limits retained in Markdown."", ""converted_from_sha256"": ""c305f22c02710fb8e246eac3ccd50651fa12f22d20da8c42c2c126e60530ec66"", ""cli_commands"": [], ""cli_exposure"": {""kind"": ""intent"", ""reason"": ""The integrated authoring journey remains intended; these documentation tools do not establish it as a native Central Action.""}, ""maintenance"": {""updated_at"": ""2026-09-08"", ""change_refs"": [""codex:thread:01a07608-d2ec-7b10-9713-74c445adf8a5"", ""../github-recovery-mirror/mirror/Central/issues/71.json"", ""docs/PROJECTCENTRAL-AUTHORED-GROUND.md"", ""reconcile:central-pr-132""], ""code_basis"": {}}, ""last_reconciled_at"": ""2026-09-08T11:52:07.000112+00:00""}",
central,product:central,product:central:ProjectCentral/user/capability-matrix.csv,product:central:ProjectCentral/user/capability-matrix.json,5206de5cca0fc214777ed09a466b3e4361a109069d8e33cae30e71c187e21615,bdf4aa9462db5c3745f353ea9b69e6ac765a4873984f87a8a66229531e99ca54,central,oi central action run <native-command-id> <input-json>,"[""central.self.ensure"",""central.self.ex.relate"",""central.self.inspect"",""central.self.resolve"",""central.self.source.create"",""central.self.tier.relate"",""central.self.ux.relate"",""machine.oi-suite-policy"",""projectcentral.self.ensure"",""projectcentral.self.ex.relate"",""projectcentral.self.inspect"",""projectcentral.self.resolve"",""projectcentral.self.retain-tier"",""projectcentral.self.source.create"",""projectcentral.self.tier.relate"",""projectcentral.self.ux.relate""]",cap.central.development-field-source,capability,,,,[],"A World or Project needs its durable self-description, intended experience and human experiential return to be addressable without collapsing authored source into Wiki knowledge, observation or generated material.","Central resolves root/Project self apertures, stable 0..5 tier relations, UX/EX source refs and opaque machine O:I suite-policy intent through canonical SourceRef, revision and standing contracts.","Consumers can address self-description and retained native sources without reconstructing paths; EX remains human-attributable, and installed-suite/material facts stay with their native owners.",implemented; S1 native source/read/Action behavior is covered by hosted Rust and Action-surface tests; physical H/EX acceptance remains external.,agent-inference,docs/DEVELOPMENT-FIELD-SOURCE.md;docs/CONTROL-CONTENT-PROTOCOL.md;docs/MACHINE-WORKCELL-RELATION.md,ctrl/src/development_field.rs,ctrl/src/development_field.rs;ctrl/tests/foundation.rs;surfaces/macos-host/tests/host_surface.rs,central.html#q1/ground,,,"{""basis"": ""Development Field S1 native source surface; capability maintenance for #136, not bulk source migration."", ""cli_commands"": [""central.self.ensure"", ""central.self.ex.relate"", ""central.self.inspect"", ""central.self.resolve"", ""central.self.source.create"", ""central.self.tier.relate"", ""central.self.ux.relate"", ""machine.oi-suite-policy"", ""projectcentral.self.ensure"", ""projectcentral.self.ex.relate"", ""projectcentral.self.inspect"", ""projectcentral.self.resolve"", ""projectcentral.self.retain-tier"", ""projectcentral.self.source.create"", ""projectcentral.self.tier.relate"", ""projectcentral.self.ux.relate""], ""cli_exposure"": {""kind"": ""direct"", ""reason"": ""The S1 source-field Actions are native Central owner operations, invocable through ctrl action run and discoverable through ctrl action list.""}, ""maintenance"": {""updated_at"": ""2026-09-10"", ""change_refs"": [""EpiLogos/Central#136"", ""EpiLogos/Central#145""], ""code_basis"": {""ctrl/src/development_field.rs"": ""51fdae30de3a4940aefcfd3c0f07e7d162a35e1c700e98b4f823fab33b85ae29""}}, ""last_reconciled_at"": ""2026-09-10T01:42:55.304963+00:00""}",
central,product:central,product:central:ProjectCentral/user/capability-matrix.csv,product:central:ProjectCentral/user/capability-matrix.json,5206de5cca0fc214777ed09a466b3e4361a109069d8e33cae30e71c187e21615,bdf4aa9462db5c3745f353ea9b69e6ac765a4873984f87a8a66229531e99ca54,central,oi central action run <native-command-id> <input-json>,[],H0->H0,relation,suite-relations,H0,H0,[],,,,,agent-inference,O-I:docs/CANONICAL-PRODUCT-FIELD.md|QL-MEF#19(PR),,,,self:Central,I,"{""src_product"": ""Central"", ""dst_product"": ""Central"", ""ql"": """", ""cf_view"": ""CF1"", ""seam"": ""self:Central"", ""defined_in"": ""O-I:docs/CANONICAL-PRODUCT-FIELD.md|QL-MEF#19(PR)"", ""tracked_by"": ""EpiLogos/O-I#29;EpiLogos/Central#24(PR)"", ""maintenance"": {""updated_at"": ""2026-09-06"", ""change_refs"": [""codex:thread:01a07608-d2ec-7b10-9713-74c445adf8a5""]}, ""last_reconciled_at"": ""2026-09-06T14:30:23.679879+00:00""}",
central,product:central,product:central:ProjectCentral/user/capability-matrix.csv,product:central:ProjectCentral/user/capability-matrix.json,5206de5cca0fc214777ed09a466b3e4361a109069d8e33cae30e71c187e21615,bdf4aa9462db5c3745f353ea9b69e6ac765a4873984f87a8a66229531e99ca54,central,oi central action run <native-command-id> <input-json>,[],H0->H1,relation,suite-relations,H0,H1,[],,,,,agent-inference,O-I:docs/CANONICAL-PRODUCT-FIELD.md|QL-MEF#19(PR),,,,01:grounded-agency,H,"{""src_product"": ""Central"", ""dst_product"": ""Actuation"", ""ql"": ""A1"", ""cf_view"": ""CF2"", ""seam"": ""01:grounded-agency"", ""defined_in"": ""O-I:docs/CANONICAL-PRODUCT-FIELD.md|QL-MEF#19(PR)"", ""tracked_by"": ""EpiLogos/O-I#29;EpiLogos/Central#24(PR);EpiLogos/Actuation#4"", ""maintenance"": {""updated_at"": ""2026-09-06"", ""change_refs"": [""codex:thread:01a07608-d2ec-7b10-9713-74c445adf8a5""]}, ""last_reconciled_at"": ""2026-09-06T14:30:23.679879+00:00""}",
central,product:central,product:central:ProjectCentral/user/capability-matrix.csv,product:central:ProjectCentral/user/capability-matrix.json,5206de5cca0fc214777ed09a466b3e4361a109069d8e33cae30e71c187e21615,bdf4aa9462db5c3745f353ea9b69e6ac765a4873984f87a8a66229531e99ca54,central,oi central action run <native-command-id> <input-json>,[],H0->H2,relation,suite-relations,H0,H2,[],,,,,agent-inference,O-I:docs/CANONICAL-PRODUCT-FIELD.md|QL-MEF#19(PR),,,,02:ground-context,L,"{""src_product"": ""Central"", ""dst_product"": ""AIKit"", ""ql"": """", ""cf_view"": ""CF3"", ""seam"": ""02:ground-context"", ""defined_in"": ""O-I:docs/CANONICAL-PRODUCT-FIELD.md|QL-MEF#19(PR)"", ""tracked_by"": ""EpiLogos/O-I#29;EpiLogos/Central#24(PR);EpiLogos/ai-kit#58(PR)"", ""maintenance"": {""updated_at"": ""2026-09-06"", ""change_refs"": [""codex:thread:01a07608-d2ec-7b10-9713-74c445adf8a5""]}, ""last_reconciled_at"": ""2026-09-06T14:30:23.679879+00:00""}",
central,product:central,product:central:ProjectCentral/user/capability-matrix.csv,product:central:ProjectCentral/user/capability-matrix.json,5206de5cca0fc214777ed09a466b3e4361a109069d8e33cae30e71c187e21615,bdf4aa9462db5c3745f353ea9b69e6ac765a4873984f87a8a66229531e99ca54,central,oi central action run <native-command-id> <input-json>,[],H0->H3,relation,suite-relations,H0,H3,[],,,,,agent-inference,O-I:docs/CANONICAL-PRODUCT-FIELD.md|QL-MEF#19(PR),,,,03:ground-development,L,"{""src_product"": ""Central"", ""dst_product"": ""Factory"", ""ql"": """", ""cf_view"": ""CF4"", ""seam"": ""03:ground-development"", ""defined_in"": ""O-I:docs/CANONICAL-PRODUCT-FIELD.md|QL-MEF#19(PR)"", ""tracked_by"": ""EpiLogos/O-I#29;EpiLogos/Central#24(PR);EpiLogos/agent-system-design#142(PR)"", ""maintenance"": {""updated_at"": ""2026-09-06"", ""change_refs"": [""codex:thread:01a07608-d2ec-7b10-9713-74c445adf8a5""]}, ""last_reconciled_at"": ""2026-09-06T14:30:23.679879+00:00""}",
central,product:central,product:central:ProjectCentral/user/capability-matrix.csv,product:central:ProjectCentral/user/capability-matrix.json,5206de5cca0fc214777ed09a466b3e4361a109069d8e33cae30e71c187e21615,bdf4aa9462db5c3745f353ea9b69e6ac765a4873984f87a8a66229531e99ca54,central,oi central action run <native-command-id> <input-json>,[],H0->H4,relation,suite-relations,H0,H4,[],,,,,agent-inference,O-I:docs/CANONICAL-PRODUCT-FIELD.md|QL-MEF#19(PR),,,,04:ground-materialisation,W,"{""src_product"": ""Central"", ""dst_product"": ""Workcell"", ""ql"": """", ""cf_view"": ""CF5/CF6-field"", ""seam"": ""04:ground-materialisation"", ""defined_in"": ""O-I:docs/CANONICAL-PRODUCT-FIELD.md|QL-MEF#19(PR)"", ""tracked_by"": ""EpiLogos/O-I#29;EpiLogos/Central#24(PR);EpiLogos/Workcell#18(PR)"", ""maintenance"": {""updated_at"": ""2026-09-06"", ""change_refs"": [""codex:thread:01a07608-d2ec-7b10-9713-74c445adf8a5""]}, ""last_reconciled_at"": ""2026-09-06T14:30:23.679879+00:00""}",
central,product:central,product:central:ProjectCentral/user/capability-matrix.csv,product:central:ProjectCentral/user/capability-matrix.json,5206de5cca0fc214777ed09a466b3e4361a109069d8e33cae30e71c187e21615,bdf4aa9462db5c3745f353ea9b69e6ac765a4873984f87a8a66229531e99ca54,central,oi central action run <native-command-id> <input-json>,[],H0->H5,relation,suite-relations,H0,H5,[],,,,,agent-inference,O-I:docs/CANONICAL-PRODUCT-FIELD.md|QL-MEF#19(PR),,,,05/50:ground-synthesis,H,"{""src_product"": ""Central"", ""dst_product"": ""QL"", ""ql"": ""B3|C1"", ""cf_view"": ""CF7"", ""seam"": ""05/50:ground-synthesis"", ""defined_in"": ""O-I:docs/CANONICAL-PRODUCT-FIELD.md|QL-MEF#19(PR)"", ""tracked_by"": ""EpiLogos/O-I#29;EpiLogos/Central#24(PR);EpiLogos/QL-MEF#19(PR)"", ""maintenance"": {""updated_at"": ""2026-09-06"", ""change_refs"": [""codex:thread:01a07608-d2ec-7b10-9713-74c445adf8a5""]}, ""last_reconciled_at"": ""2026-09-06T14:30:23.679879+00:00""}",
central,product:central,product:central:ProjectCentral/user/capability-matrix.csv,product:central:ProjectCentral/user/capability-matrix.json,5206de5cca0fc214777ed09a466b3e4361a109069d8e33cae30e71c187e21615,bdf4aa9462db5c3745f353ea9b69e6ac765a4873984f87a8a66229531e99ca54,central,oi central action run <native-command-id> <input-json>,[],H0->A0,relation,suite-relations,H0,A0,[],,,,,agent-inference,O-I:docs/CANONICAL-PRODUCT-FIELD.md|QL-MEF#19(PR),,,,conjugation:Central,H,"{""src_product"": ""Central"", ""dst_product"": ""Central"", ""ql"": ""D1"", ""cf_view"": ""CF1"", ""seam"": ""conjugation:Central"", ""defined_in"": ""O-I:docs/CANONICAL-PRODUCT-FIELD.md|QL-MEF#19(PR)"", ""tracked_by"": ""EpiLogos/O-I#29;EpiLogos/Central#24(PR)"", ""maintenance"": {""updated_at"": ""2026-09-06"", ""change_refs"": [""codex:thread:01a07608-d2ec-7b10-9713-74c445adf8a5""]}, ""last_reconciled_at"": ""2026-09-06T14:30:23.679879+00:00""}",
central,product:central,product:central:ProjectCentral/user/capability-matrix.csv,product:central:ProjectCentral/user/capability-matrix.json,5206de5cca0fc214777ed09a466b3e4361a109069d8e33cae30e71c187e21615,bdf4aa9462db5c3745f353ea9b69e6ac765a4873984f87a8a66229531e99ca54,central,oi central action run <native-command-id> <input-json>,[],H0->A1,relation,suite-relations,H0,A1,[],,,,,agent-inference,O-I:docs/CANONICAL-PRODUCT-FIELD.md|QL-MEF#19(PR),,,,01:grounded-agency,H,"{""src_product"": ""Central"", ""dst_product"": ""Actuation"", ""ql"": ""D2-transform"", ""cf_view"": ""CF2"", ""seam"": ""01:grounded-agency"", ""defined_in"": ""O-I:docs/CANONICAL-PRODUCT-FIELD.md|QL-MEF#19(PR)"", ""tracked_by"": ""EpiLogos/O-I#29;EpiLogos/Central#24(PR);EpiLogos/Actuation#4"", ""maintenance"": {""updated_at"": ""2026-09-06"", ""change_refs"": [""codex:thread:01a07608-d2ec-7b10-9713-74c445adf8a5""]}, ""last_reconciled_at"": ""2026-09-06T14:30:23.679879+00:00""}",
central,product:central,product:central:ProjectCentral/user/capability-matrix.csv,product:central:ProjectCentral/user/capability-matrix.json,5206de5cca0fc214777ed09a466b3e4361a109069d8e33cae30e71c187e21615,bdf4aa9462db5c3745f353ea9b69e6ac765a4873984f87a8a66229531e99ca54,central,oi central action run <native-command-id> <input-json>,[],H0->A2,relation,suite-relations,H0,A2,[],,,,,agent-inference,O-I:docs/CANONICAL-PRODUCT-FIELD.md|QL-MEF#19(PR),,,,02:ground-context,L,"{""src_product"": ""Central"", ""dst_product"": ""AIKit"", ""ql"": """", ""cf_view"": ""CF3"", ""seam"": ""02:ground-context"", ""defined_in"": ""O-I:docs/CANONICAL-PRODUCT-FIELD.md|QL-MEF#19(PR)"", ""tracked_by"": ""EpiLogos/O-I#29;EpiLogos/Central#24(PR);EpiLogos/ai-kit#58(PR)"", ""maintenance"": {""updated_at"": ""2026-09-06"", ""change_refs"": [""codex:thread:01a07608-d2ec-7b10-9713-74c445adf8a5""]}, ""last_reconciled_at"": ""2026-09-06T14:30:23.679879+00:00""}",
central,product:central,product:central:ProjectCentral/user/capability-matrix.csv,product:central:ProjectCentral/user/capability-matrix.json,5206de5cca0fc214777ed09a466b3e4361a109069d8e33cae30e71c187e21615,bdf4aa9462db5c3745f353ea9b69e6ac765a4873984f87a8a66229531e99ca54,central,oi central action run <native-command-id> <input-json>,[],H0->A3,relation,suite-relations,H0,A3,[],,,,,agent-inference,O-I:docs/CANONICAL-PRODUCT-FIELD.md|QL-MEF#19(PR),,,,03:ground-development,L,"{""src_product"": ""Central"", ""dst_product"": ""Factory"", ""ql"": """", ""cf_view"": ""CF4"", ""seam"": ""03:ground-development"", ""defined_in"": ""O-I:docs/CANONICAL-PRODUCT-FIELD.md|QL-MEF#19(PR)"", ""tracked_by"": ""EpiLogos/O-I#29;EpiLogos/Central#24(PR);EpiLogos/agent-system-design#142(PR)"", ""maintenance"": {""updated_at"": ""2026-09-06"", ""change_refs"": [""codex:thread:01a07608-d2ec-7b10-9713-74c445adf8a5""]}, ""last_reconciled_at"": ""2026-09-06T14:30:23.679879+00:00""}",
central,product:central,product:central:ProjectCentral/user/capability-matrix.csv,product:central:ProjectCentral/user/capability-matrix.json,5206de5cca0fc214777ed09a466b3e4361a109069d8e33cae30e71c187e21615,bdf4aa9462db5c3745f353ea9b69e6ac765a4873984f87a8a66229531e99ca54,central,oi central action run <native-command-id> <input-json>,[],H0->A4,relation,suite-relations,H0,A4,[],,,,,agent-inference,O-I:docs/CANONICAL-PRODUCT-FIELD.md|QL-MEF#19(PR),,,,04:ground-materialisation,W,"{""src_product"": ""Central"", ""dst_product"": ""Workcell"", ""ql"": """", ""cf_view"": ""CF5/CF6-field"", ""seam"": ""04:ground-materialisation"", ""defined_in"": ""O-I:docs/CANONICAL-PRODUCT-FIELD.md|QL-MEF#19(PR)"", ""tracked_by"": ""EpiLogos/O-I#29;EpiLogos/Central#24(PR);EpiLogos/Workcell#18(PR)"", ""maintenance"": {""updated_at"": ""2026-09-06"", ""change_refs"": [""codex:thread:01a07608-d2ec-7b10-9713-74c445adf8a5""]}, ""last_reconciled_at"": ""2026-09-06T14:30:23.679879+00:00""}",
central,product:central,product:central:ProjectCentral/user/capability-matrix.csv,product:central:ProjectCentral/user/capability-matrix.json,5206de5cca0fc214777ed09a466b3e4361a109069d8e33cae30e71c187e21615,bdf4aa9462db5c3745f353ea9b69e6ac765a4873984f87a8a66229531e99ca54,central,oi central action run <native-command-id> <input-json>,[],H0->A5,relation,suite-relations,H0,A5,[],,,,,agent-inference,O-I:docs/CANONICAL-PRODUCT-FIELD.md|QL-MEF#19(PR),,,,05/50:ground-synthesis,H,"{""src_product"": ""Central"", ""dst_product"": ""QL"", ""ql"": ""D2-require|D2-complete"", ""cf_view"": ""CF7"", ""seam"": ""05/50:ground-synthesis"", ""defined_in"": ""O-I:docs/CANONICAL-PRODUCT-FIELD.md|QL-MEF#19(PR)"", ""tracked_by"": ""EpiLogos/O-I#29;EpiLogos/Central#24(PR);EpiLogos/QL-MEF#19(PR)"", ""maintenance"": {""updated_at"": ""2026-09-06"", ""change_refs"": [""codex:thread:01a07608-d2ec-7b10-9713-74c445adf8a5""]}, ""last_reconciled_at"": ""2026-09-06T14:30:23.679879+00:00""}",
central,product:central,product:central:ProjectCentral/user/capability-matrix.csv,product:central:ProjectCentral/user/capability-matrix.json,5206de5cca0fc214777ed09a466b3e4361a109069d8e33cae30e71c187e21615,bdf4aa9462db5c3745f353ea9b69e6ac765a4873984f87a8a66229531e99ca54,central,oi central action run <native-command-id> <input-json>,[],H1->H0,relation,suite-relations,H1,H0,[],,,,,agent-inference,O-I:docs/CANONICAL-PRODUCT-FIELD.md|QL-MEF#19(PR),,,,01:grounded-agency,H,"{""src_product"": ""Actuation"", ""dst_product"": ""Central"", ""ql"": ""A1"", ""cf_view"": ""CF2"", ""seam"": ""01:grounded-agency"", ""defined_in"": ""O-I:docs/CANONICAL-PRODUCT-FIELD.md|QL-MEF#19(PR)"", ""tracked_by"": ""EpiLogos/O-I#29;EpiLogos/Central#24(PR);EpiLogos/Actuation#4"", ""maintenance"": {""updated_at"": ""2026-09-06"", ""change_refs"": [""codex:thread:01a07608-d2ec-7b10-9713-74c445adf8a5""]}, ""last_reconciled_at"": ""2026-09-06T14:30:23.679879+00:00""}",
central,product:central,product:central:ProjectCentral/user/capability-matrix.csv,product:central:ProjectCentral/user/capability-matrix.json,5206de5cca0fc214777ed09a466b3e4361a109069d8e33cae30e71c187e21615,bdf4aa9462db5c3745f353ea9b69e6ac765a4873984f87a8a66229531e99ca54,central,oi central action run <native-command-id> <input-json>,[],H1->A0,relation,suite-relations,H1,A0,[],,,,,agent-inference,O-I:docs/CANONICAL-PRODUCT-FIELD.md|QL-MEF#19(PR),,,,01:grounded-agency,H,"{""src_product"": ""Actuation"", ""dst_product"": ""Central"", ""ql"": ""D2-require"", ""cf_view"": ""CF2"", ""seam"": ""01:grounded-agency"", ""defined_in"": ""O-I:docs/CANONICAL-PRODUCT-FIELD.md|QL-MEF#19(PR)"", ""tracked_by"": ""EpiLogos/O-I#29;EpiLogos/Central#24(PR);EpiLogos/Actuation#4"", ""maintenance"": {""updated_at"": ""2026-09-06"", ""change_refs"": [""codex:thread:01a07608-d2ec-7b10-9713-74c445adf8a5""]}, ""last_reconciled_at"": ""2026-09-06T14:30:23.679879+00:00""}",
central,product:central,product:central:ProjectCentral/user/capability-matrix.csv,product:central:ProjectCentral/user/capability-matrix.json,5206de5cca0fc214777ed09a466b3e4361a109069d8e33cae30e71c187e21615,bdf4aa9462db5c3745f353ea9b69e6ac765a4873984f87a8a66229531e99ca54,central,oi central action run <native-command-id> <input-json>,[],H2->H0,relation,suite-relations,H2,H0,[],,,,,agent-inference,O-I:docs/CANONICAL-PRODUCT-FIELD.md|QL-MEF#19(PR),,,,02:ground-context,L,"{""src_product"": ""AIKit"", ""dst_product"": ""Central"", ""ql"": """", ""cf_view"": ""CF3"", ""seam"": ""02:ground-context"", ""defined_in"": ""O-I:docs/CANONICAL-PRODUCT-FIELD.md|QL-MEF#19(PR)"", ""tracked_by"": ""EpiLogos/O-I#29;EpiLogos/Central#24(PR);EpiLogos/ai-kit#58(PR)"", ""maintenance"": {""updated_at"": ""2026-09-06"", ""change_refs"": [""codex:thread:01a07608-d2ec-7b10-9713-74c445adf8a5""]}, ""last_reconciled_at"": ""2026-09-06T14:30:23.679879+00:00""}",
central,product:central,product:central:ProjectCentral/user/capability-matrix.csv,product:central:ProjectCentral/user/capability-matrix.json,5206de5cca0fc214777ed09a466b3e4361a109069d8e33cae30e71c187e21615,bdf4aa9462db5c3745f353ea9b69e6ac765a4873984f87a8a66229531e99ca54,central,oi central action run <native-command-id> <input-json>,[],H2->A0,relation,suite-relations,H2,A0,[],,,,,agent-inference,O-I:docs/CANONICAL-PRODUCT-FIELD.md|QL-MEF#19(PR),,,,02:ground-context,L,"{""src_product"": ""AIKit"", ""dst_product"": ""Central"", ""ql"": """", ""cf_view"": ""CF3"", ""seam"": ""02:ground-context"", ""defined_in"": ""O-I:docs/CANONICAL-PRODUCT-FIELD.md|QL-MEF#19(PR)"", ""tracked_by"": ""EpiLogos/O-I#29;EpiLogos/Central#24(PR);EpiLogos/ai-kit#58(PR)"", ""maintenance"": {""updated_at"": ""2026-09-06"", ""change_refs"": [""codex:thread:01a07608-d2ec-7b10-9713-74c445adf8a5""]}, ""last_reconciled_at"": ""2026-09-06T14:30:23.679879+00:00""}",
central,product:central,product:central:ProjectCentral/user/capability-matrix.csv,product:central:ProjectCentral/user/capability-matrix.json,5206de5cca0fc214777ed09a466b3e4361a109069d8e33cae30e71c187e21615,bdf4aa9462db5c3745f353ea9b69e6ac765a4873984f87a8a66229531e99ca54,central,oi central action run <native-command-id> <input-json>,[],H3->H0,relation,suite-relations,H3,H0,[],,,,,agent-inference,O-I:docs/CANONICAL-PRODUCT-FIELD.md|QL-MEF#19(PR),,,,03:ground-development,L,"{""src_product"": ""Factory"", ""dst_product"": ""Central"", ""ql"": """", ""cf_view"": ""CF4"", ""seam"": ""03:ground-development"", ""defined_in"": ""O-I:docs/CANONICAL-PRODUCT-FIELD.md|QL-MEF#19(PR)"", ""tracked_by"": ""EpiLogos/O-I#29;EpiLogos/Central#24(PR);EpiLogos/agent-system-design#142(PR)"", ""maintenance"": {""updated_at"": ""2026-09-06"", ""change_refs"": [""codex:thread:01a07608-d2ec-7b10-9713-74c445adf8a5""]}, ""last_reconciled_at"": ""2026-09-06T14:30:23.679879+00:00""}",
central,product:central,product:central:ProjectCentral/user/capability-matrix.csv,product:central:ProjectCentral/user/capability-matrix.json,5206de5cca0fc214777ed09a466b3e4361a109069d8e33cae30e71c187e21615,bdf4aa9462db5c3745f353ea9b69e6ac765a4873984f87a8a66229531e99ca54,central,oi central action run <native-command-id> <input-json>,[],H3->A0,relation,suite-relations,H3,A0,[],,,,,agent-inference,O-I:docs/CANONICAL-PRODUCT-FIELD.md|QL-MEF#19(PR),,,,03:ground-development,L,"{""src_product"": ""Factory"", ""dst_product"": ""Central"", ""ql"": """", ""cf_view"": ""CF4"", ""seam"": ""03:ground-development"", ""defined_in"": ""O-I:docs/CANONICAL-PRODUCT-FIELD.md|QL-MEF#19(PR)"", ""tracked_by"": ""EpiLogos/O-I#29;EpiLogos/Central#24(PR);EpiLogos/agent-system-design#142(PR)"", ""maintenance"": {""updated_at"": ""2026-09-06"", ""change_refs"": [""codex:thread:01a07608-d2ec-7b10-9713-74c445adf8a5""]}, ""last_reconciled_at"": ""2026-09-06T14:30:23.679879+00:00""}",
central,product:central,product:central:ProjectCentral/user/capability-matrix.csv,product:central:ProjectCentral/user/capability-matrix.json,5206de5cca0fc214777ed09a466b3e4361a109069d8e33cae30e71c187e21615,bdf4aa9462db5c3745f353ea9b69e6ac765a4873984f87a8a66229531e99ca54,central,oi central action run <native-command-id> <input-json>,[],H4->H0,relation,suite-relations,H4,H0,[],,,,,agent-inference,O-I:docs/CANONICAL-PRODUCT-FIELD.md|QL-MEF#19(PR),,,,04:ground-materialisation,W,"{""src_product"": ""Workcell"", ""dst_product"": ""Central"", ""ql"": """", ""cf_view"": ""CF5/CF6-field"", ""seam"": ""04:ground-materialisation"", ""defined_in"": ""O-I:docs/CANONICAL-PRODUCT-FIELD.md|QL-MEF#19(PR)"", ""tracked_by"": ""EpiLogos/O-I#29;EpiLogos/Central#24(PR);EpiLogos/Workcell#18(PR)"", ""maintenance"": {""updated_at"": ""2026-09-06"", ""change_refs"": [""codex:thread:01a07608-d2ec-7b10-9713-74c445adf8a5""]}, ""last_reconciled_at"": ""2026-09-06T14:30:23.679879+00:00""}",
central,product:central,product:central:ProjectCentral/user/capability-matrix.csv,product:central:ProjectCentral/user/capability-matrix.json,5206de5cca0fc214777ed09a466b3e4361a109069d8e33cae30e71c187e21615,bdf4aa9462db5c3745f353ea9b69e6ac765a4873984f87a8a66229531e99ca54,central,oi central action run <native-command-id> <input-json>,[],H4->A0,relation,suite-relations,H4,A0,[],,,,,agent-inference,O-I:docs/CANONICAL-PRODUCT-FIELD.md|QL-MEF#19(PR),,,,04:ground-materialisation,W,"{""src_product"": ""Workcell"", ""dst_product"": ""Central"", ""ql"": """", ""cf_view"": ""CF5/CF6-field"", ""seam"": ""04:ground-materialisation"", ""defined_in"": ""O-I:docs/CANONICAL-PRODUCT-FIELD.md|QL-MEF#19(PR)"", ""tracked_by"": ""EpiLogos/O-I#29;EpiLogos/Central#24(PR);EpiLogos/Workcell#18(PR)"", ""maintenance"": {""updated_at"": ""2026-09-06"", ""change_refs"": [""codex:thread:01a07608-d2ec-7b10-9713-74c445adf8a5""]}, ""last_reconciled_at"": ""2026-09-06T14:30:23.679879+00:00""}",
central,product:central,product:central:ProjectCentral/user/capability-matrix.csv,product:central:ProjectCentral/user/capability-matrix.json,5206de5cca0fc214777ed09a466b3e4361a109069d8e33cae30e71c187e21615,bdf4aa9462db5c3745f353ea9b69e6ac765a4873984f87a8a66229531e99ca54,central,oi central action run <native-command-id> <input-json>,[],H5->H0,relation,suite-relations,H5,H0,[],,,,,agent-inference,O-I:docs/CANONICAL-PRODUCT-FIELD.md|QL-MEF#19(PR),,,,05/50:ground-synthesis,H,"{""src_product"": ""QL"", ""dst_product"": ""Central"", ""ql"": ""B3|C1"", ""cf_view"": ""CF7"", ""seam"": ""05/50:ground-synthesis"", ""defined_in"": ""O-I:docs/CANONICAL-PRODUCT-FIELD.md|QL-MEF#19(PR)"", ""tracked_by"": ""EpiLogos/O-I#29;EpiLogos/Central#24(PR);EpiLogos/QL-MEF#19(PR)"", ""maintenance"": {""updated_at"": ""2026-09-06"", ""change_refs"": [""codex:thread:01a07608-d2ec-7b10-9713-74c445adf8a5""]}, ""last_reconciled_at"": ""2026-09-06T14:30:23.679879+00:00""}",
central,product:central,product:central:ProjectCentral/user/capability-matrix.csv,product:central:ProjectCentral/user/capability-matrix.json,5206de5cca0fc214777ed09a466b3e4361a109069d8e33cae30e71c187e21615,bdf4aa9462db5c3745f353ea9b69e6ac765a4873984f87a8a66229531e99ca54,central,oi central action run <native-command-id> <input-json>,[],H5->A0,relation,suite-relations,H5,A0,[],,,,,agent-inference,O-I:docs/CANONICAL-PRODUCT-FIELD.md|QL-MEF#19(PR),,,,05/50:ground-synthesis,H,"{""src_product"": ""QL"", ""dst_product"": ""Central"", ""ql"": ""D2-transform|D2-complete"", ""cf_view"": ""CF7"", ""seam"": ""05/50:ground-synthesis"", ""defined_in"": ""O-I:docs/CANONICAL-PRODUCT-FIELD.md|QL-MEF#19(PR)"", ""tracked_by"": ""EpiLogos/O-I#29;EpiLogos/Central#24(PR);EpiLogos/QL-MEF#19(PR)"", ""maintenance"": {""updated_at"": ""2026-09-06"", ""change_refs"": [""codex:thread:01a07608-d2ec-7b10-9713-74c445adf8a5""]}, ""last_reconciled_at"": ""2026-09-06T14:30:23.679879+00:00""}",
central,product:central,product:central:ProjectCentral/user/capability-matrix.csv,product:central:ProjectCentral/user/capability-matrix.json,5206de5cca0fc214777ed09a466b3e4361a109069d8e33cae30e71c187e21615,bdf4aa9462db5c3745f353ea9b69e6ac765a4873984f87a8a66229531e99ca54,central,oi central action run <native-command-id> <input-json>,[],A0->H0,relation,suite-relations,A0,H0,[],,,,,agent-inference,O-I:docs/CANONICAL-PRODUCT-FIELD.md|QL-MEF#19(PR),,,,conjugation:Central,H,"{""src_product"": ""Central"", ""dst_product"": ""Central"", ""ql"": ""D1.inverse"", ""cf_view"": ""CF1"", ""seam"": ""conjugation:Central"", ""defined_in"": ""O-I:docs/CANONICAL-PRODUCT-FIELD.md|QL-MEF#19(PR)"", ""tracked_by"": ""EpiLogos/O-I#29;EpiLogos/Central#24(PR)"", ""maintenance"": {""updated_at"": ""2026-09-06"", ""change_refs"": [""codex:thread:01a07608-d2ec-7b10-9713-74c445adf8a5""]}, ""last_reconciled_at"": ""2026-09-06T14:30:23.679879+00:00""}",
central,product:central,product:central:ProjectCentral/user/capability-matrix.csv,product:central:ProjectCentral/user/capability-matrix.json,5206de5cca0fc214777ed09a466b3e4361a109069d8e33cae30e71c187e21615,bdf4aa9462db5c3745f353ea9b69e6ac765a4873984f87a8a66229531e99ca54,central,oi central action run <native-command-id> <input-json>,[],A0->H1,relation,suite-relations,A0,H1,[],,,,,agent-inference,O-I:docs/CANONICAL-PRODUCT-FIELD.md|QL-MEF#19(PR),,,,01:grounded-agency,H,"{""src_product"": ""Central"", ""dst_product"": ""Actuation"", ""ql"": ""D2-require.inverse"", ""cf_view"": ""CF2"", ""seam"": ""01:grounded-agency"", ""defined_in"": ""O-I:docs/CANONICAL-PRODUCT-FIELD.md|QL-MEF#19(PR)"", ""tracked_by"": ""EpiLogos/O-I#29;EpiLogos/Central#24(PR);EpiLogos/Actuation#4"", ""maintenance"": {""updated_at"": ""2026-09-06"", ""change_refs"": [""codex:thread:01a07608-d2ec-7b10-9713-74c445adf8a5""]}, ""last_reconciled_at"": ""2026-09-06T14:30:23.679879+00:00""}",
central,product:central,product:central:ProjectCentral/user/capability-matrix.csv,product:central:ProjectCentral/user/capability-matrix.json,5206de5cca0fc214777ed09a466b3e4361a109069d8e33cae30e71c187e21615,bdf4aa9462db5c3745f353ea9b69e6ac765a4873984f87a8a66229531e99ca54,central,oi central action run <native-command-id> <input-json>,[],A0->H2,relation,suite-relations,A0,H2,[],,,,,agent-inference,O-I:docs/CANONICAL-PRODUCT-FIELD.md|QL-MEF#19(PR),,,,02:ground-context,L,"{""src_product"": ""Central"", ""dst_product"": ""AIKit"", ""ql"": """", ""cf_view"": ""CF3"", ""seam"": ""02:ground-context"", ""defined_in"": ""O-I:docs/CANONICAL-PRODUCT-FIELD.md|QL-MEF#19(PR)"", ""tracked_by"": ""EpiLogos/O-I#29;EpiLogos/Central#24(PR);EpiLogos/ai-kit#58(PR)"", ""maintenance"": {""updated_at"": ""2026-09-06"", ""change_refs"": [""codex:thread:01a07608-d2ec-7b10-9713-74c445adf8a5""]}, ""last_reconciled_at"": ""2026-09-06T14:30:23.679879+00:00""}",
central,product:central,product:central:ProjectCentral/user/capability-matrix.csv,product:central:ProjectCentral/user/capability-matrix.json,5206de5cca0fc214777ed09a466b3e4361a109069d8e33cae30e71c187e21615,bdf4aa9462db5c3745f353ea9b69e6ac765a4873984f87a8a66229531e99ca54,central,oi central action run <native-command-id> <input-json>,[],A0->H3,relation,suite-relations,A0,H3,[],,,,,agent-inference,O-I:docs/CANONICAL-PRODUCT-FIELD.md|QL-MEF#19(PR),,,,03:ground-development,L,"{""src_product"": ""Central"", ""dst_product"": ""Factory"", ""ql"": """", ""cf_view"": ""CF4"", ""seam"": ""03:ground-development"", ""defined_in"": ""O-I:docs/CANONICAL-PRODUCT-FIELD.md|QL-MEF#19(PR)"", ""tracked_by"": ""EpiLogos/O-I#29;EpiLogos/Central#24(PR);EpiLogos/agent-system-design#142(PR)"", ""maintenance"": {""updated_at"": ""2026-09-06"", ""change_refs"": [""codex:thread:01a07608-d2ec-7b10-9713-74c445adf8a5""]}, ""last_reconciled_at"": ""2026-09-06T14:30:23.679879+00:00""}",
central,product:central,product:central:ProjectCentral/user/capability-matrix.csv,product:central:ProjectCentral/user/capability-matrix.json,5206de5cca0fc214777ed09a466b3e4361a109069d8e33cae30e71c187e21615,bdf4aa9462db5c3745f353ea9b69e6ac765a4873984f87a8a66229531e99ca54,central,oi central action run <native-command-id> <input-json>,[],A0->H4,relation,suite-relations,A0,H4,[],,,,,agent-inference,O-I:docs/CANONICAL-PRODUCT-FIELD.md|QL-MEF#19(PR),,,,04:ground-materialisation,W,"{""src_product"": ""Central"", ""dst_product"": ""Workcell"", ""ql"": """", ""cf_view"": ""CF5/CF6-field"", ""seam"": ""04:ground-materialisation"", ""defined_in"": ""O-I:docs/CANONICAL-PRODUCT-FIELD.md|QL-MEF#19(PR)"", ""tracked_by"": ""EpiLogos/O-I#29;EpiLogos/Central#24(PR);EpiLogos/Workcell#18(PR)"", ""maintenance"": {""updated_at"": ""2026-09-06"", ""change_refs"": [""codex:thread:01a07608-d2ec-7b10-9713-74c445adf8a5""]}, ""last_reconciled_at"": ""2026-09-06T14:30:23.679879+00:00""}",
central,product:central,product:central:ProjectCentral/user/capability-matrix.csv,product:central:ProjectCentral/user/capability-matrix.json,5206de5cca0fc214777ed09a466b3e4361a109069d8e33cae30e71c187e21615,bdf4aa9462db5c3745f353ea9b69e6ac765a4873984f87a8a66229531e99ca54,central,oi central action run <native-command-id> <input-json>,[],A0->H5,relation,suite-relations,A0,H5,[],,,,,agent-inference,O-I:docs/CANONICAL-PRODUCT-FIELD.md|QL-MEF#19(PR),,,,05/50:ground-synthesis,H,"{""src_product"": ""Central"", ""dst_product"": ""QL"", ""ql"": ""D2-transform.inverse|D2-complete.inverse"", ""cf_view"": ""CF7"", ""seam"": ""05/50:ground-synthesis"", ""defined_in"": ""O-I:docs/CANONICAL-PRODUCT-FIELD.md|QL-MEF#19(PR)"", ""tracked_by"": ""EpiLogos/O-I#29;EpiLogos/Central#24(PR);EpiLogos/QL-MEF#19(PR)"", ""maintenance"": {""updated_at"": ""2026-09-06"", ""change_refs"": [""codex:thread:01a07608-d2ec-7b10-9713-74c445adf8a5""]}, ""last_reconciled_at"": ""2026-09-06T14:30:23.679879+00:00""}",
central,product:central,product:central:ProjectCentral/user/capability-matrix.csv,product:central:ProjectCentral/user/capability-matrix.json,5206de5cca0fc214777ed09a466b3e4361a109069d8e33cae30e71c187e21615,bdf4aa9462db5c3745f353ea9b69e6ac765a4873984f87a8a66229531e99ca54,central,oi central action run <native-command-id> <input-json>,[],A0->A0,relation,suite-relations,A0,A0,[],,,,,agent-inference,O-I:docs/CANONICAL-PRODUCT-FIELD.md|QL-MEF#19(PR),,,,self:Central,I,"{""src_product"": ""Central"", ""dst_product"": ""Central"", ""ql"": """", ""cf_view"": ""CF1"", ""seam"": ""self:Central"", ""defined_in"": ""O-I:docs/CANONICAL-PRODUCT-FIELD.md|QL-MEF#19(PR)"", ""tracked_by"": ""EpiLogos/O-I#29;EpiLogos/Central#24(PR)"", ""maintenance"": {""updated_at"": ""2026-09-06"", ""change_refs"": [""codex:thread:01a07608-d2ec-7b10-9713-74c445adf8a5""]}, ""last_reconciled_at"": ""2026-09-06T14:30:23.679879+00:00""}",
central,product:central,product:central:ProjectCentral/user/capability-matrix.csv,product:central:ProjectCentral/user/capability-matrix.json,5206de5cca0fc214777ed09a466b3e4361a109069d8e33cae30e71c187e21615,bdf4aa9462db5c3745f353ea9b69e6ac765a4873984f87a8a66229531e99ca54,central,oi central action run <native-command-id> <input-json>,[],A0->A1,relation,suite-relations,A0,A1,[],,,,,agent-inference,O-I:docs/CANONICAL-PRODUCT-FIELD.md|QL-MEF#19(PR),,,,01:grounded-agency,H,"{""src_product"": ""Central"", ""dst_product"": ""Actuation"", ""ql"": ""D3:A1"", ""cf_view"": ""CF2"", ""seam"": ""01:grounded-agency"", ""defined_in"": ""O-I:docs/CANONICAL-PRODUCT-FIELD.md|QL-MEF#19(PR)"", ""tracked_by"": ""EpiLogos/O-I#29;EpiLogos/Central#24(PR);EpiLogos/Actuation#4"", ""maintenance"": {""updated_at"": ""2026-09-06"", ""change_refs"": [""codex:thread:01a07608-d2ec-7b10-9713-74c445adf8a5""]}, ""last_reconciled_at"": ""2026-09-06T14:30:23.679879+00:00""}",
central,product:central,product:central:ProjectCentral/user/capability-matrix.csv,product:central:ProjectCentral/user/capability-matrix.json,5206de5cca0fc214777ed09a466b3e4361a109069d8e33cae30e71c187e21615,bdf4aa9462db5c3745f353ea9b69e6ac765a4873984f87a8a66229531e99ca54,central,oi central action run <native-command-id> <input-json>,[],A0->A2,relation,suite-relations,A0,A2,[],,,,,agent-inference,O-I:docs/CANONICAL-PRODUCT-FIELD.md|QL-MEF#19(PR),,,,02:ground-context,L,"{""src_product"": ""Central"", ""dst_product"": ""AIKit"", ""ql"": """", ""cf_view"": ""CF3"", ""seam"": ""02:ground-context"", ""defined_in"": ""O-I:docs/CANONICAL-PRODUCT-FIELD.md|QL-MEF#19(PR)"", ""tracked_by"": ""EpiLogos/O-I#29;EpiLogos/Central#24(PR);EpiLogos/ai-kit#58(PR)"", ""maintenance"": {""updated_at"": ""2026-09-06"", ""change_refs"": [""codex:thread:01a07608-d2ec-7b10-9713-74c445adf8a5""]}, ""last_reconciled_at"": ""2026-09-06T14:30:23.679879+00:00""}",
central,product:central,product:central:ProjectCentral/user/capability-matrix.csv,product:central:ProjectCentral/user/capability-matrix.json,5206de5cca0fc214777ed09a466b3e4361a109069d8e33cae30e71c187e21615,bdf4aa9462db5c3745f353ea9b69e6ac765a4873984f87a8a66229531e99ca54,central,oi central action run <native-command-id> <input-json>,[],A0->A3,relation,suite-relations,A0,A3,[],,,,,agent-inference,O-I:docs/CANONICAL-PRODUCT-FIELD.md|QL-MEF#19(PR),,,,03:ground-development,L,"{""src_product"": ""Central"", ""dst_product"": ""Factory"", ""ql"": """", ""cf_view"": ""CF4"", ""seam"": ""03:ground-development"", ""defined_in"": ""O-I:docs/CANONICAL-PRODUCT-FIELD.md|QL-MEF#19(PR)"", ""tracked_by"": ""EpiLogos/O-I#29;EpiLogos/Central#24(PR);EpiLogos/agent-system-design#142(PR)"", ""maintenance"": {""updated_at"": ""2026-09-06"", ""change_refs"": [""codex:thread:01a07608-d2ec-7b10-9713-74c445adf8a5""]}, ""last_reconciled_at"": ""2026-09-06T14:30:23.679879+00:00""}",
central,product:central,product:central:ProjectCentral/user/capability-matrix.csv,product:central:ProjectCentral/user/capability-matrix.json,5206de5cca0fc214777ed09a466b3e4361a109069d8e33cae30e71c187e21615,bdf4aa9462db5c3745f353ea9b69e6ac765a4873984f87a8a66229531e99ca54,central,oi central action run <native-command-id> <input-json>,[],A0->A4,relation,suite-relations,A0,A4,[],,,,,agent-inference,O-I:docs/CANONICAL-PRODUCT-FIELD.md|QL-MEF#19(PR),,,,04:ground-materialisation,W,"{""src_product"": ""Central"", ""dst_product"": ""Workcell"", ""ql"": """", ""cf_view"": ""CF5/CF6-field"", ""seam"": ""04:ground-materialisation"", ""defined_in"": ""O-I:docs/CANONICAL-PRODUCT-FIELD.md|QL-MEF#19(PR)"", ""tracked_by"": ""EpiLogos/O-I#29;EpiLogos/Central#24(PR);EpiLogos/Workcell#18(PR)"", ""maintenance"": {""updated_at"": ""2026-09-06"", ""change_refs"": [""codex:thread:01a07608-d2ec-7b10-9713-74c445adf8a5""]}, ""last_reconciled_at"": ""2026-09-06T14:30:23.679879+00:00""}",
central,product:central,product:central:ProjectCentral/user/capability-matrix.csv,product:central:ProjectCentral/user/capability-matrix.json,5206de5cca0fc214777ed09a466b3e4361a109069d8e33cae30e71c187e21615,bdf4aa9462db5c3745f353ea9b69e6ac765a4873984f87a8a66229531e99ca54,central,oi central action run <native-command-id> <input-json>,[],A0->A5,relation,suite-relations,A0,A5,[],,,,,agent-inference,O-I:docs/CANONICAL-PRODUCT-FIELD.md|QL-MEF#19(PR),,,,05/50:ground-synthesis,H,"{""src_product"": ""Central"", ""dst_product"": ""QL"", ""ql"": ""D3:B3|D3:C1"", ""cf_view"": ""CF7"", ""seam"": ""05/50:ground-synthesis"", ""defined_in"": ""O-I:docs/CANONICAL-PRODUCT-FIELD.md|QL-MEF#19(PR)"", ""tracked_by"": ""EpiLogos/O-I#29;EpiLogos/Central#24(PR);EpiLogos/QL-MEF#19(PR)"", ""maintenance"": {""updated_at"": ""2026-09-06"", ""change_refs"": [""codex:thread:01a07608-d2ec-7b10-9713-74c445adf8a5""]}, ""last_reconciled_at"": ""2026-09-06T14:30:23.679879+00:00""}",
central,product:central,product:central:ProjectCentral/user/capability-matrix.csv,product:central:ProjectCentral/user/capability-matrix.json,5206de5cca0fc214777ed09a466b3e4361a109069d8e33cae30e71c187e21615,bdf4aa9462db5c3745f353ea9b69e6ac765a4873984f87a8a66229531e99ca54,central,oi central action run <native-command-id> <input-json>,[],A1->H0,relation,suite-relations,A1,H0,[],,,,,agent-inference,O-I:docs/CANONICAL-PRODUCT-FIELD.md|QL-MEF#19(PR),,,,01:grounded-agency,H,"{""src_product"": ""Actuation"", ""dst_product"": ""Central"", ""ql"": ""D2-transform.inverse"", ""cf_view"": ""CF2"", ""seam"": ""01:grounded-agency"", ""defined_in"": ""O-I:docs/CANONICAL-PRODUCT-FIELD.md|QL-MEF#19(PR)"", ""tracked_by"": ""EpiLogos/O-I#29;EpiLogos/Central#24(PR);EpiLogos/Actuation#4"", ""maintenance"": {""updated_at"": ""2026-09-06"", ""change_refs"": [""codex:thread:01a07608-d2ec-7b10-9713-74c445adf8a5""]}, ""last_reconciled_at"": ""2026-09-06T14:30:23.679879+00:00""}",
central,product:central,product:central:ProjectCentral/user/capability-matrix.csv,product:central:ProjectCentral/user/capability-matrix.json,5206de5cca0fc214777ed09a466b3e4361a109069d8e33cae30e71c187e21615,bdf4aa9462db5c3745f353ea9b69e6ac765a4873984f87a8a66229531e99ca54,central,oi central action run <native-command-id> <input-json>,[],A1->A0,relation,suite-relations,A1,A0,[],,,,,agent-inference,O-I:docs/CANONICAL-PRODUCT-FIELD.md|QL-MEF#19(PR),,,,01:grounded-agency,H,"{""src_product"": ""Actuation"", ""dst_product"": ""Central"", ""ql"": ""D3:A1"", ""cf_view"": ""CF2"", ""seam"": ""01:grounded-agency"", ""defined_in"": ""O-I:docs/CANONICAL-PRODUCT-FIELD.md|QL-MEF#19(PR)"", ""tracked_by"": ""EpiLogos/O-I#29;EpiLogos/Central#24(PR);EpiLogos/Actuation#4"", ""maintenance"": {""updated_at"": ""2026-09-06"", ""change_refs"": [""codex:thread:01a07608-d2ec-7b10-9713-74c445adf8a5""]}, ""last_reconciled_at"": ""2026-09-06T14:30:23.679879+00:00""}",
central,product:central,product:central:ProjectCentral/user/capability-matrix.csv,product:central:ProjectCentral/user/capability-matrix.json,5206de5cca0fc214777ed09a466b3e4361a109069d8e33cae30e71c187e21615,bdf4aa9462db5c3745f353ea9b69e6ac765a4873984f87a8a66229531e99ca54,central,oi central action run <native-command-id> <input-json>,[],A2->H0,relation,suite-relations,A2,H0,[],,,,,agent-inference,O-I:docs/CANONICAL-PRODUCT-FIELD.md|QL-MEF#19(PR),,,,02:ground-context,L,"{""src_product"": ""AIKit"", ""dst_product"": ""Central"", ""ql"": """", ""cf_view"": ""CF3"", ""seam"": ""02:ground-context"", ""defined_in"": ""O-I:docs/CANONICAL-PRODUCT-FIELD.md|QL-MEF#19(PR)"", ""tracked_by"": ""EpiLogos/O-I#29;EpiLogos/Central#24(PR);EpiLogos/ai-kit#58(PR)"", ""maintenance"": {""updated_at"": ""2026-09-06"", ""change_refs"": [""codex:thread:01a07608-d2ec-7b10-9713-74c445adf8a5""]}, ""last_reconciled_at"": ""2026-09-06T14:30:23.679879+00:00""}",
central,product:central,product:central:ProjectCentral/user/capability-matrix.csv,product:central:ProjectCentral/user/capability-matrix.json,5206de5cca0fc214777ed09a466b3e4361a109069d8e33cae30e71c187e21615,bdf4aa9462db5c3745f353ea9b69e6ac765a4873984f87a8a66229531e99ca54,central,oi central action run <native-command-id> <input-json>,[],A2->A0,relation,suite-relations,A2,A0,[],,,,,agent-inference,O-I:docs/CANONICAL-PRODUCT-FIELD.md|QL-MEF#19(PR),,,,02:ground-context,L,"{""src_product"": ""AIKit"", ""dst_product"": ""Central"", ""ql"": """", ""cf_view"": ""CF3"", ""seam"": ""02:ground-context"", ""defined_in"": ""O-I:docs/CANONICAL-PRODUCT-FIELD.md|QL-MEF#19(PR)"", ""tracked_by"": ""EpiLogos/O-I#29;EpiLogos/Central#24(PR);EpiLogos/ai-kit#58(PR)"", ""maintenance"": {""updated_at"": ""2026-09-06"", ""change_refs"": [""codex:thread:01a07608-d2ec-7b10-9713-74c445adf8a5""]}, ""last_reconciled_at"": ""2026-09-06T14:30:23.679879+00:00""}",
central,product:central,product:central:ProjectCentral/user/capability-matrix.csv,product:central:ProjectCentral/user/capability-matrix.json,5206de5cca0fc214777ed09a466b3e4361a109069d8e33cae30e71c187e21615,bdf4aa9462db5c3745f353ea9b69e6ac765a4873984f87a8a66229531e99ca54,central,oi central action run <native-command-id> <input-json>,[],A3->H0,relation,suite-relations,A3,H0,[],,,,,agent-inference,O-I:docs/CANONICAL-PRODUCT-FIELD.md|QL-MEF#19(PR),,,,03:ground-development,L,"{""src_product"": ""Factory"", ""dst_product"": ""Central"", ""ql"": """", ""cf_view"": ""CF4"", ""seam"": ""03:ground-development"", ""defined_in"": ""O-I:docs/CANONICAL-PRODUCT-FIELD.md|QL-MEF#19(PR)"", ""tracked_by"": ""EpiLogos/O-I#29;EpiLogos/Central#24(PR);EpiLogos/agent-system-design#142(PR)"", ""maintenance"": {""updated_at"": ""2026-09-06"", ""change_refs"": [""codex:thread:01a07608-d2ec-7b10-9713-74c445adf8a5""]}, ""last_reconciled_at"": ""2026-09-06T14:30:23.679879+00:00""}",
central,product:central,product:central:ProjectCentral/user/capability-matrix.csv,product:central:ProjectCentral/user/capability-matrix.json,5206de5cca0fc214777ed09a466b3e4361a109069d8e33cae30e71c187e21615,bdf4aa9462db5c3745f353ea9b69e6ac765a4873984f87a8a66229531e99ca54,central,oi central action run <native-command-id> <input-json>,[],A3->A0,relation,suite-relations,A3,A0,[],,,,,agent-inference,O-I:docs/CANONICAL-PRODUCT-FIELD.md|QL-MEF#19(PR),,,,03:ground-development,L,"{""src_product"": ""Factory"", ""dst_product"": ""Central"", ""ql"": """", ""cf_view"": ""CF4"", ""seam"": ""03:ground-development"", ""defined_in"": ""O-I:docs/CANONICAL-PRODUCT-FIELD.md|QL-MEF#19(PR)"", ""tracked_by"": ""EpiLogos/O-I#29;EpiLogos/Central#24(PR);EpiLogos/agent-system-design#142(PR)"", ""maintenance"": {""updated_at"": ""2026-09-06"", ""change_refs"": [""codex:thread:01a07608-d2ec-7b10-9713-74c445adf8a5""]}, ""last_reconciled_at"": ""2026-09-06T14:30:23.679879+00:00""}",
central,product:central,product:central:ProjectCentral/user/capability-matrix.csv,product:central:ProjectCentral/user/capability-matrix.json,5206de5cca0fc214777ed09a466b3e4361a109069d8e33cae30e71c187e21615,bdf4aa9462db5c3745f353ea9b69e6ac765a4873984f87a8a66229531e99ca54,central,oi central action run <native-command-id> <input-json>,[],A4->H0,relation,suite-relations,A4,H0,[],,,,,agent-inference,O-I:docs/CANONICAL-PRODUCT-FIELD.md|QL-MEF#19(PR),,,,04:ground-materialisation,W,"{""src_product"": ""Workcell"", ""dst_product"": ""Central"", ""ql"": """", ""cf_view"": ""CF5/CF6-field"", ""seam"": ""04:ground-materialisation"", ""defined_in"": ""O-I:docs/CANONICAL-PRODUCT-FIELD.md|QL-MEF#19(PR)"", ""tracked_by"": ""EpiLogos/O-I#29;EpiLogos/Central#24(PR);EpiLogos/Workcell#18(PR)"", ""maintenance"": {""updated_at"": ""2026-09-06"", ""change_refs"": [""codex:thread:01a07608-d2ec-7b10-9713-74c445adf8a5""]}, ""last_reconciled_at"": ""2026-09-06T14:30:23.679879+00:00""}",
central,product:central,product:central:ProjectCentral/user/capability-matrix.csv,product:central:ProjectCentral/user/capability-matrix.json,5206de5cca0fc214777ed09a466b3e4361a109069d8e33cae30e71c187e21615,bdf4aa9462db5c3745f353ea9b69e6ac765a4873984f87a8a66229531e99ca54,central,oi central action run <native-command-id> <input-json>,[],A4->A0,relation,suite-relations,A4,A0,[],,,,,agent-inference,O-I:docs/CANONICAL-PRODUCT-FIELD.md|QL-MEF#19(PR),,,,04:ground-materialisation,W,"{""src_product"": ""Workcell"", ""dst_product"": ""Central"", ""ql"": """", ""cf_view"": ""CF5/CF6-field"", ""seam"": ""04:ground-materialisation"", ""defined_in"": ""O-I:docs/CANONICAL-PRODUCT-FIELD.md|QL-MEF#19(PR)"", ""tracked_by"": ""EpiLogos/O-I#29;EpiLogos/Central#24(PR);EpiLogos/Workcell#18(PR)"", ""maintenance"": {""updated_at"": ""2026-09-06"", ""change_refs"": [""codex:thread:01a07608-d2ec-7b10-9713-74c445adf8a5""]}, ""last_reconciled_at"": ""2026-09-06T14:30:23.679879+00:00""}",
central,product:central,product:central:ProjectCentral/user/capability-matrix.csv,product:central:ProjectCentral/user/capability-matrix.json,5206de5cca0fc214777ed09a466b3e4361a109069d8e33cae30e71c187e21615,bdf4aa9462db5c3745f353ea9b69e6ac765a4873984f87a8a66229531e99ca54,central,oi central action run <native-command-id> <input-json>,[],A5->H0,relation,suite-relations,A5,H0,[],,,,,agent-inference,O-I:docs/CANONICAL-PRODUCT-FIELD.md|QL-MEF#19(PR),,,,05/50:ground-synthesis,H,"{""src_product"": ""QL"", ""dst_product"": ""Central"", ""ql"": ""D2-require.inverse|D2-complete.inverse"", ""cf_view"": ""CF7"", ""seam"": ""05/50:ground-synthesis"", ""defined_in"": ""O-I:docs/CANONICAL-PRODUCT-FIELD.md|QL-MEF#19(PR)"", ""tracked_by"": ""EpiLogos/O-I#29;EpiLogos/Central#24(PR);EpiLogos/QL-MEF#19(PR)"", ""maintenance"": {""updated_at"": ""2026-09-06"", ""change_refs"": [""codex:thread:01a07608-d2ec-7b10-9713-74c445adf8a5""]}, ""last_reconciled_at"": ""2026-09-06T14:30:23.679879+00:00""}",
central,product:central,product:central:ProjectCentral/user/capability-matrix.csv,product:central:ProjectCentral/user/capability-matrix.json,5206de5cca0fc214777ed09a466b3e4361a109069d8e33cae30e71c187e21615,bdf4aa9462db5c3745f353ea9b69e6ac765a4873984f87a8a66229531e99ca54,central,oi central action run <native-command-id> <input-json>,[],A5->A0,relation,suite-relations,A5,A0,[],,,,,agent-inference,O-I:docs/CANONICAL-PRODUCT-FIELD.md|QL-MEF#19(PR),,,,05/50:ground-synthesis,H,"{""src_product"": ""QL"", ""dst_product"": ""Central"", ""ql"": ""D3:B3|D3:C1"", ""cf_view"": ""CF7"", ""seam"": ""05/50:ground-synthesis"", ""defined_in"": ""O-I:docs/CANONICAL-PRODUCT-FIELD.md|QL-MEF#19(PR)"", ""tracked_by"": ""EpiLogos/O-I#29;EpiLogos/Central#24(PR);EpiLogos/QL-MEF#19(PR)"", ""maintenance"": {""updated_at"": ""2026-09-06"", ""change_refs"": [""codex:thread:01a07608-d2ec-7b10-9713-74c445adf8a5""]}, ""last_reconciled_at"": ""2026-09-06T14:30:23.679879+00:00""}",
central,product:central,product:central:ProjectCentral/user/capability-matrix.csv,product:central:ProjectCentral/user/capability-matrix.json,5206de5cca0fc214777ed09a466b3e4361a109069d8e33cae30e71c187e21615,bdf4aa9462db5c3745f353ea9b69e6ac765a4873984f87a8a66229531e99ca54,central,oi central action run <native-command-id> <input-json>,[],rel.central.q0.S,relation,product-field,q0,S,[],,,,,agent-inference,ProjectCentral/user/central.html#whole-why,,,central.html#whole/why,"Central aims to fill a gap in agentic work: bringing together the agentic World born in the Human–Agent relationship. An Agent encounters a World through the context it receives. The context of that context is a filesystem. Central gives that filesystem a structure, relating each project’s own Central to common Central ground. Instances of agency on a machine can then be understood as nodes in a field of activity, whose context files and code carry the inputs and outputs of agentic work.",,"{""basis"": ""Exact overview seed text. Capability links follow their existing governing expanded account units; cell placement is editorial inference."", ""seed_ref"": ""central:seed:q0"", ""source_unit"": ""whole-why"", ""seed_sha256"": ""ddc584de51434211c77c553fc7dd55ac64b18878ed644e42751caa6249c1e232"", ""source_standing"": ""authored-human-position"", ""maintenance"": {""updated_at"": ""2026-09-06"", ""change_refs"": [""codex:thread:01a07608-d2ec-7b10-9713-74c445adf8a5""]}, ""last_reconciled_at"": ""2026-09-06T14:30:23.679879+00:00""}",Why?
central,product:central,product:central:ProjectCentral/user/capability-matrix.csv,product:central:ProjectCentral/user/capability-matrix.json,5206de5cca0fc214777ed09a466b3e4361a109069d8e33cae30e71c187e21615,bdf4aa9462db5c3745f353ea9b69e6ac765a4873984f87a8a66229531e99ca54,central,oi central action run <native-command-id> <input-json>,[],rel.central.q1.S,relation,product-field,q1,S,"[""cap.central.root"", ""cap.central.work-entry"", ""cap.central.control-reading"", ""cap.central.machine-declaration"", ""cap.central.machine-reconciliation"", ""cap.central.authored-ground"", ""cap.central.world-map"", ""cap.central.source-reading"", ""cap.central.governance"", ""cap.central.skills"", ""cap.central.personal-surface"", ""cap.central.files""]",,,,,agent-inference,ProjectCentral/user/central.html#whole-what,,,central.html#whole/what,"Central is a CLI that safely and minimally structures a filesystem. It anchors relationships between projects, creates spaces for human- and Agent-developed artifacts, and provides a recursive home for AI work across the system.",,"{""basis"": ""Exact overview seed text; capability links follow their governing account units, including the separately sourced native filesystem-reading contract; cell placement is editorial inference."", ""seed_ref"": ""central:seed:q1"", ""source_unit"": ""whole-what"", ""seed_sha256"": ""33d6b5c46c5c8abcbf22d5f477b4d101bc97ef868ba9af244b9f59e41b74c59d"", ""source_standing"": ""authored-human-position"", ""maintenance"": {""updated_at"": ""2026-09-06"", ""change_refs"": [""codex:thread:01a07608-d2ec-7b10-9713-74c445adf8a5""]}, ""last_reconciled_at"": ""2026-09-06T16:44:00.506207+00:00""}",What?
central,product:central,product:central:ProjectCentral/user/capability-matrix.csv,product:central:ProjectCentral/user/capability-matrix.json,5206de5cca0fc214777ed09a466b3e4361a109069d8e33cae30e71c187e21615,bdf4aa9462db5c3745f353ea9b69e6ac765a4873984f87a8a66229531e99ca54,central,oi central action run <native-command-id> <input-json>,[],rel.central.q2.S,relation,product-field,q2,S,"[""cap.central.machine-recovery"", ""cap.central.projectcentral-lifecycle"", ""cap.central.source-editing"", ""cap.central.now"", ""cap.central.day-rollover"", ""cap.central.flow"", ""cap.central.agent-profiles"", ""cap.central.control-proposals"", ""cap.central.guided-ground-authoring""]",,,,,agent-inference,ProjectCentral/user/central.html#whole-how,,,central.html#whole/how,"Central projects a filesystem structure, laying the infrastructure for Agent navigation and human clarity around work. The conditions that determine an Agent’s World live outside any particular harness session and remain available between its activities. Tending those conditions becomes a quiet starting point for developing one’s own relationship with AI Agents and their work.",,"{""basis"": ""Exact overview seed text. Capability links follow their existing governing expanded account units; cell placement is editorial inference."", ""seed_ref"": ""central:seed:q2"", ""source_unit"": ""whole-how"", ""seed_sha256"": ""527ba9b416d79fc3170742a6afd464800f3728613f326f0640f0cca90b3e4a03"", ""source_standing"": ""authored-human-position"", ""maintenance"": {""updated_at"": ""2026-09-06"", ""change_refs"": [""codex:thread:01a07608-d2ec-7b10-9713-74c445adf8a5""]}, ""last_reconciled_at"": ""2026-09-06T14:30:23.679879+00:00""}",How?
central,product:central,product:central:ProjectCentral/user/capability-matrix.csv,product:central:ProjectCentral/user/capability-matrix.json,5206de5cca0fc214777ed09a466b3e4361a109069d8e33cae30e71c187e21615,bdf4aa9462db5c3745f353ea9b69e6ac765a4873984f87a8a66229531e99ca54,central,oi central action run <native-command-id> <input-json>,[],rel.central.q3.S,relation,product-field,q3,S,"[""cap.central.action-discovery"", ""cap.central.reproject"", ""cap.central.source-change"", ""cap.central.source-history"", ""cap.central.notification""]",,,,,agent-inference,ProjectCentral/user/central.html#whole-whereby,,,central.html#whole/whereby,"For human users, Central is the means by which a simple foundation for organised work and a deliberate User–Agent relationship can be established. It also makes an O:I World—an Objective Internality constituting both Agent and user—available for inspection, sharing and research.",,"{""basis"": ""Exact overview seed text. Capability links follow their existing governing expanded account units; cell placement is editorial inference."", ""seed_ref"": ""central:seed:q3"", ""source_unit"": ""whole-whereby"", ""seed_sha256"": ""197ad399a15b4bf13300c58ec1f708042425b9081b105d900eb6b44f5a2b1ca5"", ""source_standing"": ""authored-human-position"", ""maintenance"": {""updated_at"": ""2026-09-06"", ""change_refs"": [""codex:thread:01a07608-d2ec-7b10-9713-74c445adf8a5""]}, ""last_reconciled_at"": ""2026-09-06T14:30:23.679879+00:00""}",Who / Whereby?
central,product:central,product:central:ProjectCentral/user/capability-matrix.csv,product:central:ProjectCentral/user/capability-matrix.json,5206de5cca0fc214777ed09a466b3e4361a109069d8e33cae30e71c187e21615,bdf4aa9462db5c3745f353ea9b69e6ac765a4873984f87a8a66229531e99ca54,central,oi central action run <native-command-id> <input-json>,[],rel.central.q4.S,relation,product-field,q4,S,[],,,,,agent-inference,ProjectCentral/user/central.html#whole-context,,,central.html#whole/context,"Central is consistent and quiet: the relatively immutable structured ground that gives space and form to the relationships involved in agentic work, between Humans, Agents, Machines and Work.",,"{""basis"": ""Exact overview seed text. Capability links follow their existing governing expanded account units; cell placement is editorial inference."", ""seed_ref"": ""central:seed:q4"", ""source_unit"": ""whole-context"", ""seed_sha256"": ""7e3d0a0497328789aba959820948dfbcbfc2bdf91ce2173e4b95024a57ad7d6e"", ""source_standing"": ""authored-human-position"", ""maintenance"": {""updated_at"": ""2026-09-06"", ""change_refs"": [""codex:thread:01a07608-d2ec-7b10-9713-74c445adf8a5""]}, ""last_reconciled_at"": ""2026-09-06T14:30:23.679879+00:00""}",Where / When?
central,product:central,product:central:ProjectCentral/user/capability-matrix.csv,product:central:ProjectCentral/user/capability-matrix.json,5206de5cca0fc214777ed09a466b3e4361a109069d8e33cae30e71c187e21615,bdf4aa9462db5c3745f353ea9b69e6ac765a4873984f87a8a66229531e99ca54,central,oi central action run <native-command-id> <input-json>,[],rel.central.q5.S,relation,product-field,q5,S,[],,,,,agent-inference,ProjectCentral/user/central.html#whole-purpose,,,central.html#whole/purpose,"Central provides the foundational bootstrap for the O:I paradigm. It is intended as the first install and the only necessary package for beginning to work in that paradigm. A person can keep their existing setup while Central gives it a more integrated, relationally aware structure. This foundation supports the other O:I packages: it gives AIKit’s wiki functions a source home and receives projections from Workcell machine setups. Its first concern is the initial disclosure of a person’s World to an Agent: making the context being offered clear and worth tending. Central gives durable principles, governance and user context a common home from which they can inform projects at the depth and scope the user chooses. The user determines how that material propagates and lives. Central gives the ratified basis a home.",,"{""basis"": ""Exact overview seed text. Capability links follow their existing governing expanded account units; cell placement is editorial inference."", ""seed_ref"": ""central:seed:q5"", ""source_unit"": ""whole-purpose"", ""seed_sha256"": ""7fc462f4d49368faf273584a6e94c4ec4e7c22535f7d04be59c4439e47d650d1"", ""source_standing"": ""authored-human-position"", ""maintenance"": {""updated_at"": ""2026-09-06"", ""change_refs"": [""codex:thread:01a07608-d2ec-7b10-9713-74c445adf8a5""]}, ""last_reconciled_at"": ""2026-09-06T14:30:23.679879+00:00""}",Why-For?
central,product:central,product:central:ProjectCentral/user/capability-matrix.csv,product:central:ProjectCentral/user/capability-matrix.json,5206de5cca0fc214777ed09a466b3e4361a109069d8e33cae30e71c187e21615,bdf4aa9462db5c3745f353ea9b69e6ac765a4873984f87a8a66229531e99ca54,central,oi central action run <native-command-id> <input-json>,[],rel.central.q5.S2,relation,product-field,q5,S2,"[""cap.central.authored-ground"", ""cap.central.source-reading""]",,,,,agent-inference,ProjectCentral/user/central.html#q5-coherence,,,central.html#q5/coherence,AIKit’s wiki functions can develop and disclose knowledge relative to its sources.,,"{""basis"": ""Account sentence, with source capability links added as editorial inference."", ""source_unit"": ""q5-coherence"", ""maintenance"": {""updated_at"": ""2026-09-06"", ""change_refs"": [""codex:thread:01a07608-d2ec-7b10-9713-74c445adf8a5""]}, ""last_reconciled_at"": ""2026-09-06T14:30:23.679879+00:00""}",
central,product:central,product:central:ProjectCentral/user/capability-matrix.csv,product:central:ProjectCentral/user/capability-matrix.json,5206de5cca0fc214777ed09a466b3e4361a109069d8e33cae30e71c187e21615,bdf4aa9462db5c3745f353ea9b69e6ac765a4873984f87a8a66229531e99ca54,central,oi central action run <native-command-id> <input-json>,[],rel.central.q4.S4,relation,product-field,q4,S4,[],,,,,agent-inference,ProjectCentral/user/central.html#q4-contexts,,,central.html#q4/contexts,Central preserves the declared source and native operations; Workcell and the other execution owners determine how work becomes operative on a machine.,,"{""basis"": ""Exact account sentence; cell placement is editorial inference."", ""source_unit"": ""q4-contexts"", ""maintenance"": {""updated_at"": ""2026-09-06"", ""change_refs"": [""codex:thread:01a07608-d2ec-7b10-9713-74c445adf8a5""]}, ""last_reconciled_at"": ""2026-09-06T14:30:23.679879+00:00""}",
central,product:central,product:central:ProjectCentral/user/capability-matrix.csv,product:central:ProjectCentral/user/capability-matrix.json,5206de5cca0fc214777ed09a466b3e4361a109069d8e33cae30e71c187e21615,bdf4aa9462db5c3745f353ea9b69e6ac765a4873984f87a8a66229531e99ca54,central,oi central action run <native-command-id> <input-json>,"[""central.files.history"",""central.files.list"",""central.files.read"",""central.files.recovery_preview"",""central.files.restore"",""central.files.write""]",cap.central.files,capability,,,,[],A person or agent needs to inspect ordinary Central-root material without adopting it or inventing a semantic source identity.,central.files.list returns bounded directory entries and owner locations; central.files.read returns a validated returned location as bounded UTF-8 text.,Eligible regular files and directories can be inspected with exact locations and content revisions while retrieval exclusions and redirected paths refuse access.,Implemented source contract; the gated release executable listed the real Central root in this documentation pass. Linked source tests were not freshly executed.,observed-evidence,docs/NATIVE-FILESYSTEM-READING.md,ctrl/src/files.rs,ctrl/src/files.rs;ctrl/tests/foundation.rs,central.html#q1/entry,,,"{""basis"": ""Native filesystem-reading contract and real gated release execution against the configured Central root."", ""cli_commands"": [""central.files.history"", ""central.files.list"", ""central.files.read"", ""central.files.recovery_preview"", ""central.files.restore"", ""central.files.write""], ""cli_exposure"": {""kind"": ""direct"", ""reason"": ""Both read-only actions are discoverable from Central's native Action registry and executable through ctrl action run.""}, ""maintenance"": {""updated_at"": ""2026-09-08"", ""change_refs"": [""codex:thread:01a07608-d2ec-7b10-9713-74c445adf8a5"", ""reconcile:central-pr-132""], ""code_basis"": {""ctrl/src/files.rs"": ""4ad2f41d8e8fd2b1b91f3feb1c271bfff51b110a86c96f9b9e66569a7021fb11""}}, ""last_reconciled_at"": ""2026-09-08T11:53:39.350344+00:00""}",
central,product:central,product:central:ProjectCentral/user/capability-matrix.csv,product:central:ProjectCentral/user/capability-matrix.json,5206de5cca0fc214777ed09a466b3e4361a109069d8e33cae30e71c187e21615,bdf4aa9462db5c3745f353ea9b69e6ac765a4873984f87a8a66229531e99ca54,central,oi central action run <native-command-id> <input-json>,[],cap.central.pasu-identity,capability,,,,[],A person needs their human identity grounded as a versioned bounded-entity subject the whole toolchain can name without a second registry.,central.pasu/v1 parses and validates nara/agent/agent-set refs; the nara identity-source manifest anchors the authored Control/user/identity folder; ground relations carry the subject ref; central.world exposes identity state with per-file content revisions.,"Identity ownership stays in authored Central ground while Factory, Actuation and AIKit reference one stable subject; identity-source edits are observable as content-revision changes.","source-inspected; exercised by unit, integration and live central.world runs during the authoring session.",agent-inference,../github-recovery-mirror/mirror/Central/issues/108.json;../github-recovery-mirror/mirror/Central/issues/117.json,ctrl/src/pasu.rs;ctrl/src/lib.rs,ctrl/tests/world_map.rs,central.html#q1/entry,,,"{""basis"": ""Owner-directed identity carrier (W10 V1); original verification limits retained."", ""cli_commands"": [], ""cli_exposure"": {""kind"": ""library"", ""reason"": ""The grammar and identity read-model surface through central.world and the ground-relations read path; the capability owns no CLI command of its own.""}, ""code_basis"": {""ctrl/src/lib.rs"": ""e4c9580a563ea19197453930c8770967338f362999d93b6405b19eb3afd47393""}, ""last_reconciled_at"": ""2026-09-11T03:25:32.748696+00:00"", ""maintenance"": {""change_refs"": [""EpiLogos/Central#126"", ""zcode-session-2026-09-07"", ""EpiLogos/Central#126 (W10 V1: central.pasu/v1 identity grammar; world-map/source-change/agent-profile carriers moved — code bases re-reviewed at this revision)"", ""EpiLogos/Central#127 (W10 V2: agent-set/world persistence Actions + attribution seam; cli/now/agent-profile carriers moved — code bases re-reviewed at this revision)"", ""reconcile:central-pr-132"", ""cradle:Central:w2-w4:PR-133"", ""EpiLogos/Central#134 (Flows belong to a register; Central root is one)"", ""EpiLogos/Central#139"", ""EpiLogos/Central#142 (agent-set orchestration + world default set; corrections carry their own provenance — code bases re-reviewed at this revision)"", ""EpiLogos/Central#142"", ""EpiLogos/Central#136"", ""EpiLogos/Central#145"", ""EpiLogos/Central#149""], ""code_basis"": {""ctrl/src/lib.rs"": ""dfe2880510cb08eef151fc3a431585b0b810534530199db854687feb32522a73"", ""ctrl/src/pasu.rs"": ""7e28f75ab14d6404d638a5c1a8bebacae3115a9660638dc7c0ab883fc5b3f606""}, ""updated_at"": ""2026-09-11""}}",
central,product:central,product:central:ProjectCentral/user/capability-matrix.csv,product:central:ProjectCentral/user/capability-matrix.json,5206de5cca0fc214777ed09a466b3e4361a109069d8e33cae30e71c187e21615,bdf4aa9462db5c3745f353ea9b69e6ac765a4873984f87a8a66229531e99ca54,central,oi central action run <native-command-id> <input-json>,"[""central.agent-set.save"",""central.agent-set.list"",""central.agent-set.read"",""central.agent-set.remove"",""central.agent-set.resolve"",""central.world-relations.save"",""central.world-relations.list"",""central.world-relations.read"",""central.world-relations.remove"",""central.world.effective-sources""]",cap.central.bounded-relations,capability,,,,[],A person needs durable authored AgentSets and world relations so composed participation and source propagation survive sessions and stay revisable.,central.agent-set.* and central.world-relations.* persist and resolve central.agent-set/v1 and central.world-relations/v1 records under compare-and-swap revisions; central.agent-set.resolve partitions authored membership against declared availability and rejects cycles; central.world.effective-sources resolves ancestry propagation with per-hop provenance.,Composed agent participation and world source propagation become real operations on real files; authored records never rewrite on availability changes and effective relations stay attributable per hop.,"source-inspected; exercised by unit, integration and live Action runs during the authoring session.",agent-inference,../github-recovery-mirror/mirror/Central/issues/108.json,ctrl/src/agent_set_store.rs;ctrl/src/agent_set_actions.rs;ctrl/src/lib.rs;ctrl/src/world.rs,ctrl/tests/foundation.rs,central.html#q3/interaction,,,"{""basis"": ""Owner-directed persistence slice (W10 V2); the domain model's owned Actions."", ""cli_commands"": [""central.agent-set.save"", ""central.agent-set.list"", ""central.agent-set.read"", ""central.agent-set.remove"", ""central.agent-set.resolve"", ""central.world-relations.save"", ""central.world-relations.list"", ""central.world-relations.read"", ""central.world-relations.remove"", ""central.world.effective-sources""], ""cli_exposure"": {""kind"": ""direct"", ""reason"": ""The listed native Action identities are invocable through ctrl action run and discoverable through ctrl action list.""}, ""code_basis"": {""ctrl/src/lib.rs"": ""e4c9580a563ea19197453930c8770967338f362999d93b6405b19eb3afd47393""}, ""last_reconciled_at"": ""2026-09-11T03:25:32.748696+00:00"", ""maintenance"": {""change_refs"": [""EpiLogos/Central#127"", ""zcode-session-2026-09-07"", ""EpiLogos/Central#127 (W10 V2: agent-set/world persistence Actions + attribution seam; cli/now/agent-profile carriers moved — code bases re-reviewed at this revision)"", ""reconcile:central-pr-132"", ""cradle:Central:w2-w4:PR-133"", ""EpiLogos/Central#134 (Flows belong to a register; Central root is one)"", ""EpiLogos/Central#139"", ""EpiLogos/Central#142 (agent-set orchestration + world default set; corrections carry their own provenance — code bases re-reviewed at this revision)"", ""EpiLogos/Central#142"", ""EpiLogos/Central#136"", ""EpiLogos/Central#145"", ""EpiLogos/Central#148"", ""EpiLogos/Central#149""], ""code_basis"": {""ctrl/src/agent_set_actions.rs"": ""10b49eec868a8c9f64e924a04ade79846234dac0dad2a7c513902868e54d372f"", ""ctrl/src/agent_set_store.rs"": ""6fd0a8c32e9d3033948fccbc83d6d25df1413391650de1685263423b911275e0"", ""ctrl/src/lib.rs"": ""dfe2880510cb08eef151fc3a431585b0b810534530199db854687feb32522a73"", ""ctrl/src/world.rs"": ""cc27a278383c2bb356f187a06f137623bd8a9025c4c538071cc1de1534c647c2""}, ""updated_at"": ""2026-09-11""}}",
central,product:central,product:central:ProjectCentral/user/capability-matrix.csv,product:central:ProjectCentral/user/capability-matrix.json,5206de5cca0fc214777ed09a466b3e4361a109069d8e33cae30e71c187e21615,bdf4aa9462db5c3745f353ea9b69e6ac765a4873984f87a8a66229531e99ca54,central,oi central action run <native-command-id> <input-json>,"[""central.wiki.read"",""projectcentral.wiki.read""]",cap.central.wiki-reading,capability,,,,[],"A person or agent needs to read wiki content as typed, versioned source with revision identity and provenance, not as raw text.",central.wiki.read resolves one wiki node address and returns its typed reading; projectcentral.wiki.read scopes the same seam to a project wiki.,"The reading carries exact resource ref, revision and provenance; display or unread references are explicit states and can never record use.",source-inspected; native suite verified by the orchestrator on the landing tree (cargo test -p ctrl 320 passed).,agent-inference,../O-I/docs/OI-DESKTOP-CRADLE-REBUILD-WAYFINDER.md,ctrl/src/wiki_read.rs,ctrl/tests/foundation.rs,central.html#q1/ground,,,"{""basis"": ""Cradle wave landing evidence; reconciled through the product-ground machinery."", ""cli_commands"": [""central.wiki.read"", ""projectcentral.wiki.read""], ""cli_exposure"": {""kind"": ""direct"", ""reason"": ""The listed native Action identities are invocable through ctrl action run and discoverable through ctrl action list.""}, ""maintenance"": {""updated_at"": ""2026-09-09"", ""change_refs"": [""cradle:Central:w2-w4:PR-133""], ""code_basis"": {""ctrl/src/wiki_read.rs"": ""dfb9f0aceaeec363eb624aab7b729f7c558e25f380be01294b4939f551090398""}}, ""last_reconciled_at"": ""2026-09-09T15:11:26.113026+00:00""}",
central,product:central,product:central:ProjectCentral/user/capability-matrix.csv,product:central:ProjectCentral/user/capability-matrix.json,5206de5cca0fc214777ed09a466b3e4361a109069d8e33cae30e71c187e21615,bdf4aa9462db5c3745f353ea9b69e6ac765a4873984f87a8a66229531e99ca54,central,oi central action run <native-command-id> <input-json>,"[""central.remember"",""projectcentral.remember""]",cap.central.remembered-note,capability,,,,[],"A person needs to remember one selection into a durable destination as a proposal until recognised, so a thought survives the session that produced it.",central.remember and projectcentral.remember write one selection verbatim as a content-addressed remembered note stamped generated-proposal/unrecognised.,"The note lands under Control/agents/remembered with provenance (verbatim selection, source ref, origin action); recognition stays a separate human-owned act with no machine path.",source-inspected; native suite verified by the orchestrator on the landing tree (cargo test -p ctrl 320 passed).,agent-inference,../O-I/docs/OI-DESKTOP-CRADLE-REBUILD-WAYFINDER.md,ctrl/src/remember.rs;ctrl/src/remember_actions.rs;ctrl/src/remember_store.rs,ctrl/tests/foundation.rs,central.html#q2/resume,,,"{""basis"": ""Cradle wave landing evidence; reconciled through the product-ground machinery."", ""cli_commands"": [""central.remember"", ""projectcentral.remember""], ""cli_exposure"": {""kind"": ""direct"", ""reason"": ""The listed native Action identities are invocable through ctrl action run and discoverable through ctrl action list.""}, ""maintenance"": {""updated_at"": ""2026-09-09"", ""change_refs"": [""cradle:Central:w2-w4:PR-133""], ""code_basis"": {""ctrl/src/remember.rs"": ""8888fb67aeb3d8175cf8305fd66af86d03ad4d0b169e27164f634a2dccda3907"", ""ctrl/src/remember_actions.rs"": ""2c764241e95baa3aa5176dc8c4ae23783c74c2b89906626df235014f2da19b4b"", ""ctrl/src/remember_store.rs"": ""fe570a67c36c4101f8c5fb35072bd48ed38301c9e7e6cde5b974e5a8611d546f""}}, ""last_reconciled_at"": ""2026-09-09T15:11:26.113026+00:00""}",
central,product:central,product:central:ProjectCentral/user/capability-matrix.csv,product:central:ProjectCentral/user/capability-matrix.json,5206de5cca0fc214777ed09a466b3e4361a109069d8e33cae30e71c187e21615,bdf4aa9462db5c3745f353ea9b69e6ac765a4873984f87a8a66229531e99ca54,central,oi central action run <native-command-id> <input-json>,"[""central.system""]",cap.central.system,capability,,,,[],"A person or an Agent engaging Central as an O:I suite owner needs one reading of its actual state — what is authored, what Central actually resolved, what is presently observed, and what stands proposed awaiting a human decision — before deciding what to do next, without Central turning into a second settings database or a duplicate Action catalogue.","The read-only central.system Action, reached as `ctrl system --json` (or `ctrl action run central.system --json`), composes Central's own oi.product-settings-disclosure/v2 descriptor across eight sections — ground/register binding, project registers, self-description, machine intent, skills standing, privacy/retrieval markers, pending source-return proposals, accepted source relations, and the native Action field. Each section splits into declared (authored), effective (resolved), active (observed), and staged (awaiting human acceptance) axes with provenance and a drift flag, plus the concrete Action its next change would run through; owner availability (available/degraded/unavailable) is derived from the existing doctor probe rather than hardcoded.","Callers receive one digest-stamped document — a locally implemented, FIPS-180-4-verified SHA-256 over the descriptor with every `*_unix_ms` field zeroed, so repeated readings of unchanged state hash identically — that keeps authored intent, resolved state, live observation and staged proposal distinguishable. `ctrl system --json` emits the bare descriptor on stdout as the O:I composition kernel's mount-seam payload, while the human-readable rendering instead summarises availability and per-section setting counts.","source-inspected; native suite verified on this branch (cargo test -p ctrl 339 passed), including the sha256 FIPS 180-4 vectors, zero_timestamps recursion and doctor-probe-derived availability unit tests inside system_disclosure.rs; `ctrl action list --json` and `ctrl system --json` were run directly against this build and confirmed central.system is discoverable and returns a well-formed descriptor. Desktop/O:I surface acceptance is not established here.",agent-inference,docs/CENTRAL-SYSTEM-SPEC.md,ctrl/src/system_disclosure.rs;ctrl/src/cli.rs;ctrl/src/lib.rs,ctrl/src/system_disclosure.rs,central.html#q3/interaction,,,"{""basis"": ""Wave 5 settings-disclosure capability; central.system composes Central's own oi.product-settings-disclosure/v2 reading as one of six O:I product repos getting the same kind of disclosure surface in this cross-repo initiative."", ""cli_commands"": [""central.system""], ""cli_exposure"": {""kind"": ""direct"", ""reason"": ""central.system is discoverable through ctrl action list and invoked directly as ctrl system --json (or ctrl action run central.system --json); the bare descriptor is emitted on stdout rather than the ActionResult envelope because it is itself the O:I composition kernel's mount-seam payload.""}, ""maintenance"": {""updated_at"": ""2026-09-11"", ""change_refs"": [""EpiLogos/Central#149""], ""code_basis"": {""ctrl/src/system_disclosure.rs"": ""1d56250538cf5d640e661d70e6bc8d008adf018aa27ade1168d8aea28821f663"", ""ctrl/src/cli.rs"": ""3c972c96e911eb2269272a2ca0edb27a824552ba4e902a3cb91cce11fac67159"", ""ctrl/src/lib.rs"": ""dfe2880510cb08eef151fc3a431585b0b810534530199db854687feb32522a73""}}, ""last_reconciled_at"": ""2026-09-11T03:31:18.214409+00:00""}",
actuation,product:actuation,product:actuation:ProjectCentral/user/capability-matrix.csv,product:actuation:ProjectCentral/user/capability-matrix.json,cd7b28368a5481d4e0e1fc5b6f9b3b28e14dfed8183009334549eaa9d0deba0d,0fe32bdcdc72a701d0c1242cca1b3082f5a1a85ff54307fe5c9c6e4457a43c59,actuation,oi <namespace> forwards the native leaf path unchanged,"[""capabilities"",""contract.list"",""harness.capability""]",cap.actuation.discovery,capability,,,,[],A caller needs the native command and contract surface.,actuation capabilities; actuation contract list,Discoverable routes and contract versions for this checkout.,"observed public CLI JSON discovery on this checkout, 2026-09-09: 20 command identities and 10 native contracts",agent-inference,README.md,cli/commands.mjs,cli/actuation.test.mjs,actuation.html#q1/product,,,"{""basis"": ""Source-recovered capability account; original verification limits retained in Markdown."", ""cli_commands"": [""capabilities"", ""contract.list"", ""harness.capability""], ""cli_exposure"": {""kind"": ""direct"", ""reason"": ""The CLI emits its command identities and native contract versions as JSON.""}, ""cli_observation"": {""argv"": [""node"", ""./bin/actuation"", ""capabilities"", ""--json""], ""executed_at"": ""2026-09-09"", ""result_scope"": ""Working-tree CLI surface: actuation.cli/v1, version 0.2.0, 20 command identities and 10 native contracts including agency.actualise and actuation.agency-actualisation/v1."", ""revision_basis"": ""feat/public-agency-actualisation based on 7925f69c99a068fc064eeec6518efea9bb7aa265""}, ""converted_from_sha256"": ""0a76352c705f30682c115a1347bfa3a1e5300b25a6ba1cf542b1b11da5175369"", ""maintenance"": {""change_refs"": [""actuation:#30"", ""actuation:#31"", ""actuation:#33"", ""codex:thread:01a07608-d2ec-7b10-9713-74c445adf8a5"", ""github-recovery-mirror/mirror/Actuation/issues/1.json"", ""actuation:#39"", ""actuation:#44"", ""wiki-continuity:model-route-join""], ""code_basis"": {""cli/commands.mjs"": ""6a2e6030ff3a5146ef5b9b428240d610a6fd46b35be847595dfb70123cb272a9""}, ""updated_at"": ""2026-09-09""}, ""last_reconciled_at"": ""2026-09-09T17:53:41.060067+00:00""}",
actuation,product:actuation,product:actuation:ProjectCentral/user/capability-matrix.csv,product:actuation:ProjectCentral/user/capability-matrix.json,cd7b28368a5481d4e0e1fc5b6f9b3b28e14dfed8183009334549eaa9d0deba0d,0fe32bdcdc72a701d0c1242cca1b3082f5a1a85ff54307fe5c9c6e4457a43c59,actuation,oi <namespace> forwards the native leaf path unchanged,"[""agency.read"",""agency.actualise""]",cap.actuation.world-binding,capability,,,,[],A reader needs to know which Agent and Agency act in which World and scope.,actuation agency; actuation agency actualise; validateWorldBinding; isRootAgency,Validated situated identity and positional root reading; exact WorldBinding retained by authority-gated actualisation.,contract-tested read and public actualisation binding; no material provisioning claimed,agent-inference,docs/WORLD-BOUND-ROOT-AGENCY.md,contracts/agency.mjs;contracts/agency-actualisation.mjs;cli/commands.mjs,contracts/agency.test.mjs;cli/agency-actualisation.test.mjs,actuation.html#q1/agency,,,"{""basis"": ""Source-recovered capability account; original verification limits retained in Markdown."", ""cli_commands"": [""agency.read"", ""agency.actualise""], ""cli_exposure"": {""kind"": ""direct"", ""reason"": ""The CLI reads supplied Agency relations and actualises a supplied exact WorldBinding only through the metagency authority gate.""}, ""converted_from_sha256"": ""0a76352c705f30682c115a1347bfa3a1e5300b25a6ba1cf542b1b11da5175369"", ""maintenance"": {""change_refs"": [""codex:thread:01a07608-d2ec-7b10-9713-74c445adf8a5"", ""github-recovery-mirror/mirror/Actuation/issues/1.json"", ""actuation:#44"", ""wiki-continuity:model-route-join""], ""code_basis"": {""contracts/agency.mjs"": ""91f48560a2773fd93abeeaf77a6321bd04f7954e5c670d58f26d083709e2f5a5"", ""contracts/agency-actualisation.mjs"": ""ecc64e6886e9cb16dcf9e2f094a4d0d3d420b9ca2edf7dee0341febe0545262e"", ""cli/commands.mjs"": ""6a2e6030ff3a5146ef5b9b428240d610a6fd46b35be847595dfb70123cb272a9""}, ""updated_at"": ""2026-09-09""}, ""last_reconciled_at"": ""2026-09-09T17:53:41.060067+00:00""}",
actuation,product:actuation,product:actuation:ProjectCentral/user/capability-matrix.csv,product:actuation:ProjectCentral/user/capability-matrix.json,cd7b28368a5481d4e0e1fc5b6f9b3b28e14dfed8183009334549eaa9d0deba0d,0fe32bdcdc72a701d0c1242cca1b3082f5a1a85ff54307fe5c9c6e4457a43c59,actuation,oi <namespace> forwards the native leaf path unchanged,"[""agency.read"",""agency.actualise""]",cap.actuation.metagency,capability,,,,[],A governing actor needs explicit authority to act on agency.,actuation agency actualise; actualiseAgency; validateMetagencyGrant; agencyReadModel,Inspectable grants and an authority-gated semantic actualisation receipt in the exact bound World.,contract-tested public determination/actualisation; configuration and material provisioning remain outside this operation,agent-inference,docs/WORLD-BOUND-ROOT-AGENCY.md,contracts/agency.mjs;contracts/agency-actualisation.mjs;cli/commands.mjs,contracts/agency.test.mjs;cli/agency-actualisation.test.mjs,actuation.html#q3/boundaries,,,"{""basis"": ""Source-recovered capability account; original verification limits retained in Markdown."", ""cli_commands"": [""agency.read"", ""agency.actualise""], ""cli_exposure"": {""kind"": ""direct"", ""reason"": ""The public actualisation command exercises a matching explicit MetagencyGrant; visibility, capability and participation refs cannot replace it.""}, ""converted_from_sha256"": ""0a76352c705f30682c115a1347bfa3a1e5300b25a6ba1cf542b1b11da5175369"", ""maintenance"": {""change_refs"": [""codex:thread:01a07608-d2ec-7b10-9713-74c445adf8a5"", ""github-recovery-mirror/mirror/Actuation/issues/1.json"", ""actuation:#44"", ""wiki-continuity:model-route-join""], ""code_basis"": {""contracts/agency.mjs"": ""91f48560a2773fd93abeeaf77a6321bd04f7954e5c670d58f26d083709e2f5a5"", ""contracts/agency-actualisation.mjs"": ""ecc64e6886e9cb16dcf9e2f094a4d0d3d420b9ca2edf7dee0341febe0545262e"", ""cli/commands.mjs"": ""6a2e6030ff3a5146ef5b9b428240d610a6fd46b35be847595dfb70123cb272a9""}, ""updated_at"": ""2026-09-09""}, ""last_reconciled_at"": ""2026-09-09T17:53:41.060067+00:00""}",
actuation,product:actuation,product:actuation:ProjectCentral/user/capability-matrix.csv,product:actuation:ProjectCentral/user/capability-matrix.json,cd7b28368a5481d4e0e1fc5b6f9b3b28e14dfed8183009334549eaa9d0deba0d,0fe32bdcdc72a701d0c1242cca1b3082f5a1a85ff54307fe5c9c6e4457a43c59,actuation,oi <namespace> forwards the native leaf path unchanged,"[""agency.actualise""]",cap.actuation.determination,capability,,,,[],"Participants need explicit origin, delegated autonomy and recursive lineage.",actuation agency actualise; actualiseAgency; validateDetermination; validateDeterminationLineage,"Public bounded actualisation preserving distinct self-differentiation, delegation, derivation and federation lineage.",contract-tested public determination/actualisation; physical rematerialisation proof remains outstanding,agent-inference,docs/WORLD-BOUND-ROOT-AGENCY.md;README.md,contracts/agency.mjs;contracts/agency-actualisation.mjs;cli/commands.mjs;contracts/agency-actualisation-v1.schema.json,contracts/agency.test.mjs;cli/agency-actualisation.test.mjs,actuation.html#q2/commission,,,"{""basis"": ""Source-recovered capability account; original verification limits retained in Markdown."", ""cli_commands"": [""agency.actualise""], ""cli_exposure"": {""kind"": ""direct"", ""reason"": ""The CLI actualises the supplied determination after exact authority, binding, bounds, lineage, identity and Return checks.""}, ""converted_from_sha256"": ""0a76352c705f30682c115a1347bfa3a1e5300b25a6ba1cf542b1b11da5175369"", ""maintenance"": {""change_refs"": [""codex:thread:01a07608-d2ec-7b10-9713-74c445adf8a5"", ""github-recovery-mirror/mirror/Actuation/issues/1.json"", ""actuation:#44"", ""wiki-continuity:model-route-join""], ""code_basis"": {""contracts/agency.mjs"": ""91f48560a2773fd93abeeaf77a6321bd04f7954e5c670d58f26d083709e2f5a5"", ""contracts/agency-actualisation.mjs"": ""ecc64e6886e9cb16dcf9e2f094a4d0d3d420b9ca2edf7dee0341febe0545262e"", ""cli/commands.mjs"": ""6a2e6030ff3a5146ef5b9b428240d610a6fd46b35be847595dfb70123cb272a9"", ""contracts/agency-actualisation-v1.schema.json"": ""3732c1ec149038e4e3872c229cf8ba46814f04c5f26b6b328c528420609e8713""}, ""updated_at"": ""2026-09-09""}, ""last_reconciled_at"": ""2026-09-09T17:53:41.060067+00:00""}",
actuation,product:actuation,product:actuation:ProjectCentral/user/capability-matrix.csv,product:actuation:ProjectCentral/user/capability-matrix.json,cd7b28368a5481d4e0e1fc5b6f9b3b28e14dfed8183009334549eaa9d0deba0d,0fe32bdcdc72a701d0c1242cca1b3082f5a1a85ff54307fe5c9c6e4457a43c59,actuation,oi <namespace> forwards the native leaf path unchanged,"[""agency.read"",""agency.actualise""]",cap.actuation.return,capability,,,,[],A governing decision needs attributable difference from completed or interrupted work.,actuation agency; actuation agency actualise; validateReturn; agencyReadModel,Return provenance and state remain distinct; actualisation preserves the Return relation without recognising it or mutating source.,contract-tested relation preservation; Return recognition and world/source mutation are explicitly not performed,agent-inference,docs/WORLD-BOUND-ROOT-AGENCY.md,contracts/agency.mjs;contracts/agency-actualisation.mjs;cli/commands.mjs,contracts/agency.test.mjs;cli/agency-actualisation.test.mjs,actuation.html#q2/follow,,,"{""basis"": ""Source-recovered capability account; original verification limits retained in Markdown."", ""cli_commands"": [""agency.read"", ""agency.actualise""], ""cli_exposure"": {""kind"": ""composed"", ""reason"": ""The actualisation receipt preserves the required Return relation and explicitly performs no recognition or source mutation; Return records remain readable through agency.read.""}, ""converted_from_sha256"": ""0a76352c705f30682c115a1347bfa3a1e5300b25a6ba1cf542b1b11da5175369"", ""maintenance"": {""change_refs"": [""codex:thread:01a07608-d2ec-7b10-9713-74c445adf8a5"", ""github-recovery-mirror/mirror/Actuation/issues/1.json"", ""actuation:#44"", ""wiki-continuity:model-route-join""], ""code_basis"": {""contracts/agency.mjs"": ""91f48560a2773fd93abeeaf77a6321bd04f7954e5c670d58f26d083709e2f5a5"", ""contracts/agency-actualisation.mjs"": ""ecc64e6886e9cb16dcf9e2f094a4d0d3d420b9ca2edf7dee0341febe0545262e"", ""cli/commands.mjs"": ""6a2e6030ff3a5146ef5b9b428240d610a6fd46b35be847595dfb70123cb272a9""}, ""updated_at"": ""2026-09-09""}, ""last_reconciled_at"": ""2026-09-09T17:53:41.060067+00:00""}",
actuation,product:actuation,product:actuation:ProjectCentral/user/capability-matrix.csv,product:actuation:ProjectCentral/user/capability-matrix.json,cd7b28368a5481d4e0e1fc5b6f9b3b28e14dfed8183009334549eaa9d0deba0d,0fe32bdcdc72a701d0c1242cca1b3082f5a1a85ff54307fe5c9c6e4457a43c59,actuation,oi <namespace> forwards the native leaf path unchanged,"[""realised.read""]",cap.actuation.realised,capability,,,,[],A person needs to inspect the acting condition already present.,actuation realised; realisedActuationReadModel,"An evidence-bearing reading of Agent, Agency, WorldBinding, recurrence and body refs.","contract-tested: selected 36-test run, 2026-09-06",agent-inference,docs/REALISED-ACTUATION-LOOP.md,contracts/realised-actuation.mjs,contracts/realised-actuation.test.mjs,actuation.html#q1/observation,,,"{""basis"": ""Source-recovered capability account; original verification limits retained in Markdown."", ""cli_commands"": [""realised.read""], ""cli_exposure"": {""kind"": ""direct"", ""reason"": ""The CLI reads a supplied realised-actuation record.""}, ""converted_from_sha256"": ""0a76352c705f30682c115a1347bfa3a1e5300b25a6ba1cf542b1b11da5175369"", ""maintenance"": {""change_refs"": [""codex:thread:01a07608-d2ec-7b10-9713-74c445adf8a5"", ""github-recovery-mirror/mirror/Actuation/issues/1.json""], ""code_basis"": {""contracts/realised-actuation.mjs"": ""c1ca31f78acce5db5bf334a445036e79fb20ee15aa18f58099b8e6f60e48b839""}, ""updated_at"": ""2026-09-06""}, ""last_reconciled_at"": ""2026-09-06T14:30:23.797672+00:00""}",
actuation,product:actuation,product:actuation:ProjectCentral/user/capability-matrix.csv,product:actuation:ProjectCentral/user/capability-matrix.json,cd7b28368a5481d4e0e1fc5b6f9b3b28e14dfed8183009334549eaa9d0deba0d,0fe32bdcdc72a701d0c1242cca1b3082f5a1a85ff54307fe5c9c6e4457a43c59,actuation,oi <namespace> forwards the native leaf path unchanged,[],cap.actuation.continuity,capability,,,,[],A reader needs to distinguish body change from semantic identity change.,continuityDelta,Attributed differences between two realised receipts.,"contract-tested: selected 36-test run, 2026-09-06",agent-inference,docs/REALISED-ACTUATION-LOOP.md,contracts/realised-actuation.mjs,contracts/realised-actuation.test.mjs,actuation.html#q3/identities,,,"{""basis"": ""Source-recovered capability account; original verification limits retained in Markdown."", ""cli_commands"": [], ""cli_exposure"": {""kind"": ""library"", ""reason"": ""continuityDelta is a library operation; the CLI emits no continuity command.""}, ""converted_from_sha256"": ""0a76352c705f30682c115a1347bfa3a1e5300b25a6ba1cf542b1b11da5175369"", ""maintenance"": {""change_refs"": [""codex:thread:01a07608-d2ec-7b10-9713-74c445adf8a5"", ""github-recovery-mirror/mirror/Actuation/issues/1.json""], ""code_basis"": {""contracts/realised-actuation.mjs"": ""c1ca31f78acce5db5bf334a445036e79fb20ee15aa18f58099b8e6f60e48b839""}, ""updated_at"": ""2026-09-06""}, ""last_reconciled_at"": ""2026-09-06T14:30:23.797672+00:00""}",
actuation,product:actuation,product:actuation:ProjectCentral/user/capability-matrix.csv,product:actuation:ProjectCentral/user/capability-matrix.json,cd7b28368a5481d4e0e1fc5b6f9b3b28e14dfed8183009334549eaa9d0deba0d,0fe32bdcdc72a701d0c1242cca1b3082f5a1a85ff54307fe5c9c6e4457a43c59,actuation,oi <namespace> forwards the native leaf path unchanged,"[""stream.read"",""stream.open"",""stream.record"",""stream.replay"",""stream.close""]",cap.actuation.stream,capability,,,,[],Surfaces need to read and resume attributable unfolding work.,actuation stream; actuation stream open; actuation stream record; actuation stream replay; actuation stream close; actuationStreamReadModel; ActuationStreamJournal; openDurableStream; recordBoundaryOccurrence; replayDurableStream; closeDurableStream,"Ordered event reads, append, replay, subscription and closure in the reference implementation; durable append-only JSONL store with descriptor-validated boundary occurrence recording.","contract-tested incl. the durable store (17 tests, 2026-09-06); harness-boundary forwarding not wired yet; cross-surface deployment not exercised",agent-inference,docs/ACTUATION-STREAM.md,contracts/actuation-stream.mjs;contracts/actuation-stream-store.mjs;cli/commands.mjs,contracts/actuation-stream.test.mjs;contracts/actuation-stream-store.test.mjs;cli/stream-store.test.mjs,actuation.html#q2/follow,,,"{""basis"": ""Source-recovered capability account; original verification limits retained in Markdown."", ""cli_commands"": [""stream.read"", ""stream.open"", ""stream.record"", ""stream.replay"", ""stream.close""], ""cli_exposure"": {""kind"": ""direct"", ""reason"": ""The CLI reads a supplied Actuation Stream and records boundary occurrences into the durable descriptor-validated store.""}, ""converted_from_sha256"": ""0a76352c705f30682c115a1347bfa3a1e5300b25a6ba1cf542b1b11da5175369"", ""maintenance"": {""change_refs"": [""actuation:#33"", ""codex:thread:01a07608-d2ec-7b10-9713-74c445adf8a5"", ""github-recovery-mirror/mirror/Actuation/issues/1.json"", ""actuation:#39"", ""actuation:#44"", ""wiki-continuity:model-route-join""], ""code_basis"": {""contracts/actuation-stream.mjs"": ""0437bc3bf619bc1cc513ac9f22e086481f6f13a76883f9561bf2bd9f6bc58399"", ""contracts/actuation-stream-store.mjs"": ""e8152e10b95b07f8414fa7baded9863e6c76bae9564d08d24994a3852d553d2f"", ""cli/commands.mjs"": ""6a2e6030ff3a5146ef5b9b428240d610a6fd46b35be847595dfb70123cb272a9""}, ""updated_at"": ""2026-09-09""}, ""last_reconciled_at"": ""2026-09-09T17:53:41.060067+00:00""}",
actuation,product:actuation,product:actuation:ProjectCentral/user/capability-matrix.csv,product:actuation:ProjectCentral/user/capability-matrix.json,cd7b28368a5481d4e0e1fc5b6f9b3b28e14dfed8183009334549eaa9d0deba0d,0fe32bdcdc72a701d0c1242cca1b3082f5a1a85ff54307fe5c9c6e4457a43c59,actuation,oi <namespace> forwards the native leaf path unchanged,"[""activity.read""]",cap.actuation.activity,capability,,,,[],A person needs a meaningful summary with a route back to trace evidence.,actuation activity; activityFromActuationStream; activityFromStreamEvent,"Semantic subject, phase and outcome with reversible Stream references.","contract-tested: selected 36-test run, 2026-09-06",agent-inference,docs/ACTIVITY.md,contracts/activity.mjs,contracts/activity.test.mjs,actuation.html#q1/observation,,,"{""basis"": ""Source-recovered capability account; original verification limits retained in Markdown."", ""cli_commands"": [""activity.read""], ""cli_exposure"": {""kind"": ""direct"", ""reason"": ""The CLI reads and validates a supplied Activity record.""}, ""converted_from_sha256"": ""0a76352c705f30682c115a1347bfa3a1e5300b25a6ba1cf542b1b11da5175369"", ""maintenance"": {""change_refs"": [""codex:thread:01a07608-d2ec-7b10-9713-74c445adf8a5"", ""github-recovery-mirror/mirror/Actuation/issues/1.json"", ""actuation:#39""], ""code_basis"": {""contracts/activity.mjs"": ""c6a499d19247e9d39ec0244c20ce6e1fb05e25ba83dc73fbef58ec9cbf5924bc""}, ""updated_at"": ""2026-09-08""}, ""last_reconciled_at"": ""2026-09-08T23:08:58.074153+00:00""}",
actuation,product:actuation,product:actuation:ProjectCentral/user/capability-matrix.csv,product:actuation:ProjectCentral/user/capability-matrix.json,cd7b28368a5481d4e0e1fc5b6f9b3b28e14dfed8183009334549eaa9d0deba0d,0fe32bdcdc72a701d0c1242cca1b3082f5a1a85ff54307fe5c9c6e4457a43c59,actuation,oi <namespace> forwards the native leaf path unchanged,"[""usage.read"",""stream.usage""]",cap.actuation.model-usage,capability,,,,[],"Consumers need measurable model use correlated with Agency, Activity and Return without parsing provider logs or inventing cost.",actuation usage; actuation stream usage; validateModelUsageObservation; modelUsageFromClaudeCodeTranscript; recordModelUsageObservation,"Provider-truthful model, token, cache, timing and cost observations attached to ActuationStream and referenced by Activity, recorded either by normalizing one native transcript adapter or by validating an already-normalized actuation.model-usage/v1 observation straight through — both adapters share the identical stream-consistency, dedup and append-only recording path.","contract-tested: 192 native tests passed 2026-09-09; Claude Code transcript adapter grounded in a live native record shape; the observation adapter accepts pre-normalized evidence from any reporter without a second recording path — it is one-way telemetry, never read back as an availability or catalogue source; no provider cost or latency is claimed where the record did not supply it; an unrecognised adapter is refused by name rather than silently accepted",agent-inference,docs/ACTUATION-STREAM.md;docs/ACTIVITY.md,contracts/model-usage.mjs;contracts/actuation-stream-store.mjs;contracts/activity.mjs;cli/commands.mjs;cli/actuation.mjs;cli/surface.mjs;contracts/activity-v1.schema.json;contracts/actuation-stream-v1.schema.json;contracts/model-usage-v1.schema.json,contracts/model-usage.test.mjs;contracts/actuation-stream-store.test.mjs;contracts/activity.test.mjs;cli/stream-store.test.mjs,actuation.html#q1/observation,,,"{""basis"": ""Actuation #39 implementation reconciled against executable contracts and native tests."", ""cli_commands"": [""usage.read"", ""stream.usage""], ""cli_exposure"": {""kind"": ""direct"", ""reason"": ""The CLI validates portable usage observations and normalizes one supported Claude Code native transcript event into the durable Stream.""}, ""maintenance"": {""change_refs"": [""actuation:#39"", ""actuation:#44"", ""wiki-continuity:model-route-join""], ""code_basis"": {""contracts/model-usage.mjs"": ""dd4143c5cf94ea65bd785e9067fd1bc3ad5dac76880361442377000b02ba368a"", ""contracts/actuation-stream-store.mjs"": ""e8152e10b95b07f8414fa7baded9863e6c76bae9564d08d24994a3852d553d2f"", ""contracts/activity.mjs"": ""c6a499d19247e9d39ec0244c20ce6e1fb05e25ba83dc73fbef58ec9cbf5924bc"", ""cli/commands.mjs"": ""6a2e6030ff3a5146ef5b9b428240d610a6fd46b35be847595dfb70123cb272a9"", ""cli/actuation.mjs"": ""54ffa145993a0a7fd8bb5e84baff9bb08ea299a5841bd71cc631b54f54cb280d"", ""cli/surface.mjs"": ""fff47f1d9647ce24b08e29475e601d83ce6aaa24acbd4f9ad9168854c451c856"", ""contracts/activity-v1.schema.json"": ""9c18f3909889b5c31c7a848603d7cdb9a2b8c3ed7ce30a6a8f60dc4aac91a083"", ""contracts/actuation-stream-v1.schema.json"": ""5fb12e60d064012c06780f5d40e7b3bd057ac3c7f3841c03a6381a12d8cee9ff"", ""contracts/model-usage-v1.schema.json"": ""42215b3f06dffe5bfba53b0f51db6400d5b8739098c4fb1275f7a006579615cb""}, ""updated_at"": ""2026-09-09""}, ""last_reconciled_at"": ""2026-09-09T17:50:08.535039+00:00""}",
actuation,product:actuation,product:actuation:ProjectCentral/user/capability-matrix.csv,product:actuation:ProjectCentral/user/capability-matrix.json,cd7b28368a5481d4e0e1fc5b6f9b3b28e14dfed8183009334549eaa9d0deba0d,0fe32bdcdc72a701d0c1242cca1b3082f5a1a85ff54307fe5c9c6e4457a43c59,actuation,oi <namespace> forwards the native leaf path unchanged,"[""harness.catalog"",""harness.detect""]",cap.actuation.harness-detection,capability,,,,[],A caller needs evidence of locally available harness candidates.,actuation harness catalog; actuation harness detect,"Catalogued candidates and detected, absent or unavailable results with receipts; each entry carries its declared native_kind, and a model-provider facet may carry a typed inventory of provider-native model ids read from the declared service endpoint. The harness-capability contract (catalog r6) additionally declares each dispatch-relevant harness's optional model_dispatch: which provider(s) it natively binds to, how a model is named on the harness's own surface (config-key, cli-flag or env-var), and whether a credential is required and hinted — never which models a provider serves, which stays the provider's own catalogue.","observed read-only catalog and machine-local detection with version probes, 2026-09-06; catalog r5 adds native_kind on every detection entry and a service-backed model inventory facet (Ollama), verified live 2026-09-09; catalog r6 adds the optional model_dispatch block to actuation.harness-capability/v1 - claude-code binds provider:anthropic and codex binds provider:openai (both selector config-key model, credential required), zcode declares kind:none because no model-provider binding is evidenced anywhere in this repo; contract-tested: 192 native tests passed 2026-09-09; result is environment-scoped",agent-inference,README.md,detection/detect.mjs;detection/catalog.mjs;contracts/harness-detection.mjs;contracts/harness-detection-v1.schema.json;detection/probes.mjs;detection/harnesses/ollama.mjs;contracts/harness-capability.mjs;contracts/harness-capability-v1.schema.json;detection/capabilities/claude-code.mjs;detection/capabilities/codex.mjs;detection/capabilities/zcode.mjs,detection/detect.test.mjs;contracts/harness-detection.test.mjs;contracts/harness-capability.test.mjs;detection/capabilities.test.mjs,actuation.html#q4/environment,,,"{""basis"": ""Source-recovered capability account; original verification limits retained in Markdown."", ""cli_commands"": [""harness.catalog"", ""harness.detect""], ""cli_exposure"": {""kind"": ""direct"", ""reason"": ""The CLI emits the declared catalog and executes local harness detection.""}, ""cli_observation"": {""additional_probe"": {""argv"": [""node"", ""./bin/actuation"", ""harness"", ""detect"", ""--versions"", ""--json""], ""executed_at"": ""2026-09-06T14:04:42Z"", ""result_scope"": ""Machine-local observation: all 12 catalog descriptors were detected; version receipts were emitted where their descriptor declares a version probe.""}, ""argv"": [""node"", ""./bin/actuation"", ""harness"", ""catalog"", ""--json""], ""catalog_revision"": 2, ""executed_at"": ""2026-09-06T14:04:42Z"", ""result_scope"": ""Catalog r2 emitted 12 declared descriptors.""}, ""converted_from_sha256"": ""0a76352c705f30682c115a1347bfa3a1e5300b25a6ba1cf542b1b11da5175369"", ""maintenance"": {""change_refs"": [""codex:thread:01a07608-d2ec-7b10-9713-74c445adf8a5"", ""github-recovery-mirror/mirror/Actuation/issues/1.json"", ""wiki-continuity:model-catalogue-route-join"", ""wiki-continuity:model-route-join""], ""code_basis"": {""detection/catalog.mjs"": ""52647f8953bfd9783b7447eb6c6b58c5c815469dded842d2d453cc566b0d5fee"", ""detection/detect.mjs"": ""299a00864b41d11226dbd40273121e08b5929d791165dcba59750ec35e3b402f"", ""contracts/harness-detection.mjs"": ""6892048e5fcfede6c18967dd418101b59d0583c3f5e4d4130461be236c0bf56b"", ""contracts/harness-detection-v1.schema.json"": ""f62f89dc92c700e4a0647b8e241401dbad2046a47308fc4a0c087cf2dbb0bd4d"", ""detection/probes.mjs"": ""eaf0169c798c5e41cec374150051d33b197f6e09e5b1127bd72dae6dd6c5000a"", ""detection/harnesses/ollama.mjs"": ""bd94e2a0d065d5e5f69f89fa2f94eb5ea66c79adefb5b72296c00c01f2eef673"", ""contracts/harness-capability.mjs"": ""861a4ca76151377df0800cc7898f61551df9f4fed7c6b003979277ea1ce8c844"", ""contracts/harness-capability-v1.schema.json"": ""48a465834c59049cc8291d335a92aa5ae4aee74b9ed662c4784e8b62dcde4c2b"", ""detection/capabilities/claude-code.mjs"": ""aaf0e58272ce72746338cc096a8711719e70d7135a1912548da0f29de549ea24"", ""detection/capabilities/codex.mjs"": ""0352fd0e8d729d8c8f3f07cbc16a5e7b8ce72e4b1fc56648f7ea05883cd907e5"", ""detection/capabilities/zcode.mjs"": ""4577fb9a0f8ad741d78445caacf53c2740342305910621dccf515350e9adfb2f""}, ""updated_at"": ""2026-09-09""}, ""last_reconciled_at"": ""2026-09-09T17:50:08.535039+00:00""}",
actuation,product:actuation,product:actuation:ProjectCentral/user/capability-matrix.csv,product:actuation:ProjectCentral/user/capability-matrix.json,cd7b28368a5481d4e0e1fc5b6f9b3b28e14dfed8183009334549eaa9d0deba0d,0fe32bdcdc72a701d0c1242cca1b3082f5a1a85ff54307fe5c9c6e4457a43c59,actuation,oi <namespace> forwards the native leaf path unchanged,"[""harness.self""]",cap.actuation.harness-self,capability,,,,[],An actor needs to identify its current harness where environment markers permit.,actuation harness self,Resolved marker identity or explicit ambiguity with local detection context.,"observed read-only self query, 2026-09-06; resolved null because no environment marker matched",agent-inference,README.md,detection/self.mjs,detection/self.test.mjs,actuation.html#q4/environment,,,"{""basis"": ""Source-recovered capability account; original verification limits retained in Markdown."", ""cli_commands"": [""harness.self""], ""cli_exposure"": {""kind"": ""direct"", ""reason"": ""The CLI emits its environment-marker self-detection reading.""}, ""cli_observation"": {""argv"": [""node"", ""./bin/actuation"", ""harness"", ""self"", ""--json""], ""catalog_revision"": 2, ""executed_at"": ""2026-09-06T14:04:42Z"", ""result_scope"": ""Local self query returned matched: [], resolved: null, ambiguity: false; it did not identify this running harness.""}, ""converted_from_sha256"": ""0a76352c705f30682c115a1347bfa3a1e5300b25a6ba1cf542b1b11da5175369"", ""maintenance"": {""change_refs"": [""codex:thread:01a07608-d2ec-7b10-9713-74c445adf8a5"", ""github-recovery-mirror/mirror/Actuation/issues/1.json""], ""code_basis"": {""detection/self.mjs"": ""4e21366797b81edd944c16ed219fa74e11fa78292a0a6f95b67bc0e3b33b3c72""}, ""updated_at"": ""2026-09-06""}, ""last_reconciled_at"": ""2026-09-06T14:30:23.797672+00:00""}",
actuation,product:actuation,product:actuation:ProjectCentral/user/capability-matrix.csv,product:actuation:ProjectCentral/user/capability-matrix.json,cd7b28368a5481d4e0e1fc5b6f9b3b28e14dfed8183009334549eaa9d0deba0d,0fe32bdcdc72a701d0c1242cca1b3082f5a1a85ff54307fe5c9c6e4457a43c59,actuation,oi <namespace> forwards the native leaf path unchanged,"[""instantiation.read"",""instantiation.record""]",cap.actuation.instantiation,capability,,,,[],"An integration needs to preserve model, engine, surface and material relationships.",actuation instantiation; actuation instantiation record; attachDetectionEvidence,Portable receipt with separated access/placement facts and optional detected harness binding or JSONL recording.,"receipt contracts tested; recorder CLI source-inspected, not live exercised",agent-inference,README.md,contracts/instantiation.mjs;cli/commands.mjs,contracts/instantiation.test.mjs;cli/actuation.test.mjs,actuation.html#q1/product,,,"{""basis"": ""Source-recovered capability account; original verification limits retained in Markdown."", ""cli_commands"": [""instantiation.read"", ""instantiation.record""], ""cli_exposure"": {""kind"": ""direct"", ""reason"": ""The CLI reads instantiation receipts and exposes an explicit recorder route; this pass did not execute the mutating recorder.""}, ""converted_from_sha256"": ""0a76352c705f30682c115a1347bfa3a1e5300b25a6ba1cf542b1b11da5175369"", ""maintenance"": {""change_refs"": [""actuation:#33"", ""codex:thread:01a07608-d2ec-7b10-9713-74c445adf8a5"", ""github-recovery-mirror/mirror/Actuation/issues/1.json"", ""actuation:#39"", ""actuation:#44"", ""wiki-continuity:model-route-join""], ""code_basis"": {""cli/commands.mjs"": ""6a2e6030ff3a5146ef5b9b428240d610a6fd46b35be847595dfb70123cb272a9"", ""contracts/instantiation.mjs"": ""c4b6552f410dd8876761159477816ed8253eea881ef70f7926d9bc898167d47c""}, ""updated_at"": ""2026-09-09""}, ""last_reconciled_at"": ""2026-09-09T17:53:41.060067+00:00""}",
actuation,product:actuation,product:actuation:ProjectCentral/user/capability-matrix.csv,product:actuation:ProjectCentral/user/capability-matrix.json,cd7b28368a5481d4e0e1fc5b6f9b3b28e14dfed8183009334549eaa9d0deba0d,0fe32bdcdc72a701d0c1242cca1b3082f5a1a85ff54307fe5c9c6e4457a43c59,actuation,oi <namespace> forwards the native leaf path unchanged,[],cap.actuation.research,capability,,,,[],Researchers need attributable comparisons of agency and harness conditions.,Pinned QL runtime experiment and comparison procedures,"Experimental records that can support critique, replay and later accepted findings.",experimental; no live capability-effect result claimed by this pass,agent-inference,docs/QL-RUNTIME-MIGRATION.md;../github-recovery-mirror/mirror/Actuation/issues/26.json,experiments/ql-runtime/prime/run.mjs,experiments/ql-runtime/prime/test/prime-structural.test.mjs,actuation.html#q4/research,,,"{""basis"": ""Source-recovered capability account; original verification limits retained in Markdown."", ""cli_commands"": [], ""cli_exposure"": {""kind"": ""intent"", ""reason"": ""Research procedures are experimental and no CLI research command is emitted.""}, ""converted_from_sha256"": ""0a76352c705f30682c115a1347bfa3a1e5300b25a6ba1cf542b1b11da5175369"", ""maintenance"": {""change_refs"": [""codex:thread:01a07608-d2ec-7b10-9713-74c445adf8a5"", ""github-recovery-mirror/mirror/Actuation/issues/26.json"", ""actuation:#46"", ""actuation:#44""], ""code_basis"": {""experiments/ql-runtime/prime/run.mjs"": ""3efdc1da4db79a5c243f122dfcfeaff00ad56db740438944d0e7dd1fb97e9bce""}, ""updated_at"": ""2026-09-09""}, ""last_reconciled_at"": ""2026-09-09T09:12:46.650796+00:00""}",
actuation,product:actuation,product:actuation:ProjectCentral/user/capability-matrix.csv,product:actuation:ProjectCentral/user/capability-matrix.json,cd7b28368a5481d4e0e1fc5b6f9b3b28e14dfed8183009334549eaa9d0deba0d,0fe32bdcdc72a701d0c1242cca1b3082f5a1a85ff54307fe5c9c6e4457a43c59,actuation,oi <namespace> forwards the native leaf path unchanged,"[""verify""]",cap.actuation.verification,capability,,,,[],Developers need to check portable contract behaviour before integration.,actuation verify; node --test selected native contract suites,A bounded native test result and discoverable verification command.,"192 full native tests passed 2026-09-09, including the public actualisation Wayfinder conformance cases and the new harness-capability model_dispatch and stream-usage observation-adapter coverage; physical rematerialisation remains untested",agent-inference,README.md,cli/commands.mjs,contracts/agency.test.mjs;contracts/realised-actuation.test.mjs;contracts/actuation-stream.test.mjs;contracts/activity.test.mjs;contracts/instantiation.test.mjs;cli/agency-actualisation.test.mjs,actuation.html#q5/verification,,,"{""basis"": ""Source-recovered capability account; original verification limits retained in Markdown."", ""cli_commands"": [""verify""], ""cli_exposure"": {""kind"": ""direct"", ""reason"": ""The CLI executes all discovered native suites; this change observed status ok across 18 test files and 164 passing tests.""}, ""converted_from_sha256"": ""0a76352c705f30682c115a1347bfa3a1e5300b25a6ba1cf542b1b11da5175369"", ""maintenance"": {""change_refs"": [""actuation:#33"", ""codex:thread:01a07608-d2ec-7b10-9713-74c445adf8a5"", ""github-recovery-mirror/mirror/Actuation/issues/1.json"", ""actuation:#39"", ""actuation:#44"", ""wiki-continuity:model-route-join""], ""code_basis"": {""cli/commands.mjs"": ""6a2e6030ff3a5146ef5b9b428240d610a6fd46b35be847595dfb70123cb272a9""}, ""updated_at"": ""2026-09-09""}, ""last_reconciled_at"": ""2026-09-09T17:53:41.060067+00:00""}",
actuation,product:actuation,product:actuation:ProjectCentral/user/capability-matrix.csv,product:actuation:ProjectCentral/user/capability-matrix.json,cd7b28368a5481d4e0e1fc5b6f9b3b28e14dfed8183009334549eaa9d0deba0d,0fe32bdcdc72a701d0c1242cca1b3082f5a1a85ff54307fe5c9c6e4457a43c59,actuation,oi <namespace> forwards the native leaf path unchanged,[],H0->H1,relation,suite-relations,H0,H1,[],,,,,agent-inference,O-I:docs/CANONICAL-PRODUCT-FIELD.md|QL-MEF#19(PR),,,,01:grounded-agency,H,"{""src_product"": ""Central"", ""dst_product"": ""Actuation"", ""ql"": ""A1"", ""cf_view"": ""CF2"", ""seam"": ""01:grounded-agency"", ""defined_in"": ""O-I:docs/CANONICAL-PRODUCT-FIELD.md|QL-MEF#19(PR)"", ""tracked_by"": ""EpiLogos/O-I#29;EpiLogos/Central#24(PR);EpiLogos/Actuation#4"", ""maintenance"": {""updated_at"": ""2026-09-06"", ""change_refs"": [""codex:thread:01a07608-d2ec-7b10-9713-74c445adf8a5""]}, ""last_reconciled_at"": ""2026-09-06T14:30:23.797672+00:00""}",
actuation,product:actuation,product:actuation:ProjectCentral/user/capability-matrix.csv,product:actuation:ProjectCentral/user/capability-matrix.json,cd7b28368a5481d4e0e1fc5b6f9b3b28e14dfed8183009334549eaa9d0deba0d,0fe32bdcdc72a701d0c1242cca1b3082f5a1a85ff54307fe5c9c6e4457a43c59,actuation,oi <namespace> forwards the native leaf path unchanged,[],H0->A1,relation,suite-relations,H0,A1,[],,,,,agent-inference,O-I:docs/CANONICAL-PRODUCT-FIELD.md|QL-MEF#19(PR),,,,01:grounded-agency,H,"{""src_product"": ""Central"", ""dst_product"": ""Actuation"", ""ql"": ""D2-transform"", ""cf_view"": ""CF2"", ""seam"": ""01:grounded-agency"", ""defined_in"": ""O-I:docs/CANONICAL-PRODUCT-FIELD.md|QL-MEF#19(PR)"", ""tracked_by"": ""EpiLogos/O-I#29;EpiLogos/Central#24(PR);EpiLogos/Actuation#4"", ""maintenance"": {""updated_at"": ""2026-09-06"", ""change_refs"": [""codex:thread:01a07608-d2ec-7b10-9713-74c445adf8a5""]}, ""last_reconciled_at"": ""2026-09-06T14:30:23.797672+00:00""}",
actuation,product:actuation,product:actuation:ProjectCentral/user/capability-matrix.csv,product:actuation:ProjectCentral/user/capability-matrix.json,cd7b28368a5481d4e0e1fc5b6f9b3b28e14dfed8183009334549eaa9d0deba0d,0fe32bdcdc72a701d0c1242cca1b3082f5a1a85ff54307fe5c9c6e4457a43c59,actuation,oi <namespace> forwards the native leaf path unchanged,[],H1->H0,relation,suite-relations,H1,H0,[],,,,,agent-inference,O-I:docs/CANONICAL-PRODUCT-FIELD.md|QL-MEF#19(PR),,,,01:grounded-agency,H,"{""src_product"": ""Actuation"", ""dst_product"": ""Central"", ""ql"": ""A1"", ""cf_view"": ""CF2"", ""seam"": ""01:grounded-agency"", ""defined_in"": ""O-I:docs/CANONICAL-PRODUCT-FIELD.md|QL-MEF#19(PR)"", ""tracked_by"": ""EpiLogos/O-I#29;EpiLogos/Central#24(PR);EpiLogos/Actuation#4"", ""maintenance"": {""updated_at"": ""2026-09-06"", ""change_refs"": [""codex:thread:01a07608-d2ec-7b10-9713-74c445adf8a5""]}, ""last_reconciled_at"": ""2026-09-06T14:30:23.797672+00:00""}",
actuation,product:actuation,product:actuation:ProjectCentral/user/capability-matrix.csv,product:actuation:ProjectCentral/user/capability-matrix.json,cd7b28368a5481d4e0e1fc5b6f9b3b28e14dfed8183009334549eaa9d0deba0d,0fe32bdcdc72a701d0c1242cca1b3082f5a1a85ff54307fe5c9c6e4457a43c59,actuation,oi <namespace> forwards the native leaf path unchanged,[],H1->H1,relation,suite-relations,H1,H1,[],,,,,agent-inference,O-I:docs/CANONICAL-PRODUCT-FIELD.md|QL-MEF#19(PR),,,,self:Actuation,I,"{""src_product"": ""Actuation"", ""dst_product"": ""Actuation"", ""ql"": """", ""cf_view"": ""CF2"", ""seam"": ""self:Actuation"", ""defined_in"": ""O-I:docs/CANONICAL-PRODUCT-FIELD.md|QL-MEF#19(PR)"", ""tracked_by"": ""EpiLogos/O-I#29;EpiLogos/Actuation#1;EpiLogos/Actuation#4"", ""maintenance"": {""updated_at"": ""2026-09-06"", ""change_refs"": [""codex:thread:01a07608-d2ec-7b10-9713-74c445adf8a5""]}, ""last_reconciled_at"": ""2026-09-06T14:30:23.797672+00:00""}",
actuation,product:actuation,product:actuation:ProjectCentral/user/capability-matrix.csv,product:actuation:ProjectCentral/user/capability-matrix.json,cd7b28368a5481d4e0e1fc5b6f9b3b28e14dfed8183009334549eaa9d0deba0d,0fe32bdcdc72a701d0c1242cca1b3082f5a1a85ff54307fe5c9c6e4457a43c59,actuation,oi <namespace> forwards the native leaf path unchanged,[],H1->H2,relation,suite-relations,H1,H2,[],,,,,agent-inference,O-I:docs/CANONICAL-PRODUCT-FIELD.md|QL-MEF#19(PR),,,,12:agency-operative-body,H,"{""src_product"": ""Actuation"", ""dst_product"": ""AIKit"", ""ql"": ""B1"", ""cf_view"": ""CF3"", ""seam"": ""12:agency-operative-body"", ""defined_in"": ""O-I:docs/CANONICAL-PRODUCT-FIELD.md|QL-MEF#19(PR)"", ""tracked_by"": ""EpiLogos/O-I#29;EpiLogos/Actuation#1;EpiLogos/ai-kit#58(PR)"", ""maintenance"": {""updated_at"": ""2026-09-06"", ""change_refs"": [""codex:thread:01a07608-d2ec-7b10-9713-74c445adf8a5""]}, ""last_reconciled_at"": ""2026-09-06T14:30:23.797672+00:00""}",
actuation,product:actuation,product:actuation:ProjectCentral/user/capability-matrix.csv,product:actuation:ProjectCentral/user/capability-matrix.json,cd7b28368a5481d4e0e1fc5b6f9b3b28e14dfed8183009334549eaa9d0deba0d,0fe32bdcdc72a701d0c1242cca1b3082f5a1a85ff54307fe5c9c6e4457a43c59,actuation,oi <namespace> forwards the native leaf path unchanged,[],H1->H3,relation,suite-relations,H1,H3,[],,,,,agent-inference,O-I:docs/CANONICAL-PRODUCT-FIELD.md|QL-MEF#19(PR),,,,13:agency-development,S,"{""src_product"": ""Actuation"", ""dst_product"": ""Factory"", ""ql"": """", ""cf_view"": ""CF4"", ""seam"": ""13:agency-development"", ""defined_in"": ""O-I:docs/CANONICAL-PRODUCT-FIELD.md|QL-MEF#19(PR)"", ""tracked_by"": ""EpiLogos/O-I#29;EpiLogos/Actuation#1;EpiLogos/agent-system-design#142(PR)"", ""maintenance"": {""updated_at"": ""2026-09-06"", ""change_refs"": [""codex:thread:01a07608-d2ec-7b10-9713-74c445adf8a5""]}, ""last_reconciled_at"": ""2026-09-06T14:30:23.797672+00:00""}",
actuation,product:actuation,product:actuation:ProjectCentral/user/capability-matrix.csv,product:actuation:ProjectCentral/user/capability-matrix.json,cd7b28368a5481d4e0e1fc5b6f9b3b28e14dfed8183009334549eaa9d0deba0d,0fe32bdcdc72a701d0c1242cca1b3082f5a1a85ff54307fe5c9c6e4457a43c59,actuation,oi <namespace> forwards the native leaf path unchanged,[],H1->H4,relation,suite-relations,H1,H4,[],,,,,agent-inference,O-I:docs/CANONICAL-PRODUCT-FIELD.md|QL-MEF#19(PR),,,,14:agency-embodiment,H,"{""src_product"": ""Actuation"", ""dst_product"": ""Workcell"", ""ql"": ""C2"", ""cf_view"": ""CF5-field"", ""seam"": ""14:agency-embodiment"", ""defined_in"": ""O-I:docs/CANONICAL-PRODUCT-FIELD.md|QL-MEF#19(PR)"", ""tracked_by"": ""EpiLogos/O-I#29;EpiLogos/Actuation#1;EpiLogos/Workcell#18(PR)"", ""maintenance"": {""updated_at"": ""2026-09-06"", ""change_refs"": [""codex:thread:01a07608-d2ec-7b10-9713-74c445adf8a5""]}, ""last_reconciled_at"": ""2026-09-06T14:30:23.797672+00:00""}",
actuation,product:actuation,product:actuation:ProjectCentral/user/capability-matrix.csv,product:actuation:ProjectCentral/user/capability-matrix.json,cd7b28368a5481d4e0e1fc5b6f9b3b28e14dfed8183009334549eaa9d0deba0d,0fe32bdcdc72a701d0c1242cca1b3082f5a1a85ff54307fe5c9c6e4457a43c59,actuation,oi <namespace> forwards the native leaf path unchanged,[],H1->H5,relation,suite-relations,H1,H5,[],,,,,agent-inference,O-I:docs/CANONICAL-PRODUCT-FIELD.md|QL-MEF#19(PR),,,,15:agency-ql,S,"{""src_product"": ""Actuation"", ""dst_product"": ""QL"", ""ql"": """", ""cf_view"": """", ""seam"": ""15:agency-ql"", ""defined_in"": ""O-I:docs/CANONICAL-PRODUCT-FIELD.md|QL-MEF#19(PR)"", ""tracked_by"": ""EpiLogos/O-I#29;EpiLogos/Actuation#1;EpiLogos/QL-MEF#19(PR)"", ""maintenance"": {""updated_at"": ""2026-09-06"", ""change_refs"": [""codex:thread:01a07608-d2ec-7b10-9713-74c445adf8a5""]}, ""last_reconciled_at"": ""2026-09-06T14:30:23.797672+00:00""}",
actuation,product:actuation,product:actuation:ProjectCentral/user/capability-matrix.csv,product:actuation:ProjectCentral/user/capability-matrix.json,cd7b28368a5481d4e0e1fc5b6f9b3b28e14dfed8183009334549eaa9d0deba0d,0fe32bdcdc72a701d0c1242cca1b3082f5a1a85ff54307fe5c9c6e4457a43c59,actuation,oi <namespace> forwards the native leaf path unchanged,[],H1->A0,relation,suite-relations,H1,A0,[],,,,,agent-inference,O-I:docs/CANONICAL-PRODUCT-FIELD.md|QL-MEF#19(PR),,,,01:grounded-agency,H,"{""src_product"": ""Actuation"", ""dst_product"": ""Central"", ""ql"": ""D2-require"", ""cf_view"": ""CF2"", ""seam"": ""01:grounded-agency"", ""defined_in"": ""O-I:docs/CANONICAL-PRODUCT-FIELD.md|QL-MEF#19(PR)"", ""tracked_by"": ""EpiLogos/O-I#29;EpiLogos/Central#24(PR);EpiLogos/Actuation#4"", ""maintenance"": {""updated_at"": ""2026-09-06"", ""change_refs"": [""codex:thread:01a07608-d2ec-7b10-9713-74c445adf8a5""]}, ""last_reconciled_at"": ""2026-09-06T14:30:23.797672+00:00""}",
actuation,product:actuation,product:actuation:ProjectCentral/user/capability-matrix.csv,product:actuation:ProjectCentral/user/capability-matrix.json,cd7b28368a5481d4e0e1fc5b6f9b3b28e14dfed8183009334549eaa9d0deba0d,0fe32bdcdc72a701d0c1242cca1b3082f5a1a85ff54307fe5c9c6e4457a43c59,actuation,oi <namespace> forwards the native leaf path unchanged,[],H1->A1,relation,suite-relations,H1,A1,[],,,,,agent-inference,O-I:docs/CANONICAL-PRODUCT-FIELD.md|QL-MEF#19(PR),,,,conjugation:Actuation,H,"{""src_product"": ""Actuation"", ""dst_product"": ""Actuation"", ""ql"": ""D1"", ""cf_view"": ""CF2"", ""seam"": ""conjugation:Actuation"", ""defined_in"": ""O-I:docs/CANONICAL-PRODUCT-FIELD.md|QL-MEF#19(PR)"", ""tracked_by"": ""EpiLogos/O-I#29;EpiLogos/Actuation#1;EpiLogos/Actuation#4"", ""maintenance"": {""updated_at"": ""2026-09-06"", ""change_refs"": [""codex:thread:01a07608-d2ec-7b10-9713-74c445adf8a5""]}, ""last_reconciled_at"": ""2026-09-06T14:30:23.797672+00:00""}",
actuation,product:actuation,product:actuation:ProjectCentral/user/capability-matrix.csv,product:actuation:ProjectCentral/user/capability-matrix.json,cd7b28368a5481d4e0e1fc5b6f9b3b28e14dfed8183009334549eaa9d0deba0d,0fe32bdcdc72a701d0c1242cca1b3082f5a1a85ff54307fe5c9c6e4457a43c59,actuation,oi <namespace> forwards the native leaf path unchanged,[],H1->A2,relation,suite-relations,H1,A2,[],,,,,agent-inference,O-I:docs/CANONICAL-PRODUCT-FIELD.md|QL-MEF#19(PR),,,,12:agency-operative-body,H,"{""src_product"": ""Actuation"", ""dst_product"": ""AIKit"", ""ql"": ""D2-transform"", ""cf_view"": ""CF3"", ""seam"": ""12:agency-operative-body"", ""defined_in"": ""O-I:docs/CANONICAL-PRODUCT-FIELD.md|QL-MEF#19(PR)"", ""tracked_by"": ""EpiLogos/O-I#29;EpiLogos/Actuation#1;EpiLogos/ai-kit#58(PR)"", ""maintenance"": {""updated_at"": ""2026-09-06"", ""change_refs"": [""codex:thread:01a07608-d2ec-7b10-9713-74c445adf8a5""]}, ""last_reconciled_at"": ""2026-09-06T14:30:23.797672+00:00""}",
actuation,product:actuation,product:actuation:ProjectCentral/user/capability-matrix.csv,product:actuation:ProjectCentral/user/capability-matrix.json,cd7b28368a5481d4e0e1fc5b6f9b3b28e14dfed8183009334549eaa9d0deba0d,0fe32bdcdc72a701d0c1242cca1b3082f5a1a85ff54307fe5c9c6e4457a43c59,actuation,oi <namespace> forwards the native leaf path unchanged,[],H1->A3,relation,suite-relations,H1,A3,[],,,,,agent-inference,O-I:docs/CANONICAL-PRODUCT-FIELD.md|QL-MEF#19(PR),,,,13:agency-development,S,"{""src_product"": ""Actuation"", ""dst_product"": ""Factory"", ""ql"": """", ""cf_view"": ""CF4"", ""seam"": ""13:agency-development"", ""defined_in"": ""O-I:docs/CANONICAL-PRODUCT-FIELD.md|QL-MEF#19(PR)"", ""tracked_by"": ""EpiLogos/O-I#29;EpiLogos/Actuation#1;EpiLogos/agent-system-design#142(PR)"", ""maintenance"": {""updated_at"": ""2026-09-06"", ""change_refs"": [""codex:thread:01a07608-d2ec-7b10-9713-74c445adf8a5""]}, ""last_reconciled_at"": ""2026-09-06T14:30:23.797672+00:00""}",
actuation,product:actuation,product:actuation:ProjectCentral/user/capability-matrix.csv,product:actuation:ProjectCentral/user/capability-matrix.json,cd7b28368a5481d4e0e1fc5b6f9b3b28e14dfed8183009334549eaa9d0deba0d,0fe32bdcdc72a701d0c1242cca1b3082f5a1a85ff54307fe5c9c6e4457a43c59,actuation,oi <namespace> forwards the native leaf path unchanged,[],H1->A4,relation,suite-relations,H1,A4,[],,,,,agent-inference,O-I:docs/CANONICAL-PRODUCT-FIELD.md|QL-MEF#19(PR),,,,14:agency-embodiment,H,"{""src_product"": ""Actuation"", ""dst_product"": ""Workcell"", ""ql"": ""D2-complete"", ""cf_view"": ""CF5-field"", ""seam"": ""14:agency-embodiment"", ""defined_in"": ""O-I:docs/CANONICAL-PRODUCT-FIELD.md|QL-MEF#19(PR)"", ""tracked_by"": ""EpiLogos/O-I#29;EpiLogos/Actuation#1;EpiLogos/Workcell#18(PR)"", ""maintenance"": {""updated_at"": ""2026-09-06"", ""change_refs"": [""codex:thread:01a07608-d2ec-7b10-9713-74c445adf8a5""]}, ""last_reconciled_at"": ""2026-09-06T14:30:23.797672+00:00""}",
actuation,product:actuation,product:actuation:ProjectCentral/user/capability-matrix.csv,product:actuation:ProjectCentral/user/capability-matrix.json,cd7b28368a5481d4e0e1fc5b6f9b3b28e14dfed8183009334549eaa9d0deba0d,0fe32bdcdc72a701d0c1242cca1b3082f5a1a85ff54307fe5c9c6e4457a43c59,actuation,oi <namespace> forwards the native leaf path unchanged,[],H1->A5,relation,suite-relations,H1,A5,[],,,,,agent-inference,O-I:docs/CANONICAL-PRODUCT-FIELD.md|QL-MEF#19(PR),,,,15:agency-ql,S,"{""src_product"": ""Actuation"", ""dst_product"": ""QL"", ""ql"": """", ""cf_view"": """", ""seam"": ""15:agency-ql"", ""defined_in"": ""O-I:docs/CANONICAL-PRODUCT-FIELD.md|QL-MEF#19(PR)"", ""tracked_by"": ""EpiLogos/O-I#29;EpiLogos/Actuation#1;EpiLogos/QL-MEF#19(PR)"", ""maintenance"": {""updated_at"": ""2026-09-06"", ""change_refs"": [""codex:thread:01a07608-d2ec-7b10-9713-74c445adf8a5""]}, ""last_reconciled_at"": ""2026-09-06T14:30:23.797672+00:00""}",
actuation,product:actuation,product:actuation:ProjectCentral/user/capability-matrix.csv,product:actuation:ProjectCentral/user/capability-matrix.json,cd7b28368a5481d4e0e1fc5b6f9b3b28e14dfed8183009334549eaa9d0deba0d,0fe32bdcdc72a701d0c1242cca1b3082f5a1a85ff54307fe5c9c6e4457a43c59,actuation,oi <namespace> forwards the native leaf path unchanged,[],H2->H1,relation,suite-relations,H2,H1,[],,,,,agent-inference,O-I:docs/CANONICAL-PRODUCT-FIELD.md|QL-MEF#19(PR),,,,12:agency-operative-body,H,"{""src_product"": ""AIKit"", ""dst_product"": ""Actuation"", ""ql"": ""B1"", ""cf_view"": ""CF3"", ""seam"": ""12:agency-operative-body"", ""defined_in"": ""O-I:docs/CANONICAL-PRODUCT-FIELD.md|QL-MEF#19(PR)"", ""tracked_by"": ""EpiLogos/O-I#29;EpiLogos/Actuation#1;EpiLogos/ai-kit#58(PR)"", ""maintenance"": {""updated_at"": ""2026-09-06"", ""change_refs"": [""codex:thread:01a07608-d2ec-7b10-9713-74c445adf8a5""]}, ""last_reconciled_at"": ""2026-09-06T14:30:23.797672+00:00""}",
actuation,product:actuation,product:actuation:ProjectCentral/user/capability-matrix.csv,product:actuation:ProjectCentral/user/capability-matrix.json,cd7b28368a5481d4e0e1fc5b6f9b3b28e14dfed8183009334549eaa9d0deba0d,0fe32bdcdc72a701d0c1242cca1b3082f5a1a85ff54307fe5c9c6e4457a43c59,actuation,oi <namespace> forwards the native leaf path unchanged,[],H2->A1,relation,suite-relations,H2,A1,[],,,,,agent-inference,O-I:docs/CANONICAL-PRODUCT-FIELD.md|QL-MEF#19(PR),,,,12:agency-operative-body,H,"{""src_product"": ""AIKit"", ""dst_product"": ""Actuation"", ""ql"": ""D2-require"", ""cf_view"": ""CF3"", ""seam"": ""12:agency-operative-body"", ""defined_in"": ""O-I:docs/CANONICAL-PRODUCT-FIELD.md|QL-MEF#19(PR)"", ""tracked_by"": ""EpiLogos/O-I#29;EpiLogos/Actuation#1;EpiLogos/ai-kit#58(PR)"", ""maintenance"": {""updated_at"": ""2026-09-06"", ""change_refs"": [""codex:thread:01a07608-d2ec-7b10-9713-74c445adf8a5""]}, ""last_reconciled_at"": ""2026-09-06T14:30:23.797672+00:00""}",
actuation,product:actuation,product:actuation:ProjectCentral/user/capability-matrix.csv,product:actuation:ProjectCentral/user/capability-matrix.json,cd7b28368a5481d4e0e1fc5b6f9b3b28e14dfed8183009334549eaa9d0deba0d,0fe32bdcdc72a701d0c1242cca1b3082f5a1a85ff54307fe5c9c6e4457a43c59,actuation,oi <namespace> forwards the native leaf path unchanged,[],H3->H1,relation,suite-relations,H3,H1,[],,,,,agent-inference,O-I:docs/CANONICAL-PRODUCT-FIELD.md|QL-MEF#19(PR),,,,13:agency-development,S,"{""src_product"": ""Factory"", ""dst_product"": ""Actuation"", ""ql"": """", ""cf_view"": ""CF4"", ""seam"": ""13:agency-development"", ""defined_in"": ""O-I:docs/CANONICAL-PRODUCT-FIELD.md|QL-MEF#19(PR)"", ""tracked_by"": ""EpiLogos/O-I#29;EpiLogos/Actuation#1;EpiLogos/agent-system-design#142(PR)"", ""maintenance"": {""updated_at"": ""2026-09-06"", ""change_refs"": [""codex:thread:01a07608-d2ec-7b10-9713-74c445adf8a5""]}, ""last_reconciled_at"": ""2026-09-06T14:30:23.797672+00:00""}",
actuation,product:actuation,product:actuation:ProjectCentral/user/capability-matrix.csv,product:actuation:ProjectCentral/user/capability-matrix.json,cd7b28368a5481d4e0e1fc5b6f9b3b28e14dfed8183009334549eaa9d0deba0d,0fe32bdcdc72a701d0c1242cca1b3082f5a1a85ff54307fe5c9c6e4457a43c59,actuation,oi <namespace> forwards the native leaf path unchanged,[],H3->A1,relation,suite-relations,H3,A1,[],,,,,agent-inference,O-I:docs/CANONICAL-PRODUCT-FIELD.md|QL-MEF#19(PR),,,,13:agency-development,S,"{""src_product"": ""Factory"", ""dst_product"": ""Actuation"", ""ql"": """", ""cf_view"": ""CF4"", ""seam"": ""13:agency-development"", ""defined_in"": ""O-I:docs/CANONICAL-PRODUCT-FIELD.md|QL-MEF#19(PR)"", ""tracked_by"": ""EpiLogos/O-I#29;EpiLogos/Actuation#1;EpiLogos/agent-system-design#142(PR)"", ""maintenance"": {""updated_at"": ""2026-09-06"", ""change_refs"": [""codex:thread:01a07608-d2ec-7b10-9713-74c445adf8a5""]}, ""last_reconciled_at"": ""2026-09-06T14:30:23.797672+00:00""}",
actuation,product:actuation,product:actuation:ProjectCentral/user/capability-matrix.csv,product:actuation:ProjectCentral/user/capability-matrix.json,cd7b28368a5481d4e0e1fc5b6f9b3b28e14dfed8183009334549eaa9d0deba0d,0fe32bdcdc72a701d0c1242cca1b3082f5a1a85ff54307fe5c9c6e4457a43c59,actuation,oi <namespace> forwards the native leaf path unchanged,[],H4->H1,relation,suite-relations,H4,H1,[],,,,,agent-inference,O-I:docs/CANONICAL-PRODUCT-FIELD.md|QL-MEF#19(PR),,,,14:agency-embodiment,H,"{""src_product"": ""Workcell"", ""dst_product"": ""Actuation"", ""ql"": ""C2"", ""cf_view"": ""CF5-field"", ""seam"": ""14:agency-embodiment"", ""defined_in"": ""O-I:docs/CANONICAL-PRODUCT-FIELD.md|QL-MEF#19(PR)"", ""tracked_by"": ""EpiLogos/O-I#29;EpiLogos/Actuation#1;EpiLogos/Workcell#18(PR)"", ""maintenance"": {""updated_at"": ""2026-09-06"", ""change_refs"": [""codex:thread:01a07608-d2ec-7b10-9713-74c445adf8a5""]}, ""last_reconciled_at"": ""2026-09-06T14:30:23.797672+00:00""}",
actuation,product:actuation,product:actuation:ProjectCentral/user/capability-matrix.csv,product:actuation:ProjectCentral/user/capability-matrix.json,cd7b28368a5481d4e0e1fc5b6f9b3b28e14dfed8183009334549eaa9d0deba0d,0fe32bdcdc72a701d0c1242cca1b3082f5a1a85ff54307fe5c9c6e4457a43c59,actuation,oi <namespace> forwards the native leaf path unchanged,[],H4->A1,relation,suite-relations,H4,A1,[],,,,,agent-inference,O-I:docs/CANONICAL-PRODUCT-FIELD.md|QL-MEF#19(PR),,,,14:agency-embodiment,H,"{""src_product"": ""Workcell"", ""dst_product"": ""Actuation"", ""ql"": ""D2-complete"", ""cf_view"": ""CF5-field"", ""seam"": ""14:agency-embodiment"", ""defined_in"": ""O-I:docs/CANONICAL-PRODUCT-FIELD.md|QL-MEF#19(PR)"", ""tracked_by"": ""EpiLogos/O-I#29;EpiLogos/Actuation#1;EpiLogos/Workcell#18(PR)"", ""maintenance"": {""updated_at"": ""2026-09-06"", ""change_refs"": [""codex:thread:01a07608-d2ec-7b10-9713-74c445adf8a5""]}, ""last_reconciled_at"": ""2026-09-06T14:30:23.797672+00:00""}",
actuation,product:actuation,product:actuation:ProjectCentral/user/capability-matrix.csv,product:actuation:ProjectCentral/user/capability-matrix.json,cd7b28368a5481d4e0e1fc5b6f9b3b28e14dfed8183009334549eaa9d0deba0d,0fe32bdcdc72a701d0c1242cca1b3082f5a1a85ff54307fe5c9c6e4457a43c59,actuation,oi <namespace> forwards the native leaf path unchanged,[],H5->H1,relation,suite-relations,H5,H1,[],,,,,agent-inference,O-I:docs/CANONICAL-PRODUCT-FIELD.md|QL-MEF#19(PR),,,,15:agency-ql,S,"{""src_product"": ""QL"", ""dst_product"": ""Actuation"", ""ql"": """", ""cf_view"": """", ""seam"": ""15:agency-ql"", ""defined_in"": ""O-I:docs/CANONICAL-PRODUCT-FIELD.md|QL-MEF#19(PR)"", ""tracked_by"": ""EpiLogos/O-I#29;EpiLogos/Actuation#1;EpiLogos/QL-MEF#19(PR)"", ""maintenance"": {""updated_at"": ""2026-09-06"", ""change_refs"": [""codex:thread:01a07608-d2ec-7b10-9713-74c445adf8a5""]}, ""last_reconciled_at"": ""2026-09-06T14:30:23.797672+00:00""}",
actuation,product:actuation,product:actuation:ProjectCentral/user/capability-matrix.csv,product:actuation:ProjectCentral/user/capability-matrix.json,cd7b28368a5481d4e0e1fc5b6f9b3b28e14dfed8183009334549eaa9d0deba0d,0fe32bdcdc72a701d0c1242cca1b3082f5a1a85ff54307fe5c9c6e4457a43c59,actuation,oi <namespace> forwards the native leaf path unchanged,[],H5->A1,relation,suite-relations,H5,A1,[],,,,,agent-inference,O-I:docs/CANONICAL-PRODUCT-FIELD.md|QL-MEF#19(PR),,,,15:agency-ql,S,"{""src_product"": ""QL"", ""dst_product"": ""Actuation"", ""ql"": """", ""cf_view"": """", ""seam"": ""15:agency-ql"", ""defined_in"": ""O-I:docs/CANONICAL-PRODUCT-FIELD.md|QL-MEF#19(PR)"", ""tracked_by"": ""EpiLogos/O-I#29;EpiLogos/Actuation#1;EpiLogos/QL-MEF#19(PR)"", ""maintenance"": {""updated_at"": ""2026-09-06"", ""change_refs"": [""codex:thread:01a07608-d2ec-7b10-9713-74c445adf8a5""]}, ""last_reconciled_at"": ""2026-09-06T14:30:23.797672+00:00""}",
actuation,product:actuation,product:actuation:ProjectCentral/user/capability-matrix.csv,product:actuation:ProjectCentral/user/capability-matrix.json,cd7b28368a5481d4e0e1fc5b6f9b3b28e14dfed8183009334549eaa9d0deba0d,0fe32bdcdc72a701d0c1242cca1b3082f5a1a85ff54307fe5c9c6e4457a43c59,actuation,oi <namespace> forwards the native leaf path unchanged,[],A0->H1,relation,suite-relations,A0,H1,[],,,,,agent-inference,O-I:docs/CANONICAL-PRODUCT-FIELD.md|QL-MEF#19(PR),,,,01:grounded-agency,H,"{""src_product"": ""Central"", ""dst_product"": ""Actuation"", ""ql"": ""D2-require.inverse"", ""cf_view"": ""CF2"", ""seam"": ""01:grounded-agency"", ""defined_in"": ""O-I:docs/CANONICAL-PRODUCT-FIELD.md|QL-MEF#19(PR)"", ""tracked_by"": ""EpiLogos/O-I#29;EpiLogos/Central#24(PR);EpiLogos/Actuation#4"", ""maintenance"": {""updated_at"": ""2026-09-06"", ""change_refs"": [""codex:thread:01a07608-d2ec-7b10-9713-74c445adf8a5""]}, ""last_reconciled_at"": ""2026-09-06T14:30:23.797672+00:00""}",
actuation,product:actuation,product:actuation:ProjectCentral/user/capability-matrix.csv,product:actuation:ProjectCentral/user/capability-matrix.json,cd7b28368a5481d4e0e1fc5b6f9b3b28e14dfed8183009334549eaa9d0deba0d,0fe32bdcdc72a701d0c1242cca1b3082f5a1a85ff54307fe5c9c6e4457a43c59,actuation,oi <namespace> forwards the native leaf path unchanged,[],A0->A1,relation,suite-relations,A0,A1,[],,,,,agent-inference,O-I:docs/CANONICAL-PRODUCT-FIELD.md|QL-MEF#19(PR),,,,01:grounded-agency,H,"{""src_product"": ""Central"", ""dst_product"": ""Actuation"", ""ql"": ""D3:A1"", ""cf_view"": ""CF2"", ""seam"": ""01:grounded-agency"", ""defined_in"": ""O-I:docs/CANONICAL-PRODUCT-FIELD.md|QL-MEF#19(PR)"", ""tracked_by"": ""EpiLogos/O-I#29;EpiLogos/Central#24(PR);EpiLogos/Actuation#4"", ""maintenance"": {""updated_at"": ""2026-09-06"", ""change_refs"": [""codex:thread:01a07608-d2ec-7b10-9713-74c445adf8a5""]}, ""last_reconciled_at"": ""2026-09-06T14:30:23.797672+00:00""}",
actuation,product:actuation,product:actuation:ProjectCentral/user/capability-matrix.csv,product:actuation:ProjectCentral/user/capability-matrix.json,cd7b28368a5481d4e0e1fc5b6f9b3b28e14dfed8183009334549eaa9d0deba0d,0fe32bdcdc72a701d0c1242cca1b3082f5a1a85ff54307fe5c9c6e4457a43c59,actuation,oi <namespace> forwards the native leaf path unchanged,[],A1->H0,relation,suite-relations,A1,H0,[],,,,,agent-inference,O-I:docs/CANONICAL-PRODUCT-FIELD.md|QL-MEF#19(PR),,,,01:grounded-agency,H,"{""src_product"": ""Actuation"", ""dst_product"": ""Central"", ""ql"": ""D2-transform.inverse"", ""cf_view"": ""CF2"", ""seam"": ""01:grounded-agency"", ""defined_in"": ""O-I:docs/CANONICAL-PRODUCT-FIELD.md|QL-MEF#19(PR)"", ""tracked_by"": ""EpiLogos/O-I#29;EpiLogos/Central#24(PR);EpiLogos/Actuation#4"", ""maintenance"": {""updated_at"": ""2026-09-06"", ""change_refs"": [""codex:thread:01a07608-d2ec-7b10-9713-74c445adf8a5""]}, ""last_reconciled_at"": ""2026-09-06T14:30:23.797672+00:00""}",
actuation,product:actuation,product:actuation:ProjectCentral/user/capability-matrix.csv,product:actuation:ProjectCentral/user/capability-matrix.json,cd7b28368a5481d4e0e1fc5b6f9b3b28e14dfed8183009334549eaa9d0deba0d,0fe32bdcdc72a701d0c1242cca1b3082f5a1a85ff54307fe5c9c6e4457a43c59,actuation,oi <namespace> forwards the native leaf path unchanged,[],A1->H1,relation,suite-relations,A1,H1,[],,,,,agent-inference,O-I:docs/CANONICAL-PRODUCT-FIELD.md|QL-MEF#19(PR),,,,conjugation:Actuation,H,"{""src_product"": ""Actuation"", ""dst_product"": ""Actuation"", ""ql"": ""D1.inverse"", ""cf_view"": ""CF2"", ""seam"": ""conjugation:Actuation"", ""defined_in"": ""O-I:docs/CANONICAL-PRODUCT-FIELD.md|QL-MEF#19(PR)"", ""tracked_by"": ""EpiLogos/O-I#29;EpiLogos/Actuation#1;EpiLogos/Actuation#4"", ""maintenance"": {""updated_at"": ""2026-09-06"", ""change_refs"": [""codex:thread:01a07608-d2ec-7b10-9713-74c445adf8a5""]}, ""last_reconciled_at"": ""2026-09-06T14:30:23.797672+00:00""}",
actuation,product:actuation,product:actuation:ProjectCentral/user/capability-matrix.csv,product:actuation:ProjectCentral/user/capability-matrix.json,cd7b28368a5481d4e0e1fc5b6f9b3b28e14dfed8183009334549eaa9d0deba0d,0fe32bdcdc72a701d0c1242cca1b3082f5a1a85ff54307fe5c9c6e4457a43c59,actuation,oi <namespace> forwards the native leaf path unchanged,[],A1->H2,relation,suite-relations,A1,H2,[],,,,,agent-inference,O-I:docs/CANONICAL-PRODUCT-FIELD.md|QL-MEF#19(PR),,,,12:agency-operative-body,H,"{""src_product"": ""Actuation"", ""dst_product"": ""AIKit"", ""ql"": ""D2-require.inverse"", ""cf_view"": ""CF3"", ""seam"": ""12:agency-operative-body"", ""defined_in"": ""O-I:docs/CANONICAL-PRODUCT-FIELD.md|QL-MEF#19(PR)"", ""tracked_by"": ""EpiLogos/O-I#29;EpiLogos/Actuation#1;EpiLogos/ai-kit#58(PR)"", ""maintenance"": {""updated_at"": ""2026-09-06"", ""change_refs"": [""codex:thread:01a07608-d2ec-7b10-9713-74c445adf8a5""]}, ""last_reconciled_at"": ""2026-09-06T14:30:23.797672+00:00""}",
actuation,product:actuation,product:actuation:ProjectCentral/user/capability-matrix.csv,product:actuation:ProjectCentral/user/capability-matrix.json,cd7b28368a5481d4e0e1fc5b6f9b3b28e14dfed8183009334549eaa9d0deba0d,0fe32bdcdc72a701d0c1242cca1b3082f5a1a85ff54307fe5c9c6e4457a43c59,actuation,oi <namespace> forwards the native leaf path unchanged,[],A1->H3,relation,suite-relations,A1,H3,[],,,,,agent-inference,O-I:docs/CANONICAL-PRODUCT-FIELD.md|QL-MEF#19(PR),,,,13:agency-development,S,"{""src_product"": ""Actuation"", ""dst_product"": ""Factory"", ""ql"": """", ""cf_view"": ""CF4"", ""seam"": ""13:agency-development"", ""defined_in"": ""O-I:docs/CANONICAL-PRODUCT-FIELD.md|QL-MEF#19(PR)"", ""tracked_by"": ""EpiLogos/O-I#29;EpiLogos/Actuation#1;EpiLogos/agent-system-design#142(PR)"", ""maintenance"": {""updated_at"": ""2026-09-06"", ""change_refs"": [""codex:thread:01a07608-d2ec-7b10-9713-74c445adf8a5""]}, ""last_reconciled_at"": ""2026-09-06T14:30:23.797672+00:00""}",
actuation,product:actuation,product:actuation:ProjectCentral/user/capability-matrix.csv,product:actuation:ProjectCentral/user/capability-matrix.json,cd7b28368a5481d4e0e1fc5b6f9b3b28e14dfed8183009334549eaa9d0deba0d,0fe32bdcdc72a701d0c1242cca1b3082f5a1a85ff54307fe5c9c6e4457a43c59,actuation,oi <namespace> forwards the native leaf path unchanged,[],A1->H4,relation,suite-relations,A1,H4,[],,,,,agent-inference,O-I:docs/CANONICAL-PRODUCT-FIELD.md|QL-MEF#19(PR),,,,14:agency-embodiment,H,"{""src_product"": ""Actuation"", ""dst_product"": ""Workcell"", ""ql"": ""D2-complete.inverse"", ""cf_view"": ""CF5-field"", ""seam"": ""14:agency-embodiment"", ""defined_in"": ""O-I:docs/CANONICAL-PRODUCT-FIELD.md|QL-MEF#19(PR)"", ""tracked_by"": ""EpiLogos/O-I#29;EpiLogos/Actuation#1;EpiLogos/Workcell#18(PR)"", ""maintenance"": {""updated_at"": ""2026-09-06"", ""change_refs"": [""codex:thread:01a07608-d2ec-7b10-9713-74c445adf8a5""]}, ""last_reconciled_at"": ""2026-09-06T14:30:23.797672+00:00""}",
actuation,product:actuation,product:actuation:ProjectCentral/user/capability-matrix.csv,product:actuation:ProjectCentral/user/capability-matrix.json,cd7b28368a5481d4e0e1fc5b6f9b3b28e14dfed8183009334549eaa9d0deba0d,0fe32bdcdc72a701d0c1242cca1b3082f5a1a85ff54307fe5c9c6e4457a43c59,actuation,oi <namespace> forwards the native leaf path unchanged,[],A1->H5,relation,suite-relations,A1,H5,[],,,,,agent-inference,O-I:docs/CANONICAL-PRODUCT-FIELD.md|QL-MEF#19(PR),,,,15:agency-ql,S,"{""src_product"": ""Actuation"", ""dst_product"": ""QL"", ""ql"": """", ""cf_view"": """", ""seam"": ""15:agency-ql"", ""defined_in"": ""O-I:docs/CANONICAL-PRODUCT-FIELD.md|QL-MEF#19(PR)"", ""tracked_by"": ""EpiLogos/O-I#29;EpiLogos/Actuation#1;EpiLogos/QL-MEF#19(PR)"", ""maintenance"": {""updated_at"": ""2026-09-06"", ""change_refs"": [""codex:thread:01a07608-d2ec-7b10-9713-74c445adf8a5""]}, ""last_reconciled_at"": ""2026-09-06T14:30:23.797672+00:00""}",
actuation,product:actuation,product:actuation:ProjectCentral/user/capability-matrix.csv,product:actuation:ProjectCentral/user/capability-matrix.json,cd7b28368a5481d4e0e1fc5b6f9b3b28e14dfed8183009334549eaa9d0deba0d,0fe32bdcdc72a701d0c1242cca1b3082f5a1a85ff54307fe5c9c6e4457a43c59,actuation,oi <namespace> forwards the native leaf path unchanged,[],A1->A0,relation,suite-relations,A1,A0,[],,,,,agent-inference,O-I:docs/CANONICAL-PRODUCT-FIELD.md|QL-MEF#19(PR),,,,01:grounded-agency,H,"{""src_product"": ""Actuation"", ""dst_product"": ""Central"", ""ql"": ""D3:A1"", ""cf_view"": ""CF2"", ""seam"": ""01:grounded-agency"", ""defined_in"": ""O-I:docs/CANONICAL-PRODUCT-FIELD.md|QL-MEF#19(PR)"", ""tracked_by"": ""EpiLogos/O-I#29;EpiLogos/Central#24(PR);EpiLogos/Actuation#4"", ""maintenance"": {""updated_at"": ""2026-09-06"", ""change_refs"": [""codex:thread:01a07608-d2ec-7b10-9713-74c445adf8a5""]}, ""last_reconciled_at"": ""2026-09-06T14:30:23.797672+00:00""}",
actuation,product:actuation,product:actuation:ProjectCentral/user/capability-matrix.csv,product:actuation:ProjectCentral/user/capability-matrix.json,cd7b28368a5481d4e0e1fc5b6f9b3b28e14dfed8183009334549eaa9d0deba0d,0fe32bdcdc72a701d0c1242cca1b3082f5a1a85ff54307fe5c9c6e4457a43c59,actuation,oi <namespace> forwards the native leaf path unchanged,[],A1->A1,relation,suite-relations,A1,A1,[],,,,,agent-inference,O-I:docs/CANONICAL-PRODUCT-FIELD.md|QL-MEF#19(PR),,,,self:Actuation,I,"{""src_product"": ""Actuation"", ""dst_product"": ""Actuation"", ""ql"": """", ""cf_view"": ""CF2"", ""seam"": ""self:Actuation"", ""defined_in"": ""O-I:docs/CANONICAL-PRODUCT-FIELD.md|QL-MEF#19(PR)"", ""tracked_by"": ""EpiLogos/O-I#29;EpiLogos/Actuation#1;EpiLogos/Actuation#4"", ""maintenance"": {""updated_at"": ""2026-09-06"", ""change_refs"": [""codex:thread:01a07608-d2ec-7b10-9713-74c445adf8a5""]}, ""last_reconciled_at"": ""2026-09-06T14:30:23.797672+00:00""}",
actuation,product:actuation,product:actuation:ProjectCentral/user/capability-matrix.csv,product:actuation:ProjectCentral/user/capability-matrix.json,cd7b28368a5481d4e0e1fc5b6f9b3b28e14dfed8183009334549eaa9d0deba0d,0fe32bdcdc72a701d0c1242cca1b3082f5a1a85ff54307fe5c9c6e4457a43c59,actuation,oi <namespace> forwards the native leaf path unchanged,[],A1->A2,relation,suite-relations,A1,A2,[],,,,,agent-inference,O-I:docs/CANONICAL-PRODUCT-FIELD.md|QL-MEF#19(PR),,,,12:agency-operative-body,H,"{""src_product"": ""Actuation"", ""dst_product"": ""AIKit"", ""ql"": ""D3:B1"", ""cf_view"": ""CF3"", ""seam"": ""12:agency-operative-body"", ""defined_in"": ""O-I:docs/CANONICAL-PRODUCT-FIELD.md|QL-MEF#19(PR)"", ""tracked_by"": ""EpiLogos/O-I#29;EpiLogos/Actuation#1;EpiLogos/ai-kit#58(PR)"", ""maintenance"": {""updated_at"": ""2026-09-06"", ""change_refs"": [""codex:thread:01a07608-d2ec-7b10-9713-74c445adf8a5""]}, ""last_reconciled_at"": ""2026-09-06T14:30:23.797672+00:00""}",
actuation,product:actuation,product:actuation:ProjectCentral/user/capability-matrix.csv,product:actuation:ProjectCentral/user/capability-matrix.json,cd7b28368a5481d4e0e1fc5b6f9b3b28e14dfed8183009334549eaa9d0deba0d,0fe32bdcdc72a701d0c1242cca1b3082f5a1a85ff54307fe5c9c6e4457a43c59,actuation,oi <namespace> forwards the native leaf path unchanged,[],A1->A3,relation,suite-relations,A1,A3,[],,,,,agent-inference,O-I:docs/CANONICAL-PRODUCT-FIELD.md|QL-MEF#19(PR),,,,13:agency-development,S,"{""src_product"": ""Actuation"", ""dst_product"": ""Factory"", ""ql"": """", ""cf_view"": ""CF4"", ""seam"": ""13:agency-development"", ""defined_in"": ""O-I:docs/CANONICAL-PRODUCT-FIELD.md|QL-MEF#19(PR)"", ""tracked_by"": ""EpiLogos/O-I#29;EpiLogos/Actuation#1;EpiLogos/agent-system-design#142(PR)"", ""maintenance"": {""updated_at"": ""2026-09-06"", ""change_refs"": [""codex:thread:01a07608-d2ec-7b10-9713-74c445adf8a5""]}, ""last_reconciled_at"": ""2026-09-06T14:30:23.797672+00:00""}",
actuation,product:actuation,product:actuation:ProjectCentral/user/capability-matrix.csv,product:actuation:ProjectCentral/user/capability-matrix.json,cd7b28368a5481d4e0e1fc5b6f9b3b28e14dfed8183009334549eaa9d0deba0d,0fe32bdcdc72a701d0c1242cca1b3082f5a1a85ff54307fe5c9c6e4457a43c59,actuation,oi <namespace> forwards the native leaf path unchanged,[],A1->A4,relation,suite-relations,A1,A4,[],,,,,agent-inference,O-I:docs/CANONICAL-PRODUCT-FIELD.md|QL-MEF#19(PR),,,,14:agency-embodiment,H,"{""src_product"": ""Actuation"", ""dst_product"": ""Workcell"", ""ql"": ""D3:C2"", ""cf_view"": ""CF5-field"", ""seam"": ""14:agency-embodiment"", ""defined_in"": ""O-I:docs/CANONICAL-PRODUCT-FIELD.md|QL-MEF#19(PR)"", ""tracked_by"": ""EpiLogos/O-I#29;EpiLogos/Actuation#1;EpiLogos/Workcell#18(PR)"", ""maintenance"": {""updated_at"": ""2026-09-06"", ""change_refs"": [""codex:thread:01a07608-d2ec-7b10-9713-74c445adf8a5""]}, ""last_reconciled_at"": ""2026-09-06T14:30:23.797672+00:00""}",
actuation,product:actuation,product:actuation:ProjectCentral/user/capability-matrix.csv,product:actuation:ProjectCentral/user/capability-matrix.json,cd7b28368a5481d4e0e1fc5b6f9b3b28e14dfed8183009334549eaa9d0deba0d,0fe32bdcdc72a701d0c1242cca1b3082f5a1a85ff54307fe5c9c6e4457a43c59,actuation,oi <namespace> forwards the native leaf path unchanged,[],A1->A5,relation,suite-relations,A1,A5,[],,,,,agent-inference,O-I:docs/CANONICAL-PRODUCT-FIELD.md|QL-MEF#19(PR),,,,15:agency-ql,S,"{""src_product"": ""Actuation"", ""dst_product"": ""QL"", ""ql"": """", ""cf_view"": """", ""seam"": ""15:agency-ql"", ""defined_in"": ""O-I:docs/CANONICAL-PRODUCT-FIELD.md|QL-MEF#19(PR)"", ""tracked_by"": ""EpiLogos/O-I#29;EpiLogos/Actuation#1;EpiLogos/QL-MEF#19(PR)"", ""maintenance"": {""updated_at"": ""2026-09-06"", ""change_refs"": [""codex:thread:01a07608-d2ec-7b10-9713-74c445adf8a5""]}, ""last_reconciled_at"": ""2026-09-06T14:30:23.797672+00:00""}",
actuation,product:actuation,product:actuation:ProjectCentral/user/capability-matrix.csv,product:actuation:ProjectCentral/user/capability-matrix.json,cd7b28368a5481d4e0e1fc5b6f9b3b28e14dfed8183009334549eaa9d0deba0d,0fe32bdcdc72a701d0c1242cca1b3082f5a1a85ff54307fe5c9c6e4457a43c59,actuation,oi <namespace> forwards the native leaf path unchanged,[],A2->H1,relation,suite-relations,A2,H1,[],,,,,agent-inference,O-I:docs/CANONICAL-PRODUCT-FIELD.md|QL-MEF#19(PR),,,,12:agency-operative-body,H,"{""src_product"": ""AIKit"", ""dst_product"": ""Actuation"", ""ql"": ""D2-transform.inverse"", ""cf_view"": ""CF3"", ""seam"": ""12:agency-operative-body"", ""defined_in"": ""O-I:docs/CANONICAL-PRODUCT-FIELD.md|QL-MEF#19(PR)"", ""tracked_by"": ""EpiLogos/O-I#29;EpiLogos/Actuation#1;EpiLogos/ai-kit#58(PR)"", ""maintenance"": {""updated_at"": ""2026-09-06"", ""change_refs"": [""codex:thread:01a07608-d2ec-7b10-9713-74c445adf8a5""]}, ""last_reconciled_at"": ""2026-09-06T14:30:23.797672+00:00""}",
actuation,product:actuation,product:actuation:ProjectCentral/user/capability-matrix.csv,product:actuation:ProjectCentral/user/capability-matrix.json,cd7b28368a5481d4e0e1fc5b6f9b3b28e14dfed8183009334549eaa9d0deba0d,0fe32bdcdc72a701d0c1242cca1b3082f5a1a85ff54307fe5c9c6e4457a43c59,actuation,oi <namespace> forwards the native leaf path unchanged,[],A2->A1,relation,suite-relations,A2,A1,[],,,,,agent-inference,O-I:docs/CANONICAL-PRODUCT-FIELD.md|QL-MEF#19(PR),,,,12:agency-operative-body,H,"{""src_product"": ""AIKit"", ""dst_product"": ""Actuation"", ""ql"": ""D3:B1"", ""cf_view"": ""CF3"", ""seam"": ""12:agency-operative-body"", ""defined_in"": ""O-I:docs/CANONICAL-PRODUCT-FIELD.md|QL-MEF#19(PR)"", ""tracked_by"": ""EpiLogos/O-I#29;EpiLogos/Actuation#1;EpiLogos/ai-kit#58(PR)"", ""maintenance"": {""updated_at"": ""2026-09-06"", ""change_refs"": [""codex:thread:01a07608-d2ec-7b10-9713-74c445adf8a5""]}, ""last_reconciled_at"": ""2026-09-06T14:30:23.797672+00:00""}",
actuation,product:actuation,product:actuation:ProjectCentral/user/capability-matrix.csv,product:actuation:ProjectCentral/user/capability-matrix.json,cd7b28368a5481d4e0e1fc5b6f9b3b28e14dfed8183009334549eaa9d0deba0d,0fe32bdcdc72a701d0c1242cca1b3082f5a1a85ff54307fe5c9c6e4457a43c59,actuation,oi <namespace> forwards the native leaf path unchanged,[],A3->H1,relation,suite-relations,A3,H1,[],,,,,agent-inference,O-I:docs/CANONICAL-PRODUCT-FIELD.md|QL-MEF#19(PR),,,,13:agency-development,S,"{""src_product"": ""Factory"", ""dst_product"": ""Actuation"", ""ql"": """", ""cf_view"": ""CF4"", ""seam"": ""13:agency-development"", ""defined_in"": ""O-I:docs/CANONICAL-PRODUCT-FIELD.md|QL-MEF#19(PR)"", ""tracked_by"": ""EpiLogos/O-I#29;EpiLogos/Actuation#1;EpiLogos/agent-system-design#142(PR)"", ""maintenance"": {""updated_at"": ""2026-09-06"", ""change_refs"": [""codex:thread:01a07608-d2ec-7b10-9713-74c445adf8a5""]}, ""last_reconciled_at"": ""2026-09-06T14:30:23.797672+00:00""}",
actuation,product:actuation,product:actuation:ProjectCentral/user/capability-matrix.csv,product:actuation:ProjectCentral/user/capability-matrix.json,cd7b28368a5481d4e0e1fc5b6f9b3b28e14dfed8183009334549eaa9d0deba0d,0fe32bdcdc72a701d0c1242cca1b3082f5a1a85ff54307fe5c9c6e4457a43c59,actuation,oi <namespace> forwards the native leaf path unchanged,[],A3->A1,relation,suite-relations,A3,A1,[],,,,,agent-inference,O-I:docs/CANONICAL-PRODUCT-FIELD.md|QL-MEF#19(PR),,,,13:agency-development,S,"{""src_product"": ""Factory"", ""dst_product"": ""Actuation"", ""ql"": """", ""cf_view"": ""CF4"", ""seam"": ""13:agency-development"", ""defined_in"": ""O-I:docs/CANONICAL-PRODUCT-FIELD.md|QL-MEF#19(PR)"", ""tracked_by"": ""EpiLogos/O-I#29;EpiLogos/Actuation#1;EpiLogos/agent-system-design#142(PR)"", ""maintenance"": {""updated_at"": ""2026-09-06"", ""change_refs"": [""codex:thread:01a07608-d2ec-7b10-9713-74c445adf8a5""]}, ""last_reconciled_at"": ""2026-09-06T14:30:23.797672+00:00""}",
actuation,product:actuation,product:actuation:ProjectCentral/user/capability-matrix.csv,product:actuation:ProjectCentral/user/capability-matrix.json,cd7b28368a5481d4e0e1fc5b6f9b3b28e14dfed8183009334549eaa9d0deba0d,0fe32bdcdc72a701d0c1242cca1b3082f5a1a85ff54307fe5c9c6e4457a43c59,actuation,oi <namespace> forwards the native leaf path unchanged,[],A4->H1,relation,suite-relations,A4,H1,[],,,,,agent-inference,O-I:docs/CANONICAL-PRODUCT-FIELD.md|QL-MEF#19(PR),,,,14:agency-embodiment,H,"{""src_product"": ""Workcell"", ""dst_product"": ""Actuation"", ""ql"": ""D2-complete.inverse"", ""cf_view"": ""CF5-field"", ""seam"": ""14:agency-embodiment"", ""defined_in"": ""O-I:docs/CANONICAL-PRODUCT-FIELD.md|QL-MEF#19(PR)"", ""tracked_by"": ""EpiLogos/O-I#29;EpiLogos/Actuation#1;EpiLogos/Workcell#18(PR)"", ""maintenance"": {""updated_at"": ""2026-09-06"", ""change_refs"": [""codex:thread:01a07608-d2ec-7b10-9713-74c445adf8a5""]}, ""last_reconciled_at"": ""2026-09-06T14:30:23.797672+00:00""}",
actuation,product:actuation,product:actuation:ProjectCentral/user/capability-matrix.csv,product:actuation:ProjectCentral/user/capability-matrix.json,cd7b28368a5481d4e0e1fc5b6f9b3b28e14dfed8183009334549eaa9d0deba0d,0fe32bdcdc72a701d0c1242cca1b3082f5a1a85ff54307fe5c9c6e4457a43c59,actuation,oi <namespace> forwards the native leaf path unchanged,[],A4->A1,relation,suite-relations,A4,A1,[],,,,,agent-inference,O-I:docs/CANONICAL-PRODUCT-FIELD.md|QL-MEF#19(PR),,,,14:agency-embodiment,H,"{""src_product"": ""Workcell"", ""dst_product"": ""Actuation"", ""ql"": ""D3:C2"", ""cf_view"": ""CF5-field"", ""seam"": ""14:agency-embodiment"", ""defined_in"": ""O-I:docs/CANONICAL-PRODUCT-FIELD.md|QL-MEF#19(PR)"", ""tracked_by"": ""EpiLogos/O-I#29;EpiLogos/Actuation#1;EpiLogos/Workcell#18(PR)"", ""maintenance"": {""updated_at"": ""2026-09-06"", ""change_refs"": [""codex:thread:01a07608-d2ec-7b10-9713-74c445adf8a5""]}, ""last_reconciled_at"": ""2026-09-06T14:30:23.797672+00:00""}",
actuation,product:actuation,product:actuation:ProjectCentral/user/capability-matrix.csv,product:actuation:ProjectCentral/user/capability-matrix.json,cd7b28368a5481d4e0e1fc5b6f9b3b28e14dfed8183009334549eaa9d0deba0d,0fe32bdcdc72a701d0c1242cca1b3082f5a1a85ff54307fe5c9c6e4457a43c59,actuation,oi <namespace> forwards the native leaf path unchanged,[],A5->H1,relation,suite-relations,A5,H1,[],,,,,agent-inference,O-I:docs/CANONICAL-PRODUCT-FIELD.md|QL-MEF#19(PR),,,,15:agency-ql,S,"{""src_product"": ""QL"", ""dst_product"": ""Actuation"", ""ql"": """", ""cf_view"": """", ""seam"": ""15:agency-ql"", ""defined_in"": ""O-I:docs/CANONICAL-PRODUCT-FIELD.md|QL-MEF#19(PR)"", ""tracked_by"": ""EpiLogos/O-I#29;EpiLogos/Actuation#1;EpiLogos/QL-MEF#19(PR)"", ""maintenance"": {""updated_at"": ""2026-09-06"", ""change_refs"": [""codex:thread:01a07608-d2ec-7b10-9713-74c445adf8a5""]}, ""last_reconciled_at"": ""2026-09-06T14:30:23.797672+00:00""}",
actuation,product:actuation,product:actuation:ProjectCentral/user/capability-matrix.csv,product:actuation:ProjectCentral/user/capability-matrix.json,cd7b28368a5481d4e0e1fc5b6f9b3b28e14dfed8183009334549eaa9d0deba0d,0fe32bdcdc72a701d0c1242cca1b3082f5a1a85ff54307fe5c9c6e4457a43c59,actuation,oi <namespace> forwards the native leaf path unchanged,[],A5->A1,relation,suite-relations,A5,A1,[],,,,,agent-inference,O-I:docs/CANONICAL-PRODUCT-FIELD.md|QL-MEF#19(PR),,,,15:agency-ql,S,"{""src_product"": ""QL"", ""dst_product"": ""Actuation"", ""ql"": """", ""cf_view"": """", ""seam"": ""15:agency-ql"", ""defined_in"": ""O-I:docs/CANONICAL-PRODUCT-FIELD.md|QL-MEF#19(PR)"", ""tracked_by"": ""EpiLogos/O-I#29;EpiLogos/Actuation#1;EpiLogos/QL-MEF#19(PR)"", ""maintenance"": {""updated_at"": ""2026-09-06"", ""change_refs"": [""codex:thread:01a07608-d2ec-7b10-9713-74c445adf8a5""]}, ""last_reconciled_at"": ""2026-09-06T14:30:23.797672+00:00""}",
actuation,product:actuation,product:actuation:ProjectCentral/user/capability-matrix.csv,product:actuation:ProjectCentral/user/capability-matrix.json,cd7b28368a5481d4e0e1fc5b6f9b3b28e14dfed8183009334549eaa9d0deba0d,0fe32bdcdc72a701d0c1242cca1b3082f5a1a85ff54307fe5c9c6e4457a43c59,actuation,oi <namespace> forwards the native leaf path unchanged,[],rel.actuation.q0.S,relation,product-field,q0,S,[],,,,,agent-inference,ProjectCentral/user/actuation.html#whole-why,,,actuation.html#whole/why,"Actuation addresses a gap between asking AI to work and understanding the agency that actually acts. A person needs to know who is acting, in which World, with what purpose and permission, and how the experience of that work returns. As work moves between models, harnesses, sessions and collaborating Agents, these relationships should stay inspectable. Actuation gives them an explicit form so that authority can remain answerable to consequence.",,"{""basis"": ""Exact overview seed text. Capability links follow their existing governing expanded account units; cell placement is editorial inference."", ""seed_ref"": ""actuation:seed:q0"", ""source_unit"": ""whole-why"", ""seed_sha256"": ""5e3f1dc43daf0e04a6c8045514cc0de8c3c6cf820678fc57fcb054a831c4f67e"", ""source_standing"": ""agent-inference"", ""reconciled_change_ref"": ""codex:thread:01a07608-d2ec-7b10-9713-74c445adf8a5"", ""maintenance"": {""updated_at"": ""2026-09-06"", ""change_refs"": [""codex:thread:01a07608-d2ec-7b10-9713-74c445adf8a5""]}, ""last_reconciled_at"": ""2026-09-06T14:30:23.797672+00:00""}",Why?
actuation,product:actuation,product:actuation:ProjectCentral/user/capability-matrix.csv,product:actuation:ProjectCentral/user/capability-matrix.json,cd7b28368a5481d4e0e1fc5b6f9b3b28e14dfed8183009334549eaa9d0deba0d,0fe32bdcdc72a701d0c1242cca1b3082f5a1a85ff54307fe5c9c6e4457a43c59,actuation,oi <namespace> forwards the native leaf path unchanged,[],rel.actuation.q1.S,relation,product-field,q1,S,"[""cap.actuation.discovery"", ""cap.actuation.world-binding"", ""cap.actuation.realised"", ""cap.actuation.activity"", ""cap.actuation.instantiation"", ""cap.actuation.model-usage""]",,,,,agent-inference,ProjectCentral/user/actuation.html#whole-what,,,actuation.html#whole/what,"Actuation is a CLI and a set of portable software contracts for identifying, inspecting and studying technological agency. Its current product detects available harnesses and reads structured accounts of situated Agency, realised acting loops, their unfolding Streams, semantic Activity and model-bearing instantiation. Its wider purpose is to make the constitution and management of agency an explicit part of an O:I World, from an ordinary coding session to a bounded composition of Agents.",,"{""basis"": ""Exact overview seed text. Capability links follow their existing governing expanded account units; cell placement is editorial inference."", ""seed_ref"": ""actuation:seed:q1"", ""source_unit"": ""whole-what"", ""seed_sha256"": ""0e8b1ab545cbda254836a7c24ea3fc596d110776ef62ff90095bf917f92f7af4"", ""source_standing"": ""agent-inference"", ""reconciled_change_ref"": ""codex:thread:01a07608-d2ec-7b10-9713-74c445adf8a5"", ""maintenance"": {""updated_at"": ""2026-09-08"", ""change_refs"": [""codex:thread:01a07608-d2ec-7b10-9713-74c445adf8a5"", ""actuation:#39""]}, ""last_reconciled_at"": ""2026-09-08T23:08:58.074153+00:00""}",What?
actuation,product:actuation,product:actuation:ProjectCentral/user/capability-matrix.csv,product:actuation:ProjectCentral/user/capability-matrix.json,cd7b28368a5481d4e0e1fc5b6f9b3b28e14dfed8183009334549eaa9d0deba0d,0fe32bdcdc72a701d0c1242cca1b3082f5a1a85ff54307fe5c9c6e4457a43c59,actuation,oi <namespace> forwards the native leaf path unchanged,[],rel.actuation.q2.S,relation,product-field,q2,S,"[""cap.actuation.determination"", ""cap.actuation.return"", ""cap.actuation.stream""]",,,,,agent-inference,ProjectCentral/user/actuation.html#whole-how,,,actuation.html#whole/how,"Actuation relates an enduring Agent to a situated Agency and an explicit WorldBinding. Receipts identify the acting condition and its model, harness and material relations. Ordered Streams preserve attributable events; Activity makes those events understandable; Return carries results, evidence and difference back to the governing relation. Portable contracts let native runtimes supply these facts while preserving their own richer records.",,"{""basis"": ""Exact overview seed text. Capability links follow their existing governing expanded account units; cell placement is editorial inference."", ""seed_ref"": ""actuation:seed:q2"", ""source_unit"": ""whole-how"", ""seed_sha256"": ""bf8f87c91459a438d4b39c3852afcaf9c8774cfa492683328baf0f4dc3512b99"", ""source_standing"": ""agent-inference"", ""reconciled_change_ref"": ""codex:thread:01a07608-d2ec-7b10-9713-74c445adf8a5"", ""maintenance"": {""updated_at"": ""2026-09-06"", ""change_refs"": [""codex:thread:01a07608-d2ec-7b10-9713-74c445adf8a5""]}, ""last_reconciled_at"": ""2026-09-06T14:30:23.797672+00:00""}",How?
actuation,product:actuation,product:actuation:ProjectCentral/user/capability-matrix.csv,product:actuation:ProjectCentral/user/capability-matrix.json,cd7b28368a5481d4e0e1fc5b6f9b3b28e14dfed8183009334549eaa9d0deba0d,0fe32bdcdc72a701d0c1242cca1b3082f5a1a85ff54307fe5c9c6e4457a43c59,actuation,oi <namespace> forwards the native leaf path unchanged,[],rel.actuation.q3.S,relation,product-field,q3,S,"[""cap.actuation.metagency"", ""cap.actuation.continuity""]",,,,,agent-inference,ProjectCentral/user/actuation.html#whole-whereby,,,actuation.html#whole/whereby,"Actuation serves people shaping their relationship with AI, Agents working within declared bounds, and developers connecting harnesses and interfaces. Its identity and authority contracts make collaboration inspectable: an existing Agent can receive delegated work, a new Agent can have explicit lineage, and an independent participant can retain its own standing. Researchers can then study how the constitution of agency changes the work it produces.",,"{""basis"": ""Exact overview seed text. Capability links follow their existing governing expanded account units; cell placement is editorial inference."", ""seed_ref"": ""actuation:seed:q3"", ""source_unit"": ""whole-whereby"", ""seed_sha256"": ""ed84e4337a88344419fa5ab8519560930d6ba4e102d91c1d399273cde900a93b"", ""source_standing"": ""agent-inference"", ""reconciled_change_ref"": ""codex:thread:01a07608-d2ec-7b10-9713-74c445adf8a5"", ""maintenance"": {""updated_at"": ""2026-09-06"", ""change_refs"": [""codex:thread:01a07608-d2ec-7b10-9713-74c445adf8a5""]}, ""last_reconciled_at"": ""2026-09-06T14:30:23.797672+00:00""}",Who / Whereby?
actuation,product:actuation,product:actuation:ProjectCentral/user/capability-matrix.csv,product:actuation:ProjectCentral/user/capability-matrix.json,cd7b28368a5481d4e0e1fc5b6f9b3b28e14dfed8183009334549eaa9d0deba0d,0fe32bdcdc72a701d0c1242cca1b3082f5a1a85ff54307fe5c9c6e4457a43c59,actuation,oi <namespace> forwards the native leaf path unchanged,[],rel.actuation.q4.S,relation,product-field,q4,S,"[""cap.actuation.harness-detection"", ""cap.actuation.harness-self"", ""cap.actuation.research""]",,,,,agent-inference,ProjectCentral/user/actuation.html#whole-context,,,actuation.html#whole/context,"Actuation begins wherever a model acts in a persistent working World, including an ordinary directory-bound coding harness. The same semantic account can accompany a richer body, another Surface or a different machine. Observations belong to their actual time and environment. Continuity and change remain attributable as sessions, models and material conditions evolve.",,"{""basis"": ""Exact overview seed text. Capability links follow their existing governing expanded account units; cell placement is editorial inference."", ""seed_ref"": ""actuation:seed:q4"", ""source_unit"": ""whole-context"", ""seed_sha256"": ""95ed77bfb6e424213d1f025ee51cee752f0337ef960ff39422ccbefe5dc3bb4a"", ""source_standing"": ""agent-inference"", ""reconciled_change_ref"": ""codex:thread:01a07608-d2ec-7b10-9713-74c445adf8a5"", ""maintenance"": {""updated_at"": ""2026-09-06"", ""change_refs"": [""codex:thread:01a07608-d2ec-7b10-9713-74c445adf8a5""]}, ""last_reconciled_at"": ""2026-09-06T14:30:23.797672+00:00""}",Where / When?
actuation,product:actuation,product:actuation:ProjectCentral/user/capability-matrix.csv,product:actuation:ProjectCentral/user/capability-matrix.json,cd7b28368a5481d4e0e1fc5b6f9b3b28e14dfed8183009334549eaa9d0deba0d,0fe32bdcdc72a701d0c1242cca1b3082f5a1a85ff54307fe5c9c6e4457a43c59,actuation,oi <namespace> forwards the native leaf path unchanged,[],rel.actuation.q5.S,relation,product-field,q5,S,"[""cap.actuation.verification""]",,,,,agent-inference,ProjectCentral/user/actuation.html#whole-purpose,,,actuation.html#whole/purpose,"Actuation is for an O:I World in which agency can be deliberately constituted, encountered and revised. Central supplies durable authored ground; AIKit provisions the operative body and context; Workcell supplies material execution; Factory commissions developmental work; O:I presents the whole. Actuation gives that work an intelligible actor and a return path. Its research programme investigates how models, contexts and ways of acting can be cultivated, while keeping experiment results distinct from the intentions that motivate them.",,"{""basis"": ""Exact overview seed text. Capability links follow their existing governing expanded account units; cell placement is editorial inference."", ""seed_ref"": ""actuation:seed:q5"", ""source_unit"": ""whole-purpose"", ""seed_sha256"": ""1645c2ddf52e972ea1e658d137b280a17318a8bac5977035aea05ba3dfcd4625"", ""source_standing"": ""agent-inference"", ""reconciled_change_ref"": ""codex:thread:01a07608-d2ec-7b10-9713-74c445adf8a5"", ""maintenance"": {""updated_at"": ""2026-09-06"", ""change_refs"": [""codex:thread:01a07608-d2ec-7b10-9713-74c445adf8a5""]}, ""last_reconciled_at"": ""2026-09-06T14:30:23.797672+00:00""}",Why-For?
actuation,product:actuation,product:actuation:ProjectCentral/user/capability-matrix.csv,product:actuation:ProjectCentral/user/capability-matrix.json,cd7b28368a5481d4e0e1fc5b6f9b3b28e14dfed8183009334549eaa9d0deba0d,0fe32bdcdc72a701d0c1242cca1b3082f5a1a85ff54307fe5c9c6e4457a43c59,actuation,oi <namespace> forwards the native leaf path unchanged,[],rel.actuation.q3.S0,relation,product-field,q3,S0,"[""cap.actuation.activity"", ""cap.actuation.instantiation""]",,,,,agent-inference,ProjectCentral/user/actuation.html#q3-integration,,,actuation.html#q3/integration,Central provides durable authored ground and the project or personal World in which agency is situated.,,"{""basis"": ""Exact account sentence; cell placement is editorial inference."", ""source_unit"": ""q3-integration"", ""maintenance"": {""updated_at"": ""2026-09-06"", ""change_refs"": [""codex:thread:01a07608-d2ec-7b10-9713-74c445adf8a5""]}, ""last_reconciled_at"": ""2026-09-06T14:30:23.797672+00:00""}",
actuation,product:actuation,product:actuation:ProjectCentral/user/capability-matrix.csv,product:actuation:ProjectCentral/user/capability-matrix.json,cd7b28368a5481d4e0e1fc5b6f9b3b28e14dfed8183009334549eaa9d0deba0d,0fe32bdcdc72a701d0c1242cca1b3082f5a1a85ff54307fe5c9c6e4457a43c59,actuation,oi <namespace> forwards the native leaf path unchanged,[],rel.actuation.q3.S2,relation,product-field,q3,S2,"[""cap.actuation.activity"", ""cap.actuation.instantiation""]",,,,,agent-inference,ProjectCentral/user/actuation.html#q3-integration,,,actuation.html#q3/integration,"AIKit resolves the body, Context, Skills, models, sessions and Surfaces for an operative locus.",,"{""basis"": ""Exact account sentence; cell placement is editorial inference."", ""source_unit"": ""q3-integration"", ""maintenance"": {""updated_at"": ""2026-09-06"", ""change_refs"": [""codex:thread:01a07608-d2ec-7b10-9713-74c445adf8a5""]}, ""last_reconciled_at"": ""2026-09-06T14:30:23.797672+00:00""}",
actuation,product:actuation,product:actuation:ProjectCentral/user/capability-matrix.csv,product:actuation:ProjectCentral/user/capability-matrix.json,cd7b28368a5481d4e0e1fc5b6f9b3b28e14dfed8183009334549eaa9d0deba0d,0fe32bdcdc72a701d0c1242cca1b3082f5a1a85ff54307fe5c9c6e4457a43c59,actuation,oi <namespace> forwards the native leaf path unchanged,[],rel.actuation.q2.S3,relation,product-field,q2,S3,"[""cap.actuation.return"", ""cap.actuation.stream"", ""cap.actuation.activity"", ""cap.actuation.model-usage""]",,,,,agent-inference,ProjectCentral/user/actuation.html#q2-follow,,,actuation.html#q2/follow,Factory and source-owning products carry their respective recognition and mutation procedures.,,"{""basis"": ""Exact account sentence; cell placement is editorial inference."", ""source_unit"": ""q2-follow"", ""maintenance"": {""updated_at"": ""2026-09-08"", ""change_refs"": [""codex:thread:01a07608-d2ec-7b10-9713-74c445adf8a5"", ""actuation:#39""]}, ""last_reconciled_at"": ""2026-09-08T23:08:58.074153+00:00""}",
actuation,product:actuation,product:actuation:ProjectCentral/user/capability-matrix.csv,product:actuation:ProjectCentral/user/capability-matrix.json,cd7b28368a5481d4e0e1fc5b6f9b3b28e14dfed8183009334549eaa9d0deba0d,0fe32bdcdc72a701d0c1242cca1b3082f5a1a85ff54307fe5c9c6e4457a43c59,actuation,oi <namespace> forwards the native leaf path unchanged,[],rel.actuation.q3.S4,relation,product-field,q3,S4,"[""cap.actuation.activity"", ""cap.actuation.instantiation""]",,,,,agent-inference,ProjectCentral/user/actuation.html#q3-integration,,,actuation.html#q3/integration,"Workcell materialises processes, services, storage and lifecycle.",,"{""basis"": ""Exact account sentence; cell placement is editorial inference."", ""source_unit"": ""q3-integration"", ""maintenance"": {""updated_at"": ""2026-09-06"", ""change_refs"": [""codex:thread:01a07608-d2ec-7b10-9713-74c445adf8a5""]}, ""last_reconciled_at"": ""2026-09-06T14:30:23.797672+00:00""}",
ai-kit,product:ai-kit,product:ai-kit:ProjectCentral/user/capability-matrix.csv,product:ai-kit:ProjectCentral/user/capability-matrix.json,0846e946147c7e99161fe732feb1ccfe60d8dc9fff527e831dd20019606c8794,f3e56acd29cdbb5f8ccdfdd315e15e15c12fcc5c6f072c46652801049baecc85,aikit,oi <namespace> forwards the native leaf path unchanged,"[""init"",""collate"",""source add-directory"",""source add-git"",""source set-revision"",""source sync"",""source show""]",cap.aikit.discovery,capability,,,,[],Find tools and Skills already present,Inspect registered and foreign source roots,A provenance-bearing inventory before adoption,Implemented source contract; linked tests not freshly executed in this documentation pass,agent-inference,README.md,crates/aikit-adapters/src/local_source_discovery.rs,crates/aikit-cli/tests/foreign_discover.rs,aikit.html#q0/continuity,,,"{""basis"": ""Source-recovered capability account; original verification limits retained in Markdown."", ""converted_from_sha256"": ""9f8f34f320e78a72402844f14f7cf0607485953264edee23e2ce2574c0027c0b"", ""maintenance"": {""updated_at"": ""2026-09-06"", ""change_refs"": [""codex:thread:01a07608-d2ec-7b10-9713-74c445adf8a5"", ""EpiLogos/O-I#97""], ""code_basis"": {""crates/aikit-adapters/src/local_source_discovery.rs"": ""5757fdbd6f089e4302c34a10d665a86d104d7f894be3189ca0a0550c6724aa04""}}, ""cli_commands"": [""init"", ""collate"", ""source add-directory"", ""source add-git"", ""source set-revision"", ""source sync"", ""source show""], ""cli_exposure"": {""kind"": ""direct"", ""reason"": ""Native CLI leaf commands recovered recursively from target/debug/aikit --help after a local build.""}, ""last_reconciled_at"": ""2026-09-06T14:30:23.997737+00:00""}",
ai-kit,product:ai-kit,product:ai-kit:ProjectCentral/user/capability-matrix.csv,product:ai-kit:ProjectCentral/user/capability-matrix.json,0846e946147c7e99161fe732feb1ccfe60d8dc9fff527e831dd20019606c8794,f3e56acd29cdbb5f8ccdfdd315e15e15c12fcc5c6f072c46652801049baecc85,aikit,oi <namespace> forwards the native leaf path unchanged,"[""adopt"",""source promote"",""source rollback"",""procedure plan adopt""]",cap.aikit.adoption,capability,,,,[],Manage useful existing material deliberately,Preview adoption and apply a reviewed change,Managed source with preserved originals and explicit conflicts,Implemented source contract; linked tests not freshly executed in this documentation pass,agent-inference,README.md,crates/aikit-cli/src/main.rs,crates/aikit-cli/tests/adopt_command.rs,aikit.html#q0/continuity,,,"{""basis"": ""Source-recovered capability account; original verification limits retained in Markdown."", ""converted_from_sha256"": ""9f8f34f320e78a72402844f14f7cf0607485953264edee23e2ce2574c0027c0b"", ""maintenance"": {""updated_at"": ""2026-09-09"", ""change_refs"": [""codex:thread:01a07608-d2ec-7b10-9713-74c445adf8a5"", ""EpiLogos/O-I#97"", ""hermes-nara:session:2026-09-07-gateway-reconcile"", ""EpiLogos/ai-kit#192"", ""hermes-nara:session:2026-09-08-acp-residue-reconcile"", ""EpiLogos/ai-kit#198"", ""EpiLogos/ai-kit#206"", ""EpiLogos/ai-kit#210"", ""wiki-continuity:CASE-11-project-recency"", ""wiki-continuity:case18-case19-completion"", ""https://github.com/EpiLogos/ai-kit/issues/247"", ""wiki-continuity:CASE-04-context-pressure"", ""https://github.com/EpiLogos/ai-kit/pull/255"", ""EpiLogos/ai-kit#259"", ""https://github.com/EpiLogos/ai-kit/issues/10""], ""code_basis"": {""crates/aikit-cli/src/main.rs"": ""31ad466f5bf435631458bdf288a750a5e7e54cd773e749058a4e8174628436fb""}}, ""cli_commands"": [""adopt"", ""source promote"", ""source rollback"", ""procedure plan adopt""], ""cli_exposure"": {""kind"": ""direct"", ""reason"": ""Native CLI leaf commands recovered recursively from target/debug/aikit --help after a local build.""}, ""last_reconciled_at"": ""2026-09-09T19:29:27.189584+00:00""}",
ai-kit,product:ai-kit,product:ai-kit:ProjectCentral/user/capability-matrix.csv,product:ai-kit:ProjectCentral/user/capability-matrix.json,0846e946147c7e99161fe732feb1ccfe60d8dc9fff527e831dd20019606c8794,f3e56acd29cdbb5f8ccdfdd315e15e15c12fcc5c6f072c46652801049baecc85,aikit,oi <namespace> forwards the native leaf path unchanged,"[""search"",""z"",""tree"",""ui"",""capabilities list"",""capabilities read""]",cap.aikit.resource-index,capability,,,,[],Find a capability by identity or description,Build and search typed provider descriptors,Addressable resources with owners and revisions,Implemented source contract; linked tests not freshly executed in this documentation pass,agent-inference,docs/v2/01-PRODUCT-AND-OWNERSHIP.md,crates/aikit-core/src/resource/index.rs,crates/aikit-core/tests/v2_resource_foundation.rs,aikit.html#q1/product,,,"{""basis"": ""Source-recovered capability account; original verification limits retained in Markdown."", ""converted_from_sha256"": ""9f8f34f320e78a72402844f14f7cf0607485953264edee23e2ce2574c0027c0b"", ""maintenance"": {""updated_at"": ""2026-09-06"", ""change_refs"": [""codex:thread:01a07608-d2ec-7b10-9713-74c445adf8a5"", ""EpiLogos/O-I#97""], ""code_basis"": {""crates/aikit-core/src/resource/index.rs"": ""ae9da277b48c956d648d30c3bfaaeafc71b3961a954d7a41e883bd0d5a772466""}}, ""cli_commands"": [""search"", ""z"", ""tree"", ""ui"", ""capabilities list"", ""capabilities read""], ""cli_exposure"": {""kind"": ""direct"", ""reason"": ""Native CLI leaf commands recovered recursively from target/debug/aikit --help after a local build.""}, ""last_reconciled_at"": ""2026-09-06T14:30:23.997737+00:00""}",
ai-kit,product:ai-kit,product:ai-kit:ProjectCentral/user/capability-matrix.csv,product:ai-kit:ProjectCentral/user/capability-matrix.json,0846e946147c7e99161fe732feb1ccfe60d8dc9fff527e831dd20019606c8794,f3e56acd29cdbb5f8ccdfdd315e15e15c12fcc5c6f072c46652801049baecc85,aikit,oi <namespace> forwards the native leaf path unchanged,"[""project bind"",""project show"",""project defaults"",""status"",""diff"",""context current"",""context list"",""context env"",""credential setup"",""credential explain"",""credential list"",""project list"",""factory start-work""]",cap.aikit.context-resolution,capability,,,,[],Know what applies to this Project and act,"Resolve scoped declarations and eligibility; start Factory work through its native Commission operation; when both Factory bindings are explicit, validate and install Factory-owned Project, Journey, Run, WorkflowUnit, telemetry and Routine-continuation readings into the existing resource horizon","An exact Factory Commission receipt and readback plus an explainable current capability and source view; explicitly bound Factory development appears losslessly, while absent, partial or inconsistent bindings install nothing",Implemented source contract; focused AIKit application/TUI tests and exact Factory #212 Commission/conformance tests passed on 2026-09-09,implementation-fact,docs/v2/02-RESOLUTION-AND-CONTEXT-COGNITION.md;docs/USING-AIKIT.md,crates/aikit-core/src/context_resolution.rs;crates/aikit-adapters/src/factory_developmental.rs;crates/aikit-adapters/src/lib.rs;crates/aikit-cli/src/app/mod.rs;crates/aikit-cli/src/cli.rs;crates/aikit-cli/src/main.rs;crates/aikit-core/src/project_world.rs;crates/aikit-core/src/resource/model.rs;crates/aikit-tui/src/application_service.rs;crates/aikit-tui/src/project_workspace_render.rs;crates/aikit-tui/src/application.rs;crates/aikit-tui/src/application_surface.rs;crates/aikit-tui/src/backend.rs;crates/aikit-tui/src/compose_preview.rs;crates/aikit-tui/src/workspace_navigation.rs,crates/aikit-core/tests/context_resolution_v2.rs;crates/aikit-adapters/tests/factory_developmental_native.rs;crates/aikit-cli/tests/factory_start_work_native.rs;crates/aikit-tui/tests/project_world_surface_v2.rs;crates/aikit-cli/tests/factory_work_tui_native.rs,aikit.html#q2/start,,,"{""basis"": ""AIKit starts developmental work only by forwarding an exact versioned Commission request through Factory's public CLI, preserving its receipt and canonical readback. The shared Work presentation distinguishes DIRECT, FACTORY and ATTENTION; it renders only preserved Factory-owned readings and labels absent ancestry and commissioned-not-executed truth explicitly. Factory mints and persists its identities. Bound readings retain canonical refs, revisions, provenance, actions and raw owner envelopes; AIKit asserts neither runtime-binary identity nor execution from commissioned-not-executed evidence. All joined relations fail closed before partial install."", ""converted_from_sha256"": ""9f8f34f320e78a72402844f14f7cf0607485953264edee23e2ce2574c0027c0b"", ""maintenance"": {""updated_at"": ""2026-09-09"", ""change_refs"": [""codex:thread:01a07608-d2ec-7b10-9713-74c445adf8a5"", ""EpiLogos/O-I#97"", ""hermes-nara:session:2026-09-08-acp-residue-reconcile"", ""EpiLogos/ai-kit#198"", ""wiki-continuity:CASE-11-project-recency"", ""https://github.com/EpiLogos/ai-kit/issues/211"", ""https://github.com/EpiLogos/agent-system-design/issues/201"", ""https://github.com/EpiLogos/agent-system-design/commit/1a740b502c121a2eac1e4554c272b35fdebc5c4f"", ""https://github.com/EpiLogos/agent-system-design/pull/212"", ""https://github.com/EpiLogos/agent-system-design/commit/12a721dbbb51e3c70d52ef00220efa859ef930fd"", ""https://github.com/EpiLogos/ai-kit/pull/255"", ""wiki-continuity:root-domain-register"", ""wiki-continuity:one-query-path"", ""EpiLogos/ai-kit#259"", ""EpiLogos/ai-kit#257"", ""https://github.com/EpiLogos/ai-kit/issues/10""], ""code_basis"": {""crates/aikit-core/src/context_resolution.rs"": ""457455c843d46333c99693e0275dcbaf334a177f42a8d46e0cd84e75f49da9df"", ""crates/aikit-adapters/src/factory_developmental.rs"": ""705837645589d693d9f55caa62d66a6ef8c9beb5274ac5031379b296f7e510bd"", ""crates/aikit-adapters/src/lib.rs"": ""5869a9039f0c37b0e196887e9d44b63e0379968d8c0ef7c829bed76a933c5920"", ""crates/aikit-cli/src/app/mod.rs"": ""471520aaee6f3786e10b46c99b54e3c73e01c8c5d2217bf723aac22f672bd178"", ""crates/aikit-cli/src/cli.rs"": ""e4d4859c11e0d137089baa9b63483d5d1dc5c968e63ef234701a40e65d740597"", ""crates/aikit-cli/src/main.rs"": ""31ad466f5bf435631458bdf288a750a5e7e54cd773e749058a4e8174628436fb"", ""crates/aikit-core/src/project_world.rs"": ""4ceb3d146c9a0be9a80ab91d2e7feed52e97ad5b3461654722b104affa6c579b"", ""crates/aikit-core/src/resource/model.rs"": ""0ac180df43df96700f12750ac1c588ae56b9dd7045ab651cfa111aae366d64e5"", ""crates/aikit-tui/src/application_service.rs"": ""4f569c56c7d888a0e83ead6750e33bbf025b2792f594efdde33a100a11cf91ce"", ""crates/aikit-tui/src/project_workspace_render.rs"": ""c07752ed4acd80dd7acbfbc8d3d001c856687a2929bf1132c80190f4ac64d6c9"", ""crates/aikit-tui/src/application.rs"": ""dbfac41fc75881c2caba3cc56b061d457ba0045e2cea014a5192ab65d5df0613"", ""crates/aikit-tui/src/application_surface.rs"": ""4518d1f6dbf78ec62b58aecb177e66f5d64e556006a35dbbe35dd7aa11253fd9"", ""crates/aikit-tui/src/backend.rs"": ""09d28eae8f788275876bad0a824de30e69bd777aeac7e1b930615b3f50af2e4f"", ""crates/aikit-tui/src/compose_preview.rs"": ""e6623697c77acaebd23c6679b19acfd9c9afd0b2d01fdb8843055fc520edb2af"", ""crates/aikit-tui/src/workspace_navigation.rs"": ""f858fa0d7b07f330b28fb59fb23bb84d61f3fb2c45eca2ab4682d7b0628be5a4""}}, ""cli_commands"": [""project bind"", ""project show"", ""project defaults"", ""status"", ""diff"", ""context current"", ""context list"", ""context env"", ""credential setup"", ""credential explain"", ""credential list"", ""project list"", ""factory start-work""], ""cli_exposure"": {""kind"": ""direct"", ""reason"": ""Native CLI leaf commands recovered recursively from target/debug/aikit --help after a local build.""}, ""last_reconciled_at"": ""2026-09-09T19:29:27.189584+00:00""}",
ai-kit,product:ai-kit,product:ai-kit:ProjectCentral/user/capability-matrix.csv,product:ai-kit:ProjectCentral/user/capability-matrix.json,0846e946147c7e99161fe732feb1ccfe60d8dc9fff527e831dd20019606c8794,f3e56acd29cdbb5f8ccdfdd315e15e15c12fcc5c6f072c46652801049baecc85,aikit,oi <namespace> forwards the native leaf path unchanged,"[""profile fork"",""profile diff"",""set list"",""set show"",""set create"",""set add"",""set remove"",""skill overlay set"",""skill overlay show"",""skill overlay clear""]",cap.aikit.profiles,capability,,,,[],Reuse a baseline while expressing local needs,Select and compose Profile contributions,Effective choices traceable to scope,Implemented source contract; linked tests not freshly executed in this documentation pass,agent-inference,docs/v2/18-PROFILE-COMPOSITION-APPLICATION-PARITY.md,crates/aikit-core/src/composition.rs,crates/aikit-core/tests/profile_composition_v2.rs,aikit.html#q4/contexts,,,"{""basis"": ""Source-recovered capability account; original verification limits retained in Markdown."", ""converted_from_sha256"": ""9f8f34f320e78a72402844f14f7cf0607485953264edee23e2ce2574c0027c0b"", ""maintenance"": {""updated_at"": ""2026-09-06"", ""change_refs"": [""codex:thread:01a07608-d2ec-7b10-9713-74c445adf8a5"", ""EpiLogos/O-I#97""], ""code_basis"": {""crates/aikit-core/src/composition.rs"": ""d7f875b975656b956d3e70efb031d6ab649c601a4a28f65a9c542e666fd3cc88""}}, ""cli_commands"": [""profile fork"", ""profile diff"", ""set list"", ""set show"", ""set create"", ""set add"", ""set remove"", ""skill overlay set"", ""skill overlay show"", ""skill overlay clear""], ""cli_exposure"": {""kind"": ""direct"", ""reason"": ""Native CLI leaf commands recovered recursively from target/debug/aikit --help after a local build.""}, ""last_reconciled_at"": ""2026-09-06T14:30:23.997737+00:00""}",
ai-kit,product:ai-kit,product:ai-kit:ProjectCentral/user/capability-matrix.csv,product:ai-kit:ProjectCentral/user/capability-matrix.json,0846e946147c7e99161fe732feb1ccfe60d8dc9fff527e831dd20019606c8794,f3e56acd29cdbb5f8ccdfdd315e15e15c12fcc5c6f072c46652801049baecc85,aikit,oi <namespace> forwards the native leaf path unchanged,"[""apply"",""rollback"",""prune""]",cap.aikit.generation,capability,,,,[],Apply a predictable capability selection,Build and publish generated state against its basis,A coherent replaceable target view,Implemented source contract; linked tests not freshly executed in this documentation pass,agent-inference,docs/ARCHITECTURE.md,crates/aikit-core/src/projection.rs,crates/aikit-core/tests/projection.rs,aikit.html#q2/start,,,"{""basis"": ""Source-recovered capability account; original verification limits retained in Markdown."", ""converted_from_sha256"": ""9f8f34f320e78a72402844f14f7cf0607485953264edee23e2ce2574c0027c0b"", ""maintenance"": {""updated_at"": ""2026-09-09"", ""change_refs"": [""codex:thread:01a07608-d2ec-7b10-9713-74c445adf8a5"", ""EpiLogos/O-I#97"", ""https://github.com/EpiLogos/ai-kit/issues/247""], ""code_basis"": {""crates/aikit-core/src/projection.rs"": ""550df98f3f9c2f9667f4aa6ab6bb2ae61cbd9d391207ddbd0e5726da1f648a49""}}, ""cli_commands"": [""apply"", ""rollback"", ""prune""], ""cli_exposure"": {""kind"": ""direct"", ""reason"": ""Native CLI leaf commands recovered recursively from target/debug/aikit --help after a local build.""}, ""last_reconciled_at"": ""2026-09-09T10:56:21.703327+00:00""}",
ai-kit,product:ai-kit,product:ai-kit:ProjectCentral/user/capability-matrix.csv,product:ai-kit:ProjectCentral/user/capability-matrix.json,0846e946147c7e99161fe732feb1ccfe60d8dc9fff527e831dd20019606c8794,f3e56acd29cdbb5f8ccdfdd315e15e15c12fcc5c6f072c46652801049baecc85,aikit,oi <namespace> forwards the native leaf path unchanged,"[""client install"",""client launch"",""client status"",""mux install"",""mux detect"",""hook dispatch""]",cap.aikit.projection,capability,,,,[],Use the selected capabilities in a supported client,Render adapter-specific projection,Native client configuration with source lineage,Implemented source contract; linked tests not freshly executed in this documentation pass,agent-inference,docs/AGENT-HARNESS-INTEGRATION.md,crates/aikit-core/src/projection.rs,crates/aikit-adapters/tests/codex.rs,aikit.html#q0/continuity,,,"{""basis"": ""Source-recovered capability account; original verification limits retained in Markdown."", ""converted_from_sha256"": ""9f8f34f320e78a72402844f14f7cf0607485953264edee23e2ce2574c0027c0b"", ""maintenance"": {""updated_at"": ""2026-09-09"", ""change_refs"": [""codex:thread:01a07608-d2ec-7b10-9713-74c445adf8a5"", ""EpiLogos/O-I#97"", ""https://github.com/EpiLogos/ai-kit/issues/247""], ""code_basis"": {""crates/aikit-core/src/projection.rs"": ""550df98f3f9c2f9667f4aa6ab6bb2ae61cbd9d391207ddbd0e5726da1f648a49""}}, ""cli_commands"": [""client install"", ""client launch"", ""client status"", ""mux install"", ""mux detect"", ""hook dispatch""], ""cli_exposure"": {""kind"": ""direct"", ""reason"": ""Native CLI leaf commands recovered recursively from target/debug/aikit --help after a local build.""}, ""last_reconciled_at"": ""2026-09-09T10:56:21.703327+00:00""}",
ai-kit,product:ai-kit,product:ai-kit:ProjectCentral/user/capability-matrix.csv,product:ai-kit:ProjectCentral/user/capability-matrix.json,0846e946147c7e99161fe732feb1ccfe60d8dc9fff527e831dd20019606c8794,f3e56acd29cdbb5f8ccdfdd315e15e15c12fcc5c6f072c46652801049baecc85,aikit,oi <namespace> forwards the native leaf path unchanged,"[""knowledge search"",""knowledge read"",""knowledge sources""]",cap.aikit.source-horizon,capability,,,,[],Ask about a broad body of knowledge selectively,List eligible descriptors then explicitly retrieve,Exact source material with provenance and disclosure state,Implemented source contract; the SourcePool tag filter and its native baseline were exercised on 2026-09-08 against real corpus material,agent-inference,docs/v2/02-RESOLUTION-AND-CONTEXT-COGNITION.md,crates/aikit-core/src/context_source.rs;crates/aikit-core/src/knowledge_source_pool.rs,crates/aikit-core/tests/context_sources_v2.rs,aikit.html#q2/investigate,,,"{""basis"": ""Source-recovered capability account; original verification limits retained in Markdown. The provider-neutral SourcePool contract joins this capability's code basis: it is where a source's tags live and where every provider's tag-filtered search is defined. An empty query carrying a tag filter is a browse over that vocabulary, not a no-op."", ""converted_from_sha256"": ""9f8f34f320e78a72402844f14f7cf0607485953264edee23e2ce2574c0027c0b"", ""maintenance"": {""updated_at"": ""2026-09-08"", ""change_refs"": [""codex:thread:01a07608-d2ec-7b10-9713-74c445adf8a5"", ""EpiLogos/O-I#97"", ""wiki-continuity:tags-ride-the-source-pool""], ""code_basis"": {""crates/aikit-core/src/context_source.rs"": ""c2b25168412d98f12c6cd0411d871e1e503f26c3ef8fa560951e23c017387380"", ""crates/aikit-core/src/knowledge_source_pool.rs"": ""2e83af5d7d8ba992d9592d79d69e8a153b72695d4416fcd0c13a3ceffdc194f1""}}, ""cli_commands"": [""knowledge search"", ""knowledge read"", ""knowledge sources""], ""cli_exposure"": {""kind"": ""direct"", ""reason"": ""Native CLI leaf commands recovered recursively from target/debug/aikit --help after a local build.""}, ""last_reconciled_at"": ""2026-09-08T22:56:23.094235+00:00""}",
ai-kit,product:ai-kit,product:ai-kit:ProjectCentral/user/capability-matrix.csv,product:ai-kit:ProjectCentral/user/capability-matrix.json,0846e946147c7e99161fe732feb1ccfe60d8dc9fff527e831dd20019606c8794,f3e56acd29cdbb5f8ccdfdd315e15e15c12fcc5c6f072c46652801049baecc85,aikit,oi <namespace> forwards the native leaf path unchanged,"[""knowledge search"",""knowledge relations"",""knowledge frame"",""knowledge explain"",""knowledge status"",""knowledge read"",""knowledge route"",""knowledge sources"",""knowledge history"",""knowledge forget destination"",""knowledge forget route"",""knowledge forget project"",""knowledge forget all""]",cap.aikit.knowledge-navigation,capability,,,,[],Move from a question to related source,Search providers and expand a bounded neighbourhood,Inspectable routes across distinct knowledge lenses,"Implemented provider contract and deletable SQLite Wiki materialisation; 11 navigation unit tests passed on 2026-09-08, including the SourcePool tag filter",agent-inference,registry/capsules/skill/aikit/knowledge-navigation/payload/SKILL.md,crates/aikit-core/src/knowledge_wiki_index.rs;crates/aikit-core/src/knowledge_navigation.rs;crates/aikit-core/src/knowledge_wiki_provider.rs;crates/aikit-store/src/knowledge_wiki.rs,crates/aikit-cli/tests/knowledge_application_v2.rs;crates/aikit-core/src/knowledge_wiki_provider.rs;crates/aikit-store/src/knowledge_wiki.rs,aikit.html#q2/investigate,,,"{""basis"": ""Knowledge navigation now dispatches Wiki operations through a provider trait. The local SQLite projection preserves canonical refs, is reusable only for exact owner-authored register revisions, and is revalidated by the core semantic rebuild before serving. Search distinguishes curated Wiki objects from the authored sources they cite: each hit carries its own address type, so a cited source is findable and addressable as a Source without ever resolving as curated Wiki identity, and curated objects keep precedence when relevance cannot separate them. A cited source also discloses whether this horizon can open it: search names an unmaterialised cited source in its absences, reading it refuses with its own code and the citing nodes named, and explaining or routing it answers from the Wiki's record of the citation rather than failing. A `tag:<value>` term in a query now narrows the SourcePool instead of being matched as text: the filter is lifted out of the query and passed to each provider's tag-filtered search, and a provider that cannot filter by tag is disclosed and skipped rather than silently answering the broader question. The single production call previously passed an empty tag slice, leaving the tag facility every provider implements — and bkmr advertises through `--tags` — implemented, capability-detected and unreachable. A cited source's relations are the curated nodes that cite it: backlinks and neighbours answer with those nodes rather than an empty list, and the citation walk no longer requires the source to be materialised in the SourcePool."", ""cli_commands"": [""knowledge search"", ""knowledge relations"", ""knowledge frame"", ""knowledge explain"", ""knowledge status"", ""knowledge read"", ""knowledge route"", ""knowledge sources"", ""knowledge history"", ""knowledge forget destination"", ""knowledge forget route"", ""knowledge forget project"", ""knowledge forget all""], ""cli_exposure"": {""kind"": ""direct"", ""reason"": ""Native CLI leaf commands recovered recursively from target/debug/aikit --help after a local build.""}, ""converted_from_sha256"": ""9f8f34f320e78a72402844f14f7cf0607485953264edee23e2ce2574c0027c0b"", ""last_reconciled_at"": ""2026-09-09T14:52:11.454530+00:00"", ""maintenance"": {""change_refs"": [""codex:thread:01a07608-d2ec-7b10-9713-74c445adf8a5"", ""EpiLogos/O-I#97"", ""EpiLogos/ai-kit#216"", ""wiki-continuity:per-register-revisions"", ""wiki-continuity:sqlite-provider"", ""wiki-continuity:sqlite-provider-fix"", ""wiki-continuity:authored-source-findability"", ""wiki-continuity:cited-source-readability"", ""wiki-continuity:tags-ride-the-source-pool"", ""wiki-continuity:case18-case19-completion"", ""wiki-continuity:one-query-path""], ""code_basis"": {""crates/aikit-core/src/knowledge_navigation.rs"": ""1eac7d13f7a81cb9ecc825996358b1b25af1674ee83f4fbc187d77e9c4d68eba"", ""crates/aikit-core/src/knowledge_wiki_provider.rs"": ""68d8a8b82fa9ca1aaf622c8b3b3b48b421e99502c54192b4207f31b48e3dcc5f"", ""crates/aikit-store/src/knowledge_wiki.rs"": ""49e67684c0596a7ee2b9b3d060ee66bac8f56b97e48c770890b91ad17caa89d7"", ""crates/aikit-core/src/knowledge_wiki_index.rs"": ""ab0735f9d7af6d55afc181cb203d8fcc07aa48586dd71146a0e88bce187e918f""}, ""updated_at"": ""2026-09-09""}}",
ai-kit,product:ai-kit,product:ai-kit:ProjectCentral/user/capability-matrix.csv,product:ai-kit:ProjectCentral/user/capability-matrix.json,0846e946147c7e99161fe732feb1ccfe60d8dc9fff527e831dd20019606c8794,f3e56acd29cdbb5f8ccdfdd315e15e15c12fcc5c6f072c46652801049baecc85,aikit,oi <namespace> forwards the native leaf path unchanged,"[""wiki validate"",""wiki node create"",""wiki node update"",""wiki edge add"",""wiki space create"",""wiki space link"",""wiki root doctor"",""wiki root prune"",""wiki root adopt"",""wiki root anchor"",""wiki stage"",""wiki ingest"",""wiki query search"",""wiki query neighbours"",""wiki query backlinks""]",cap.aikit.wiki-write,capability,,,,[],Record navigational understanding durably,"Explicit node edge space mutations and validation, authored-corpus ingestion, and queries over the resulting field",Atomic valid Wiki revision or unchanged refusal,"Implemented CLI; 18 isolated-file Wiki command tests and 14 corpus-ingest unit tests passed on 2026-09-08, including the SourcePool material ingest now writes beside the Wiki file",agent-inference,registry/capsules/skill/aikit/wiki-inhabitation/payload/SKILL.md,crates/aikit-cli/src/wiki.rs;crates/aikit-core/src/knowledge_ingest.rs,crates/aikit-cli/tests/wiki_commands.rs,aikit.html#q2/maintain,,,"{""basis"": ""Source-recovered capability account; original verification limits retained in Markdown. The Wiki surface also ingests an authored corpus: rooms, records, links, tags and register frontmatter compile into Authored edges against curated nodes, dry-run by default and refusing to overwrite an existing object unless asked, with unresolved links disclosed rather than invented. `wiki query` reads the resulting field's search, neighbours and backlinks. A record's declared bibliography is carried as authored sources it cites, so the works an argument stands on are findable without becoming curated nodes; an empty traversal distinguishes a cited source from a ref the field does not hold. Corpus ingestion reads two authored populations — records declaring `record_id` and source pages declaring `source_id` — and compiles them differently: a record becomes a curated node, a source becomes a SourcePool binding and never a node. Tags are not Wiki objects. They ride `SourceBinding::tags` in the material ingest writes to a discoverable `<wiki-stem>.sources/` shard directory, which is the one tag carrier every SourcePool provider — the native baseline and bkmr's `--tags` alike — already reads; the former `wiki:node:tag/*` node namespace was a second, unrelated tag facility with first-declarer provenance and no vocabulary discipline, and is gone. A record's effective tags are its own plus those of every source it cites, so the vocabulary is read off the register and bibliography that author it rather than generated from `record_type`. Record selection now names, rather than counts, every file that carries corpus metadata but declares no identity: counting them hid an entire authored tag vocabulary from a reader who concluded the corpus declared none. A room is compiled at a caller-given path depth (`--room-depth`, default 1) rather than always from the first path segment: a room is relative to the root ingest was pointed at, and reading the same corpus from its Obsidian vault root one directory above its publication body otherwise collapses every record into a single room. The ingest dry run checks its own proposal set for self-collision, so it never promises an apply that would refuse."", ""converted_from_sha256"": ""9f8f34f320e78a72402844f14f7cf0607485953264edee23e2ce2574c0027c0b"", ""maintenance"": {""updated_at"": ""2026-09-09"", ""change_refs"": [""codex:thread:01a07608-d2ec-7b10-9713-74c445adf8a5"", ""EpiLogos/O-I#97"", ""EpiLogos/ai-kit#215"", ""wiki-continuity:essay-ingestion"", ""wiki-continuity:tags-ride-the-source-pool"", ""wiki-continuity:vault-root-and-room-depth"", ""wiki-continuity:case18-case19-completion"", ""central:identity-anchor-live-manifest""], ""code_basis"": {""crates/aikit-cli/src/wiki.rs"": ""e0ab6292be833608b67ddaf9975243af1196233ffb5bd17d26d609ad57159244"", ""crates/aikit-core/src/knowledge_ingest.rs"": ""c87664ded73773edddcfd829a2b8778da6b5f1f03ca6ec43a295a87c3fd8ad23""}}, ""cli_commands"": [""wiki validate"", ""wiki node create"", ""wiki node update"", ""wiki edge add"", ""wiki space create"", ""wiki space link"", ""wiki root doctor"", ""wiki root prune"", ""wiki root adopt"", ""wiki root anchor"", ""wiki stage"", ""wiki ingest"", ""wiki query search"", ""wiki query neighbours"", ""wiki query backlinks""], ""cli_exposure"": {""kind"": ""direct"", ""reason"": ""Native CLI leaf commands recovered recursively from target/debug/aikit --help after a local build.""}, ""last_reconciled_at"": ""2026-09-09T16:18:45.314659+00:00""}",
ai-kit,product:ai-kit,product:ai-kit:ProjectCentral/user/capability-matrix.csv,product:ai-kit:ProjectCentral/user/capability-matrix.json,0846e946147c7e99161fe732feb1ccfe60d8dc9fff527e831dd20019606c8794,f3e56acd29cdbb5f8ccdfdd315e15e15c12fcc5c6f072c46652801049baecc85,aikit,oi <namespace> forwards the native leaf path unchanged,[],cap.aikit.authored-relations,capability,,,,[],Use links already present in supported text,Parse Markdown links and OKF properties with source spans,Resolved edges and retained ambiguous or unresolved evidence,Implemented Markdown and OKF relation path; 21 selected authored-Wiki adapter tests passed on 2026-09-06; HTML convention is not automatic staging input,agent-inference,../github-recovery-mirror/mirror/ai-kit/issues/126.json,crates/aikit-adapters/src/authored_wiki_source.rs;crates/aikit-adapters/src/projectcentral_authored_wiki.rs,crates/aikit-adapters/src/authored_wiki_source.rs,aikit.html#q3/source-contract,,,"{""basis"": ""Source-recovered capability account; original verification limits retained in Markdown."", ""converted_from_sha256"": ""9f8f34f320e78a72402844f14f7cf0607485953264edee23e2ce2574c0027c0b"", ""maintenance"": {""updated_at"": ""2026-09-08"", ""change_refs"": [""codex:thread:01a07608-d2ec-7b10-9713-74c445adf8a5"", ""EpiLogos/O-I#97"", ""EpiLogos/ai-kit#217""], ""code_basis"": {""crates/aikit-adapters/src/authored_wiki_source.rs"": ""eb64cef405fd085bc52a010410f910e11384a852fea60c8e6bbca10a3c0351e7"", ""crates/aikit-adapters/src/projectcentral_authored_wiki.rs"": ""e2e025a3bacfd950ad3c4691189c5b7f8696ad1ffb39f09a5693a9ab9d113c96""}}, ""cli_commands"": [], ""cli_exposure"": {""kind"": ""library"", ""reason"": ""The authored-relation compiler is implemented as an adapter; this CLI has no dedicated relation-compilation command.""}, ""last_reconciled_at"": ""2026-09-08T15:24:00.558081+00:00""}",
ai-kit,product:ai-kit,product:ai-kit:ProjectCentral/user/capability-matrix.csv,product:ai-kit:ProjectCentral/user/capability-matrix.json,0846e946147c7e99161fe732feb1ccfe60d8dc9fff527e831dd20019606c8794,f3e56acd29cdbb5f8ccdfdd315e15e15c12fcc5c6f072c46652801049baecc85,aikit,oi <namespace> forwards the native leaf path unchanged,[],cap.aikit.projectcentral,capability,,,,[],Enter human and Agent project material faithfully,Discover descriptors and explicitly read permitted source,Source identity and Central-issued standing retained,"Implemented source contract; the knowledge service obtains the Central Wiki reading through the configured `ctrl` executable when the Central root is present. SourcePool material is now identified structurally before the Wiki content sniff, verified against the live Return of Zero corpus on 2026-09-08",agent-inference,../github-recovery-mirror/mirror/ai-kit/issues/102.comments.json,crates/aikit-adapters/src/projectcentral.rs;crates/aikit-cli/src/app/knowledge.rs;crates/aikit-adapters/src/central_wiki.rs,crates/aikit-adapters/src/projectcentral.rs;crates/aikit-adapters/src/central_wiki.rs,aikit.html#q2/investigate,,,"{""basis"": ""Central Wiki discovery retains owner-declared register identity and exact-byte revisions; the knowledge runtime projects validated objects into a horizon-scoped SQLite cache without treating its rows or path as identity. Discovery identifies SourcePool material by parsing it, before the Wiki's `okf-wiki/v1` content sniff runs. An authored file that discusses the wiki profile puts that literal inside a source binding's body, which made the sniff claim the shard as malformed Wiki material and warn on every search."", ""cli_commands"": [], ""cli_exposure"": {""kind"": ""composed"", ""reason"": ""ProjectCentral material is encountered through the shared knowledge faculty; this CLI has no dedicated ProjectCentral command.""}, ""converted_from_sha256"": ""9f8f34f320e78a72402844f14f7cf0607485953264edee23e2ce2574c0027c0b"", ""last_reconciled_at"": ""2026-09-09T16:03:25.077583+00:00"", ""maintenance"": {""change_refs"": [""codex:thread:01a07608-d2ec-7b10-9713-74c445adf8a5"", ""EpiLogos/O-I#97"", ""hermes-nara:session:2026-09-07-gateway-reconcile"", ""EpiLogos/ai-kit#192"", ""EpiLogos/ai-kit#217"", ""EpiLogos/ai-kit#219"", ""wiki-continuity:per-register-revisions"", ""wiki-continuity:sqlite-provider"", ""wiki-continuity:authored-source-findability"", ""wiki-continuity:tags-ride-the-source-pool"", ""wiki-continuity:one-query-path"", ""EpiLogos/ai-kit#259""], ""code_basis"": {""crates/aikit-adapters/src/central_wiki.rs"": ""b87215b2381674922715d469c29afe382fd1e272df56f1ca44d7f027ddd71eb1"", ""crates/aikit-adapters/src/projectcentral.rs"": ""09c8f9321cef65c1e1b8fcdc99115530b2e33cdcb8a8efa2544eb88a1f3f7f01"", ""crates/aikit-cli/src/app/knowledge.rs"": ""913bd1777c2d3a9d8bf5c057f9eda2993fb2b2f2c101aa27bda9132c54252118""}, ""updated_at"": ""2026-09-09""}}",
ai-kit,product:ai-kit,product:ai-kit:ProjectCentral/user/capability-matrix.csv,product:ai-kit:ProjectCentral/user/capability-matrix.json,0846e946147c7e99161fe732feb1ccfe60d8dc9fff527e831dd20019606c8794,f3e56acd29cdbb5f8ccdfdd315e15e15c12fcc5c6f072c46652801049baecc85,aikit,oi <namespace> forwards the native leaf path unchanged,"[""knowledge status"",""knowledge history"",""knowledge forget destination"",""knowledge forget route"",""knowledge forget project"",""knowledge forget all""]",cap.aikit.living-knowledge,capability,,,,[],Know which readings depend on changed source,Track dependencies and inspect affected readings,A visible basis for deliberate refresh and return,Implemented source contract; linked tests not freshly executed in this documentation pass,agent-inference,../github-recovery-mirror/mirror/ai-kit/issues/118.json,crates/aikit-core/src/knowledge_living_relations.rs,crates/aikit-core/tests/living_knowledge_acceptance.rs,aikit.html#q2/maintain,,,"{""basis"": ""Source-recovered capability account; original verification limits retained in Markdown."", ""converted_from_sha256"": ""9f8f34f320e78a72402844f14f7cf0607485953264edee23e2ce2574c0027c0b"", ""maintenance"": {""updated_at"": ""2026-09-06"", ""change_refs"": [""codex:thread:01a07608-d2ec-7b10-9713-74c445adf8a5"", ""EpiLogos/O-I#97""], ""code_basis"": {""crates/aikit-core/src/knowledge_living_relations.rs"": ""fe1951920d937715368e599dbe0e92ecbde0404467eb141e352e376eea371aa4""}}, ""cli_commands"": [""knowledge status"", ""knowledge history"", ""knowledge forget destination"", ""knowledge forget route"", ""knowledge forget project"", ""knowledge forget all""], ""cli_exposure"": {""kind"": ""direct"", ""reason"": ""Native CLI leaf commands recovered recursively from target/debug/aikit --help after a local build.""}, ""last_reconciled_at"": ""2026-09-06T14:30:23.997737+00:00""}",
ai-kit,product:ai-kit,product:ai-kit:ProjectCentral/user/capability-matrix.csv,product:ai-kit:ProjectCentral/user/capability-matrix.json,0846e946147c7e99161fe732feb1ccfe60d8dc9fff527e831dd20019606c8794,f3e56acd29cdbb5f8ccdfdd315e15e15c12fcc5c6f072c46652801049baecc85,aikit,oi <namespace> forwards the native leaf path unchanged,"[""knowledge frame"",""wiki-shape declare"",""wiki-shape validate"",""wiki-shape compress""]",cap.aikit.wiki-shapes,capability,,,,[],Navigate supplied whole and relation structure,Derive bounded shape addresses from the pinned contract,Inspectable structural reading with source basis,Implemented source contract; linked tests not freshly executed in this documentation pass,agent-inference,../github-recovery-mirror/mirror/ai-kit/issues/158.json,crates/aikit-cli/src/wiki_shape.rs;crates/aikit-core/src/knowledge_wiki_shape.rs,crates/aikit-core/src/knowledge_wiki_shape.rs,aikit.html#q3/source-contract,,,"{""basis"": ""Source-recovered capability account; original verification limits retained in Markdown. The QL shape contract has its own product surface: constellations declare, validate against the contract (conjugate-requires-direct, return-through-declared-anchor with ground kind, declared node stance) and compress through the 0//1 trinity; an unrecognised future shape ref is preserved so the theory evolves without an engine release."", ""converted_from_sha256"": ""9f8f34f320e78a72402844f14f7cf0607485953264edee23e2ce2574c0027c0b"", ""maintenance"": {""updated_at"": ""2026-09-09"", ""change_refs"": [""codex:thread:01a07608-d2ec-7b10-9713-74c445adf8a5"", ""EpiLogos/O-I#97"", ""hermes-nara:session:2026-09-07-gateway-reconcile"", ""EpiLogos/ai-kit#192"", ""wiki-continuity:case18-case19-completion""], ""code_basis"": {""crates/aikit-core/src/knowledge_wiki_shape.rs"": ""53fe3f67d0c4d2a3857a25039ad000ed26be17888e401b1f3054fd2616955c62"", ""crates/aikit-cli/src/wiki_shape.rs"": ""cd40d241968c3c7505b4901c015b02a42000f0c2a6225c00589be469e3ca35ae""}}, ""cli_commands"": [""knowledge frame"", ""wiki-shape declare"", ""wiki-shape validate"", ""wiki-shape compress""], ""cli_exposure"": {""kind"": ""direct"", ""reason"": ""Native CLI leaf commands recovered recursively from target/debug/aikit --help after a local build.""}, ""last_reconciled_at"": ""2026-09-09T01:05:57.102343+00:00""}",
ai-kit,product:ai-kit,product:ai-kit:ProjectCentral/user/capability-matrix.csv,product:ai-kit:ProjectCentral/user/capability-matrix.json,0846e946147c7e99161fe732feb1ccfe60d8dc9fff527e831dd20019606c8794,f3e56acd29cdbb5f8ccdfdd315e15e15c12fcc5c6f072c46652801049baecc85,aikit,oi <namespace> forwards the native leaf path unchanged,"[""knowledge frame"",""knowledge route""]",cap.aikit.reflection,capability,,,,[],Inspect whether product meaning matches code,Traverse explicit semantic and code bindings,A discrepancy or relationship grounded in both sources,Implemented source contract; linked tests not freshly executed in this documentation pass,agent-inference,docs/v2/21-PROJECT-REFLECTION-AND-LOCAL-ARTICULATION.md,crates/aikit-core/src/project_reflection.rs,crates/aikit-core/tests/project_reflection_roundtrip.rs,aikit.html#q2/investigate,,,"{""basis"": ""Source-recovered capability account; original verification limits retained in Markdown."", ""converted_from_sha256"": ""9f8f34f320e78a72402844f14f7cf0607485953264edee23e2ce2574c0027c0b"", ""maintenance"": {""updated_at"": ""2026-09-06"", ""change_refs"": [""codex:thread:01a07608-d2ec-7b10-9713-74c445adf8a5"", ""EpiLogos/O-I#97""], ""code_basis"": {""crates/aikit-core/src/project_reflection.rs"": ""56b3e46f1705d71add0e0455b6ba04c79b7f6491203d805fd6ad5494017dda27""}}, ""cli_commands"": [""knowledge frame"", ""knowledge route""], ""cli_exposure"": {""kind"": ""composed"", ""reason"": ""The CLI composes reflection through knowledge routes and frames; it has no dedicated reflection verb.""}, ""last_reconciled_at"": ""2026-09-06T14:30:23.997737+00:00""}",
ai-kit,product:ai-kit,product:ai-kit:ProjectCentral/user/capability-matrix.csv,product:ai-kit:ProjectCentral/user/capability-matrix.json,0846e946147c7e99161fe732feb1ccfe60d8dc9fff527e831dd20019606c8794,f3e56acd29cdbb5f8ccdfdd315e15e15c12fcc5c6f072c46652801049baecc85,aikit,oi <namespace> forwards the native leaf path unchanged,"[""method list""]",cap.aikit.methods,capability,,,,[],Discover situated reusable praxis and compose repertoires,Classify Skills by METHOD: without changing identity and inspect direct/transitive nested SkillSet relations,Situated Skills retain ordinary source/trust/projection while parent and child repertoire participation stays explainable,Implemented source contract; full repository verification passed on 2026-09-08 with 1833 tests,implementation-fact,docs/v2/20-PRAXIS-METHODS-AND-SKILL-COMPOSITION.md,crates/aikit-core/src/method.rs;crates/aikit-core/src/composition_mutation.rs;crates/aikit-core/src/resource/operative.rs,crates/aikit-core/src/method.rs;crates/aikit-core/tests/profile_composition_v2.rs,aikit.html#q1/praxis,,,"{""basis"": ""Method is the same Capability/Skill identity classified by METHOD:; nested SkillSet application relations expose the existing recursive domain model without inventing a second Method resource or child-set mutation."", ""maintenance"": {""updated_at"": ""2026-09-09"", ""change_refs"": [""codex:thread:01a07608-d2ec-7b10-9713-74c445adf8a5"", ""EpiLogos/O-I#97"", ""hermes-nara:session:2026-09-08-acp-residue-reconcile"", ""user-determination:2026-09-08-method-is-skill"", ""wiki-continuity:CASE-11-project-recency"", ""https://github.com/EpiLogos/ai-kit/issues/247"", ""https://github.com/EpiLogos/ai-kit/issues/211"", ""https://github.com/EpiLogos/agent-system-design/issues/201"", ""https://github.com/EpiLogos/agent-system-design/commit/1a740b502c121a2eac1e4554c272b35fdebc5c4f"", ""wiki-continuity:one-query-path""], ""code_basis"": {""crates/aikit-core/src/method.rs"": ""a198795085db8f2672b5a9f5aee2a3192de4f23bf66370e9addaffb97ec26982"", ""crates/aikit-core/src/composition_mutation.rs"": ""c2bc71b531fd5b2b38a4d453ef18de88a62fe7d5fd6697b698d0511c6e171374"", ""crates/aikit-core/src/resource/operative.rs"": ""b257e47777020914e290f914abb65d193df0efde7ad5d7aac71a620e04190693""}}, ""cli_commands"": [""method list""], ""cli_exposure"": {""kind"": ""direct"", ""reason"": ""method list is a classification view over Skills; Method has no separate source lifecycle or resolver command.""}, ""last_reconciled_at"": ""2026-09-09T14:52:11.454530+00:00""}",
ai-kit,product:ai-kit,product:ai-kit:ProjectCentral/user/capability-matrix.csv,product:ai-kit:ProjectCentral/user/capability-matrix.json,0846e946147c7e99161fe732feb1ccfe60d8dc9fff527e831dd20019606c8794,f3e56acd29cdbb5f8ccdfdd315e15e15c12fcc5c6f072c46652801049baecc85,aikit,oi <namespace> forwards the native leaf path unchanged,"[""routine authorise-invocation"",""routine invocation"",""routine invocations""]",cap.aikit.routines,capability,,,,[],Repeat proven work under declared conditions and expose exact authorised occurrences,"Validate the exact Routine, Method proof, trigger and owner-supplied authority receipt relation; idempotently admit and read invocation evidence","A versioned authorised invocation envelope with stable occurrence identity, exact proof/authority provenance and optional provider delivery history",Implemented source contract; 17 exact Routine unit tests and 10 real native CLI/store tests passed on 2026-09-09,implementation-fact,docs/ROUTINE-INVOCATION-EVIDENCE.md,crates/aikit-core/src/routine.rs;crates/aikit-core/src/resource/mod.rs;crates/aikit-store/src/routine_invocation.rs;crates/aikit-cli/src/main.rs;crates/aikit-cli/src/cli.rs,crates/aikit-core/src/routine.rs;crates/aikit-cli/tests/routine_invocation.rs;schemas/aikit.routine-invocation-evidence.v1.schema.json;fixtures/routine-invocation/authorised-scheduled-evidence.json,aikit.html#q1/praxis,,,"{""basis"": ""Routine proof-before-automation now has a public invocation-evidence boundary. AIKit revalidates supplied exact Routine/Method/proof/authority provenance but does not claim an independent external authority query at the file/CLI boundary."", ""converted_from_sha256"": ""9f8f34f320e78a72402844f14f7cf0607485953264edee23e2ce2574c0027c0b"", ""maintenance"": {""updated_at"": ""2026-09-09"", ""change_refs"": [""codex:thread:01a07608-d2ec-7b10-9713-74c445adf8a5"", ""EpiLogos/O-I#97"", ""https://github.com/EpiLogos/ai-kit/issues/247"", ""wiki-continuity:CASE-04-context-pressure"", ""https://github.com/EpiLogos/ai-kit/pull/255"", ""wiki-continuity:one-query-path"", ""EpiLogos/ai-kit#259"", ""https://github.com/EpiLogos/ai-kit/issues/10""], ""code_basis"": {""crates/aikit-core/src/routine.rs"": ""14c000e791fbdc4b50dd2e572f105d686c11c9da09ed49e7511c285e0cdc765e"", ""crates/aikit-core/src/resource/mod.rs"": ""74f2aa37d1aed33cabfd9e449bbdef8bdc270bcbcdf1f64392f9ab600cffea5e"", ""crates/aikit-store/src/routine_invocation.rs"": ""8fc9d686b15713591de11440b8844ae7bba0a6843ce7265422698d74ab1c5bde"", ""crates/aikit-cli/src/main.rs"": ""31ad466f5bf435631458bdf288a750a5e7e54cd773e749058a4e8174628436fb"", ""crates/aikit-cli/src/cli.rs"": ""e4d4859c11e0d137089baa9b63483d5d1dc5c968e63ef234701a40e65d740597""}}, ""cli_commands"": [""routine authorise-invocation"", ""routine invocation"", ""routine invocations""], ""cli_exposure"": {""kind"": ""direct"", ""reason"": ""Native CLI admits and reads the same versioned Routine invocation evidence persisted by the AIKit application store.""}, ""last_reconciled_at"": ""2026-09-09T19:29:27.189584+00:00""}",
ai-kit,product:ai-kit,product:ai-kit:ProjectCentral/user/capability-matrix.csv,product:ai-kit:ProjectCentral/user/capability-matrix.json,0846e946147c7e99161fe732feb1ccfe60d8dc9fff527e831dd20019606c8794,f3e56acd29cdbb5f8ccdfdd315e15e15c12fcc5c6f072c46652801049baecc85,aikit,oi <namespace> forwards the native leaf path unchanged,"[""compose""]",cap.aikit.composition,capability,,,,[],Select Components that fit the work,Resolve requirements contributions and provider bindings,A body reading with compatibility and limits,Implemented source contract; linked tests not freshly executed in this documentation pass,agent-inference,docs/v2/09-COMPOSABLE-RUNTIME-ENVIRONMENTS.md,crates/aikit-core/src/composition.rs;crates/aikit-adapters/src/actuation_stream_projection.rs;crates/aikit-adapters/src/actor_composition.rs;crates/aikit-adapters/src/actuation_instantiation.rs;crates/aikit-adapters/src/central_agent_profile.rs,crates/aikit-core/tests/composition_v2.rs,aikit.html#q2/compose,,,"{""basis"": ""Source-recovered capability account; original verification limits retained in Markdown."", ""converted_from_sha256"": ""9f8f34f320e78a72402844f14f7cf0607485953264edee23e2ce2574c0027c0b"", ""maintenance"": {""updated_at"": ""2026-09-08"", ""change_refs"": [""codex:thread:01a07608-d2ec-7b10-9713-74c445adf8a5"", ""EpiLogos/O-I#97"", ""hermes-nara:session:2026-09-08-acp-residue-reconcile"", ""EpiLogos/ai-kit#198""], ""code_basis"": {""crates/aikit-core/src/composition.rs"": ""d7f875b975656b956d3e70efb031d6ab649c601a4a28f65a9c542e666fd3cc88"", ""crates/aikit-adapters/src/actuation_stream_projection.rs"": ""46af00031b72bcbbb0b127ff8658873f175564cb2f20e8501b2dc448470d2699"", ""crates/aikit-adapters/src/actor_composition.rs"": ""62884b717f0ffaccdc809a01dfcacb132b5508d08b2129a23abc2731ec8ab7fd"", ""crates/aikit-adapters/src/actuation_instantiation.rs"": ""2db1212dba7f1c786c83d45e75b76b3a69846b39937c4f66b1160a6368d1719d"", ""crates/aikit-adapters/src/central_agent_profile.rs"": ""9a306d6dfaac548c82bfc4da2ef8b7def8a5f824a5f239e1169efc801c5c3e3e""}}, ""cli_commands"": [""compose""], ""cli_exposure"": {""kind"": ""direct"", ""reason"": ""Native CLI leaf commands recovered recursively from target/debug/aikit --help after a local build.""}, ""last_reconciled_at"": ""2026-09-06T14:30:23.997737+00:00""}",
ai-kit,product:ai-kit,product:ai-kit:ProjectCentral/user/capability-matrix.csv,product:ai-kit:ProjectCentral/user/capability-matrix.json,0846e946147c7e99161fe732feb1ccfe60d8dc9fff527e831dd20019606c8794,f3e56acd29cdbb5f8ccdfdd315e15e15c12fcc5c6f072c46652801049baecc85,aikit,oi <namespace> forwards the native leaf path unchanged,"[""session up"",""session attach"",""session list"",""session diff"",""session reconcile"",""session down"",""task spawn"",""task list"",""task close""]",cap.aikit.sessions,capability,,,,[],Continue work through usable surfaces,Inspect declare compare and reconcile session topology,A traceable session with bounded ownership,Implemented source contract; linked tests not freshly executed in this documentation pass,agent-inference,README.md,crates/aikit-core/src/session_space.rs;crates/aikit-adapters/src/agent_connection.rs;crates/aikit-adapters/src/agent_session_host.rs;crates/aikit-adapters/src/session_space_connection.rs;crates/aikit-adapters/src/lib.rs;crates/aikit-adapters/src/connection_process.rs;crates/aikit-adapters/src/interactive_connection.rs;crates/aikit-adapters/src/session_event_queue.rs;crates/aikit-core/src/session_space_application.rs;crates/aikit-cli/src/bin/aikit-session-space.rs;crates/aikit-adapters/src/mux/tmux.rs,crates/aikit-cli/tests/session_integration.rs,aikit.html#q2/compose,,,"{""basis"": ""Source-recovered capability account; original verification limits retained in Markdown. Fingerprint refreshed over #209's single added module declaration (pub mod workcell_instance_intake); session topology is untouched by it."", ""converted_from_sha256"": ""9f8f34f320e78a72402844f14f7cf0607485953264edee23e2ce2574c0027c0b"", ""maintenance"": {""updated_at"": ""2026-09-09"", ""change_refs"": [""codex:thread:01a07608-d2ec-7b10-9713-74c445adf8a5"", ""EpiLogos/O-I#97"", ""hermes-nara:session:2026-09-07-gateway-reconcile"", ""EpiLogos/ai-kit#192"", ""hermes-nara:session:2026-09-08-acp-residue-reconcile"", ""EpiLogos/ai-kit#198"", ""EpiLogos/ai-kit#201"", ""https://github.com/EpiLogos/ai-kit/issues/247"", ""wiki-continuity:product-ground-debt-2026-09-09"", ""https://github.com/EpiLogos/ai-kit/issues/211"", ""https://github.com/EpiLogos/agent-system-design/issues/201"", ""https://github.com/EpiLogos/agent-system-design/commit/1a740b502c121a2eac1e4554c272b35fdebc5c4f"", ""https://github.com/EpiLogos/ai-kit/issues/10""], ""code_basis"": {""crates/aikit-core/src/session_space.rs"": ""aa7bf295619d3e7d1ed2174c0f546f728812f5dbeeb6299a100a8a386bdcf5c3"", ""crates/aikit-adapters/src/agent_connection.rs"": ""e6f9c1b3664a4c54f8742314f8f178be3eab551ead2018105887969e6974cbd3"", ""crates/aikit-adapters/src/agent_session_host.rs"": ""28eccd5ad69864cd29868c57f116b692b539ae03fbc6b6b86f93888350155754"", ""crates/aikit-adapters/src/session_space_connection.rs"": ""bd766003243b076f8a94c5829029680c3423d6a6b54c957929ad991d71fa7639"", ""crates/aikit-adapters/src/lib.rs"": ""5869a9039f0c37b0e196887e9d44b63e0379968d8c0ef7c829bed76a933c5920"", ""crates/aikit-adapters/src/connection_process.rs"": ""d7f389e5eaa07d78f25716afb8418360df05e4c44111961a509ecd034df77669"", ""crates/aikit-adapters/src/interactive_connection.rs"": ""12287b0b4151f9150cc525ba597fd36f46f2eab99902f23c259dbec17d4241fc"", ""crates/aikit-adapters/src/session_event_queue.rs"": ""e4547ee75f54f9ca17c75b0887034e60a9472d29cee4f94d784871963ee239a7"", ""crates/aikit-core/src/session_space_application.rs"": ""e6b43fd8a72b747dd14a4bc23239ded45230adf376ab269ddf5b79d905bed108"", ""crates/aikit-cli/src/bin/aikit-session-space.rs"": ""3976d24df372ac08583409f082aa921941537dd39584fe23a282babb32ef496a"", ""crates/aikit-adapters/src/mux/tmux.rs"": ""a4f49e3deb3e40944d0c8990387ce0cfde61f5657947e1e03defd51c5c4425cd""}}, ""cli_commands"": [""session up"", ""session attach"", ""session list"", ""session diff"", ""session reconcile"", ""session down"", ""task spawn"", ""task list"", ""task close""], ""cli_exposure"": {""kind"": ""direct"", ""reason"": ""Native CLI leaf commands recovered recursively from target/debug/aikit --help after a local build; the separately released aikit-session-space companion is accounted for in cli_companions.""}, ""last_reconciled_at"": ""2026-09-09T19:29:27.189584+00:00"", ""cli_companions"": [{""executable"": ""aikit-session-space"", ""commands"": [""discover""], ""protocol"": ""aikit.session-space-application/v1"", ""source_refs"": [""crates/aikit-cli/src/bin/aikit-session-space.rs"", ""docs/v2/13-WORKING-ENVIRONMENT-PROVIDERS.md""]}]}",
ai-kit,product:ai-kit,product:ai-kit:ProjectCentral/user/capability-matrix.csv,product:ai-kit:ProjectCentral/user/capability-matrix.json,0846e946147c7e99161fe732feb1ccfe60d8dc9fff527e831dd20019606c8794,f3e56acd29cdbb5f8ccdfdd315e15e15c12fcc5c6f072c46652801049baecc85,aikit,oi <namespace> forwards the native leaf path unchanged,"[""compose"",""model-catalogue refresh"",""model-catalogue show""]",cap.aikit.models,capability,,,,[],"Select a model from one coherent model field, and keep every proven way of realising it","Join the canonical Model catalogue (first-party seed, Provider Sources, owner entries) against proven realisation evidence — detected model-provider inventories, router listings, detected-harness dispatch and credential bindings — then rank, select and actualise through Actuation","One Model candidate per canonical ModelRef carrying 0..N routes with provenance and three distinct standings (unproven / observed / presently usable); selection keeps routes plural; actualisation reaches actuation.instantiation/v1 under Actuation's own evidence gate, asks Workcell for a material body only where one is required, and model-usage returns afterward as telemetry that can never feed availability back","Implemented catalogue/route/roster/realisation contracts with a live join. Demonstrated 2026-09-09: 337 catalogued Models (334 from OpenRouter's public listing), 335 with an observed route across router-route/harness-native/local-serving, 1 presently usable (no hosted credential bound here); evidence-gated instantiation bound harness/claude-code with receipts and refused harness/aider; workcell plan answered unsatisfiable with its own reason.",agent-inference,docs/v2/15-MODEL-ROSTER-CAPABILITY-FIT.md,crates/aikit-core/src/model_roster.rs;crates/aikit-core/src/model_route.rs;crates/aikit-core/src/model_catalogue.rs;crates/aikit-adapters/src/actuation_model_routes.rs;crates/aikit-adapters/src/provider_catalog_source.rs;crates/aikit-adapters/src/model_realisation.rs;crates/aikit-store/src/model_catalogue.rs,crates/aikit-core/tests/model_roster_acceptance.rs;crates/aikit-adapters/tests/model_route_availability_acceptance.rs;crates/aikit-adapters/tests/model_realisation_end_to_end.rs,aikit.html#q4/providers,,,"{""basis"": ""Source-recovered capability account; original verification limits retained in Markdown."", ""converted_from_sha256"": ""9f8f34f320e78a72402844f14f7cf0607485953264edee23e2ce2574c0027c0b"", ""maintenance"": {""updated_at"": ""2026-09-09"", ""change_refs"": [""codex:thread:01a07608-d2ec-7b10-9713-74c445adf8a5"", ""EpiLogos/O-I#97"", ""https://github.com/EpiLogos/ai-kit/issues/10""], ""code_basis"": {""crates/aikit-core/src/model_roster.rs"": ""620b907be0679b657154cde6dc0a02f794528acb6951088f07ac07889c1f1428"", ""crates/aikit-core/src/model_route.rs"": ""4c6fb98eeed75b1e0fe0fcf03a6fd999f11186e99b8e64f77542c3c311c5ca7b"", ""crates/aikit-core/src/model_catalogue.rs"": ""ed559f09fa454feafdd07ff89eb534136b12aebc8a17376c420476556d6ed2c1"", ""crates/aikit-adapters/src/actuation_model_routes.rs"": ""9db1e34221d34135e2145b1ca93bb9a021f8665a8359ba687216c1de52a01d28"", ""crates/aikit-adapters/src/provider_catalog_source.rs"": ""eef058021291dd74479e1dce94937ce2d96ac53d62e6eed362c5b156b3205c34"", ""crates/aikit-adapters/src/model_realisation.rs"": ""0742bac321925cdfd30de0fc726ccbb85d8441f35b96ece52fcf57a0b9682b8d"", ""crates/aikit-store/src/model_catalogue.rs"": ""b0a8c04e92a3f2b4e266133782af5cbce53453d03331c62c2f3c431436b686d0""}}, ""cli_commands"": [""compose"", ""model-catalogue refresh"", ""model-catalogue show""], ""cli_exposure"": {""kind"": ""direct"", ""reason"": ""`model-catalogue refresh|show` is the Provider Source plumbing; the catalogue-to-route join, selection and actualisation surface through `aikit compose --json [--realise --model ...]`. There is deliberately no roster listing command.""}, ""last_reconciled_at"": ""2026-09-09T19:29:27.189584+00:00"", ""cli_observation"": {""argv"": [""aikit"", ""compose"", ""--json""], ""executed_at"": ""2026-09-09T18:20:00Z"", ""result_scope"": ""Machine-local: 337 catalogued Models; observed routes 417 router-route, 75 harness-native, 1 local-serving; 1 presently usable; 0 unmatched offers.""}}",
ai-kit,product:ai-kit,product:ai-kit:ProjectCentral/user/capability-matrix.csv,product:ai-kit:ProjectCentral/user/capability-matrix.json,0846e946147c7e99161fe732feb1ccfe60d8dc9fff527e831dd20019606c8794,f3e56acd29cdbb5f8ccdfdd315e15e15c12fcc5c6f072c46652801049baecc85,aikit,oi <namespace> forwards the native leaf path unchanged,"[""enable"",""disable"",""use"",""context bind"",""context reset""]",cap.aikit.activation,capability,,,,[],Know what a target made operative,Carry evidence-bearing activation receipts in ContextResolution,Standing selection and activation remain independently inspectable,Implemented source contract; linked tests not freshly executed in this documentation pass,agent-inference,../github-recovery-mirror/mirror/ai-kit/issues/153.comments.json,crates/aikit-core/src/context_activation.rs,crates/aikit-core/tests/context_activation_v2.rs,aikit.html#q2/start,,,"{""basis"": ""Source-recovered capability account; original verification limits retained in Markdown."", ""converted_from_sha256"": ""9f8f34f320e78a72402844f14f7cf0607485953264edee23e2ce2574c0027c0b"", ""maintenance"": {""updated_at"": ""2026-09-06"", ""change_refs"": [""codex:thread:01a07608-d2ec-7b10-9713-74c445adf8a5"", ""EpiLogos/O-I#97""], ""code_basis"": {""crates/aikit-core/src/context_activation.rs"": ""9f7fa3ee1360ff43fb7566b14c8da000e99f349fb104bb329fa1916af0d0d728""}}, ""cli_commands"": [""enable"", ""disable"", ""use"", ""context bind"", ""context reset""], ""cli_exposure"": {""kind"": ""direct"", ""reason"": ""Native CLI leaf commands recovered recursively from target/debug/aikit --help after a local build.""}, ""last_reconciled_at"": ""2026-09-06T14:30:23.997737+00:00""}",
ai-kit,product:ai-kit,product:ai-kit:ProjectCentral/user/capability-matrix.csv,product:ai-kit:ProjectCentral/user/capability-matrix.json,0846e946147c7e99161fe732feb1ccfe60d8dc9fff527e831dd20019606c8794,f3e56acd29cdbb5f8ccdfdd315e15e15c12fcc5c6f072c46652801049baecc85,aikit,oi <namespace> forwards the native leaf path unchanged,"[""procedure plan profile-fork"",""procedure diff"",""procedure run"",""procedure undo"",""procedure list"",""set rename"",""set delete"",""inbox"",""capture"",""promote"",""bypass issue"",""bypass list"",""bypass revoke"",""trust record"",""trust show""]",cap.aikit.procedures,capability,,,,[],Change an environment with a visible boundary,Plan execute and undo a Procedure,Attributable effects with a recovery route,Implemented source contract; linked tests not freshly executed in this documentation pass,agent-inference,docs/SPEC-II-PROCEDURES-AND-INBOX.md,crates/aikit-core/src/procedure.rs,crates/aikit-cli/tests/procedure_commands.rs,aikit.html#q2/compose,,,"{""basis"": ""Source-recovered capability account; original verification limits retained in Markdown."", ""converted_from_sha256"": ""9f8f34f320e78a72402844f14f7cf0607485953264edee23e2ce2574c0027c0b"", ""maintenance"": {""updated_at"": ""2026-09-06"", ""change_refs"": [""codex:thread:01a07608-d2ec-7b10-9713-74c445adf8a5"", ""EpiLogos/O-I#97""], ""code_basis"": {""crates/aikit-core/src/procedure.rs"": ""6673e16c1ae5141df33c04704b3b54175de4e2d0a541f8fb9cefc5773c10a2ff""}}, ""cli_commands"": [""procedure plan profile-fork"", ""procedure diff"", ""procedure run"", ""procedure undo"", ""procedure list"", ""set rename"", ""set delete"", ""inbox"", ""capture"", ""promote"", ""bypass issue"", ""bypass list"", ""bypass revoke"", ""trust record"", ""trust show""], ""cli_exposure"": {""kind"": ""direct"", ""reason"": ""Native CLI leaf commands recovered recursively from target/debug/aikit --help after a local build.""}, ""last_reconciled_at"": ""2026-09-06T14:30:23.997737+00:00""}",
ai-kit,product:ai-kit,product:ai-kit:ProjectCentral/user/capability-matrix.csv,product:ai-kit:ProjectCentral/user/capability-matrix.json,0846e946147c7e99161fe732feb1ccfe60d8dc9fff527e831dd20019606c8794,f3e56acd29cdbb5f8ccdfdd315e15e15c12fcc5c6f072c46652801049baecc85,aikit,oi <namespace> forwards the native leaf path unchanged,"[""explain"",""history"",""log export"",""jobs"",""failures"",""bypasses"",""doctor""]",cap.aikit.explain,capability,,,,[],Understand how the effective world arose,Read causal explanation and recorded changes,Selection and change traces useful for diagnosis,Implemented source contract; linked tests not freshly executed in this documentation pass,agent-inference,docs/v2/02-RESOLUTION-AND-CONTEXT-COGNITION.md,crates/aikit-core/src/explain_history.rs,crates/aikit-cli/tests/explain_history_production_v2.rs,aikit.html#q3/resolution,,,"{""basis"": ""Source-recovered capability account; original verification limits retained in Markdown."", ""converted_from_sha256"": ""9f8f34f320e78a72402844f14f7cf0607485953264edee23e2ce2574c0027c0b"", ""maintenance"": {""updated_at"": ""2026-09-06"", ""change_refs"": [""codex:thread:01a07608-d2ec-7b10-9713-74c445adf8a5"", ""EpiLogos/O-I#97""], ""code_basis"": {""crates/aikit-core/src/explain_history.rs"": ""aa88d3f5a7d5f38687a32f04b7ee5ba7e20642934548d027c745ac200eb18589""}}, ""cli_commands"": [""explain"", ""history"", ""log export"", ""jobs"", ""failures"", ""bypasses"", ""doctor""], ""cli_exposure"": {""kind"": ""direct"", ""reason"": ""Native CLI leaf commands recovered recursively from target/debug/aikit --help after a local build.""}, ""last_reconciled_at"": ""2026-09-06T14:30:23.997737+00:00""}",
ai-kit,product:ai-kit,product:ai-kit:ProjectCentral/user/capability-matrix.csv,product:ai-kit:ProjectCentral/user/capability-matrix.json,0846e946147c7e99161fe732feb1ccfe60d8dc9fff527e831dd20019606c8794,f3e56acd29cdbb5f8ccdfdd315e15e15c12fcc5c6f072c46652801049baecc85,aikit,oi <namespace> forwards the native leaf path unchanged,"[""recent"",""stats"",""unused"",""run"",""shell init""]",cap.aikit.familiarity,capability,,,,[],Reach familiar relevant resources efficiently,Rank eligible candidates from recorded use,Faster access with exact refs and authority preserved,Implemented source contract; linked tests not freshly executed in this documentation pass,agent-inference,docs/SPEC-III-SKILLSETS-AND-FRECENCY.md,crates/aikit-core/src/frecency.rs,crates/aikit-core/tests/familiarity_v2.rs,aikit.html#q3/resolution,,,"{""basis"": ""Source-recovered capability account; original verification limits retained in Markdown."", ""converted_from_sha256"": ""9f8f34f320e78a72402844f14f7cf0607485953264edee23e2ce2574c0027c0b"", ""maintenance"": {""updated_at"": ""2026-09-06"", ""change_refs"": [""codex:thread:01a07608-d2ec-7b10-9713-74c445adf8a5"", ""EpiLogos/O-I#97""], ""code_basis"": {""crates/aikit-core/src/frecency.rs"": ""a3c97e53adf4b57208bcb95dcceef3d7c2de8f52e08c5411922289d8ba9f9826""}}, ""cli_commands"": [""recent"", ""stats"", ""unused"", ""run"", ""shell init""], ""cli_exposure"": {""kind"": ""direct"", ""reason"": ""Native CLI leaf commands recovered recursively from target/debug/aikit --help after a local build.""}, ""last_reconciled_at"": ""2026-09-06T14:30:23.997737+00:00""}",
ai-kit,product:ai-kit,product:ai-kit:ProjectCentral/user/capability-matrix.csv,product:ai-kit:ProjectCentral/user/capability-matrix.json,0846e946147c7e99161fe732feb1ccfe60d8dc9fff527e831dd20019606c8794,f3e56acd29cdbb5f8ccdfdd315e15e15c12fcc5c6f072c46652801049baecc85,aikit,oi <namespace> forwards the native leaf path unchanged,[],H0->H2,relation,suite-relations,H0,H2,[],,,,,agent-inference,O-I:docs/CANONICAL-PRODUCT-FIELD.md|QL-MEF#19(PR),,,,02:ground-context,L,"{""src_product"": ""Central"", ""dst_product"": ""AIKit"", ""ql"": """", ""cf_view"": ""CF3"", ""seam"": ""02:ground-context"", ""defined_in"": ""O-I:docs/CANONICAL-PRODUCT-FIELD.md|QL-MEF#19(PR)"", ""tracked_by"": ""EpiLogos/O-I#29;EpiLogos/Central#24(PR);EpiLogos/ai-kit#58(PR)"", ""maintenance"": {""updated_at"": ""2026-09-06"", ""change_refs"": [""codex:thread:01a07608-d2ec-7b10-9713-74c445adf8a5""]}, ""last_reconciled_at"": ""2026-09-06T14:30:23.997737+00:00""}",
ai-kit,product:ai-kit,product:ai-kit:ProjectCentral/user/capability-matrix.csv,product:ai-kit:ProjectCentral/user/capability-matrix.json,0846e946147c7e99161fe732feb1ccfe60d8dc9fff527e831dd20019606c8794,f3e56acd29cdbb5f8ccdfdd315e15e15c12fcc5c6f072c46652801049baecc85,aikit,oi <namespace> forwards the native leaf path unchanged,[],H0->A2,relation,suite-relations,H0,A2,[],,,,,agent-inference,O-I:docs/CANONICAL-PRODUCT-FIELD.md|QL-MEF#19(PR),,,,02:ground-context,L,"{""src_product"": ""Central"", ""dst_product"": ""AIKit"", ""ql"": """", ""cf_view"": ""CF3"", ""seam"": ""02:ground-context"", ""defined_in"": ""O-I:docs/CANONICAL-PRODUCT-FIELD.md|QL-MEF#19(PR)"", ""tracked_by"": ""EpiLogos/O-I#29;EpiLogos/Central#24(PR);EpiLogos/ai-kit#58(PR)"", ""maintenance"": {""updated_at"": ""2026-09-06"", ""change_refs"": [""codex:thread:01a07608-d2ec-7b10-9713-74c445adf8a5""]}, ""last_reconciled_at"": ""2026-09-06T14:30:23.997737+00:00""}",
ai-kit,product:ai-kit,product:ai-kit:ProjectCentral/user/capability-matrix.csv,product:ai-kit:ProjectCentral/user/capability-matrix.json,0846e946147c7e99161fe732feb1ccfe60d8dc9fff527e831dd20019606c8794,f3e56acd29cdbb5f8ccdfdd315e15e15c12fcc5c6f072c46652801049baecc85,aikit,oi <namespace> forwards the native leaf path unchanged,[],H1->H2,relation,suite-relations,H1,H2,[],,,,,agent-inference,O-I:docs/CANONICAL-PRODUCT-FIELD.md|QL-MEF#19(PR),,,,12:agency-operative-body,H,"{""src_product"": ""Actuation"", ""dst_product"": ""AIKit"", ""ql"": ""B1"", ""cf_view"": ""CF3"", ""seam"": ""12:agency-operative-body"", ""defined_in"": ""O-I:docs/CANONICAL-PRODUCT-FIELD.md|QL-MEF#19(PR)"", ""tracked_by"": ""EpiLogos/O-I#29;EpiLogos/Actuation#1;EpiLogos/ai-kit#58(PR)"", ""maintenance"": {""updated_at"": ""2026-09-06"", ""change_refs"": [""codex:thread:01a07608-d2ec-7b10-9713-74c445adf8a5""]}, ""last_reconciled_at"": ""2026-09-06T14:30:23.997737+00:00""}",
ai-kit,product:ai-kit,product:ai-kit:ProjectCentral/user/capability-matrix.csv,product:ai-kit:ProjectCentral/user/capability-matrix.json,0846e946147c7e99161fe732feb1ccfe60d8dc9fff527e831dd20019606c8794,f3e56acd29cdbb5f8ccdfdd315e15e15c12fcc5c6f072c46652801049baecc85,aikit,oi <namespace> forwards the native leaf path unchanged,[],H1->A2,relation,suite-relations,H1,A2,[],,,,,agent-inference,O-I:docs/CANONICAL-PRODUCT-FIELD.md|QL-MEF#19(PR),,,,12:agency-operative-body,H,"{""src_product"": ""Actuation"", ""dst_product"": ""AIKit"", ""ql"": ""D2-transform"", ""cf_view"": ""CF3"", ""seam"": ""12:agency-operative-body"", ""defined_in"": ""O-I:docs/CANONICAL-PRODUCT-FIELD.md|QL-MEF#19(PR)"", ""tracked_by"": ""EpiLogos/O-I#29;EpiLogos/Actuation#1;EpiLogos/ai-kit#58(PR)"", ""maintenance"": {""updated_at"": ""2026-09-06"", ""change_refs"": [""codex:thread:01a07608-d2ec-7b10-9713-74c445adf8a5""]}, ""last_reconciled_at"": ""2026-09-06T14:30:23.997737+00:00""}",
ai-kit,product:ai-kit,product:ai-kit:ProjectCentral/user/capability-matrix.csv,product:ai-kit:ProjectCentral/user/capability-matrix.json,0846e946147c7e99161fe732feb1ccfe60d8dc9fff527e831dd20019606c8794,f3e56acd29cdbb5f8ccdfdd315e15e15c12fcc5c6f072c46652801049baecc85,aikit,oi <namespace> forwards the native leaf path unchanged,[],H2->H0,relation,suite-relations,H2,H0,[],,,,,agent-inference,O-I:docs/CANONICAL-PRODUCT-FIELD.md|QL-MEF#19(PR),,,,02:ground-context,L,"{""src_product"": ""AIKit"", ""dst_product"": ""Central"", ""ql"": """", ""cf_view"": ""CF3"", ""seam"": ""02:ground-context"", ""defined_in"": ""O-I:docs/CANONICAL-PRODUCT-FIELD.md|QL-MEF#19(PR)"", ""tracked_by"": ""EpiLogos/O-I#29;EpiLogos/Central#24(PR);EpiLogos/ai-kit#58(PR)"", ""maintenance"": {""updated_at"": ""2026-09-06"", ""change_refs"": [""codex:thread:01a07608-d2ec-7b10-9713-74c445adf8a5""]}, ""last_reconciled_at"": ""2026-09-06T14:30:23.997737+00:00""}",
ai-kit,product:ai-kit,product:ai-kit:ProjectCentral/user/capability-matrix.csv,product:ai-kit:ProjectCentral/user/capability-matrix.json,0846e946147c7e99161fe732feb1ccfe60d8dc9fff527e831dd20019606c8794,f3e56acd29cdbb5f8ccdfdd315e15e15c12fcc5c6f072c46652801049baecc85,aikit,oi <namespace> forwards the native leaf path unchanged,[],H2->H1,relation,suite-relations,H2,H1,[],,,,,agent-inference,O-I:docs/CANONICAL-PRODUCT-FIELD.md|QL-MEF#19(PR),,,,12:agency-operative-body,H,"{""src_product"": ""AIKit"", ""dst_product"": ""Actuation"", ""ql"": ""B1"", ""cf_view"": ""CF3"", ""seam"": ""12:agency-operative-body"", ""defined_in"": ""O-I:docs/CANONICAL-PRODUCT-FIELD.md|QL-MEF#19(PR)"", ""tracked_by"": ""EpiLogos/O-I#29;EpiLogos/Actuation#1;EpiLogos/ai-kit#58(PR)"", ""maintenance"": {""updated_at"": ""2026-09-06"", ""change_refs"": [""codex:thread:01a07608-d2ec-7b10-9713-74c445adf8a5""]}, ""last_reconciled_at"": ""2026-09-06T14:30:23.997737+00:00""}",
ai-kit,product:ai-kit,product:ai-kit:ProjectCentral/user/capability-matrix.csv,product:ai-kit:ProjectCentral/user/capability-matrix.json,0846e946147c7e99161fe732feb1ccfe60d8dc9fff527e831dd20019606c8794,f3e56acd29cdbb5f8ccdfdd315e15e15c12fcc5c6f072c46652801049baecc85,aikit,oi <namespace> forwards the native leaf path unchanged,[],H2->H2,relation,suite-relations,H2,H2,[],,,,,agent-inference,O-I:docs/CANONICAL-PRODUCT-FIELD.md|QL-MEF#19(PR),,,,self:AIKit,I,"{""src_product"": ""AIKit"", ""dst_product"": ""AIKit"", ""ql"": """", ""cf_view"": ""CF3"", ""seam"": ""self:AIKit"", ""defined_in"": ""O-I:docs/CANONICAL-PRODUCT-FIELD.md|QL-MEF#19(PR)"", ""tracked_by"": ""EpiLogos/O-I#29;EpiLogos/ai-kit#58(PR)"", ""maintenance"": {""updated_at"": ""2026-09-06"", ""change_refs"": [""codex:thread:01a07608-d2ec-7b10-9713-74c445adf8a5""]}, ""last_reconciled_at"": ""2026-09-06T14:30:23.997737+00:00""}",
ai-kit,product:ai-kit,product:ai-kit:ProjectCentral/user/capability-matrix.csv,product:ai-kit:ProjectCentral/user/capability-matrix.json,0846e946147c7e99161fe732feb1ccfe60d8dc9fff527e831dd20019606c8794,f3e56acd29cdbb5f8ccdfdd315e15e15c12fcc5c6f072c46652801049baecc85,aikit,oi <namespace> forwards the native leaf path unchanged,[],H2->H3,relation,suite-relations,H2,H3,[],,,,,agent-inference,O-I:docs/CANONICAL-PRODUCT-FIELD.md|QL-MEF#19(PR),,,,23:possibility-development,H,"{""src_product"": ""AIKit"", ""dst_product"": ""Factory"", ""ql"": ""A2|C3"", ""cf_view"": ""CF4"", ""seam"": ""23:possibility-development"", ""defined_in"": ""O-I:docs/CANONICAL-PRODUCT-FIELD.md|QL-MEF#19(PR)"", ""tracked_by"": ""EpiLogos/O-I#29;EpiLogos/ai-kit#58(PR);EpiLogos/agent-system-design#142(PR)"", ""maintenance"": {""updated_at"": ""2026-09-06"", ""change_refs"": [""codex:thread:01a07608-d2ec-7b10-9713-74c445adf8a5""]}, ""last_reconciled_at"": ""2026-09-06T14:30:23.997737+00:00""}",
ai-kit,product:ai-kit,product:ai-kit:ProjectCentral/user/capability-matrix.csv,product:ai-kit:ProjectCentral/user/capability-matrix.json,0846e946147c7e99161fe732feb1ccfe60d8dc9fff527e831dd20019606c8794,f3e56acd29cdbb5f8ccdfdd315e15e15c12fcc5c6f072c46652801049baecc85,aikit,oi <namespace> forwards the native leaf path unchanged,[],H2->H4,relation,suite-relations,H2,H4,[],,,,,agent-inference,O-I:docs/CANONICAL-PRODUCT-FIELD.md|QL-MEF#19(PR),,,,24:context-materialisation,S,"{""src_product"": ""AIKit"", ""dst_product"": ""Workcell"", ""ql"": """", ""cf_view"": ""CF5-field"", ""seam"": ""24:context-materialisation"", ""defined_in"": ""O-I:docs/CANONICAL-PRODUCT-FIELD.md|QL-MEF#19(PR)"", ""tracked_by"": ""EpiLogos/O-I#29;EpiLogos/ai-kit#58(PR);EpiLogos/Workcell#18(PR)"", ""maintenance"": {""updated_at"": ""2026-09-06"", ""change_refs"": [""codex:thread:01a07608-d2ec-7b10-9713-74c445adf8a5""]}, ""last_reconciled_at"": ""2026-09-06T14:30:23.997737+00:00""}",
ai-kit,product:ai-kit,product:ai-kit:ProjectCentral/user/capability-matrix.csv,product:ai-kit:ProjectCentral/user/capability-matrix.json,0846e946147c7e99161fe732feb1ccfe60d8dc9fff527e831dd20019606c8794,f3e56acd29cdbb5f8ccdfdd315e15e15c12fcc5c6f072c46652801049baecc85,aikit,oi <namespace> forwards the native leaf path unchanged,[],H2->H5,relation,suite-relations,H2,H5,[],,,,,agent-inference,O-I:docs/CANONICAL-PRODUCT-FIELD.md|QL-MEF#19(PR),,,,25:context-ql,S,"{""src_product"": ""AIKit"", ""dst_product"": ""QL"", ""ql"": """", ""cf_view"": """", ""seam"": ""25:context-ql"", ""defined_in"": ""O-I:docs/CANONICAL-PRODUCT-FIELD.md|QL-MEF#19(PR)"", ""tracked_by"": ""EpiLogos/O-I#29;EpiLogos/ai-kit#58(PR);EpiLogos/QL-MEF#19(PR)"", ""maintenance"": {""updated_at"": ""2026-09-06"", ""change_refs"": [""codex:thread:01a07608-d2ec-7b10-9713-74c445adf8a5""]}, ""last_reconciled_at"": ""2026-09-06T14:30:23.997737+00:00""}",
ai-kit,product:ai-kit,product:ai-kit:ProjectCentral/user/capability-matrix.csv,product:ai-kit:ProjectCentral/user/capability-matrix.json,0846e946147c7e99161fe732feb1ccfe60d8dc9fff527e831dd20019606c8794,f3e56acd29cdbb5f8ccdfdd315e15e15c12fcc5c6f072c46652801049baecc85,aikit,oi <namespace> forwards the native leaf path unchanged,[],H2->A0,relation,suite-relations,H2,A0,[],,,,,agent-inference,O-I:docs/CANONICAL-PRODUCT-FIELD.md|QL-MEF#19(PR),,,,02:ground-context,L,"{""src_product"": ""AIKit"", ""dst_product"": ""Central"", ""ql"": """", ""cf_view"": ""CF3"", ""seam"": ""02:ground-context"", ""defined_in"": ""O-I:docs/CANONICAL-PRODUCT-FIELD.md|QL-MEF#19(PR)"", ""tracked_by"": ""EpiLogos/O-I#29;EpiLogos/Central#24(PR);EpiLogos/ai-kit#58(PR)"", ""maintenance"": {""updated_at"": ""2026-09-06"", ""change_refs"": [""codex:thread:01a07608-d2ec-7b10-9713-74c445adf8a5""]}, ""last_reconciled_at"": ""2026-09-06T14:30:23.997737+00:00""}",
ai-kit,product:ai-kit,product:ai-kit:ProjectCentral/user/capability-matrix.csv,product:ai-kit:ProjectCentral/user/capability-matrix.json,0846e946147c7e99161fe732feb1ccfe60d8dc9fff527e831dd20019606c8794,f3e56acd29cdbb5f8ccdfdd315e15e15c12fcc5c6f072c46652801049baecc85,aikit,oi <namespace> forwards the native leaf path unchanged,[],H2->A1,relation,suite-relations,H2,A1,[],,,,,agent-inference,O-I:docs/CANONICAL-PRODUCT-FIELD.md|QL-MEF#19(PR),,,,12:agency-operative-body,H,"{""src_product"": ""AIKit"", ""dst_product"": ""Actuation"", ""ql"": ""D2-require"", ""cf_view"": ""CF3"", ""seam"": ""12:agency-operative-body"", ""defined_in"": ""O-I:docs/CANONICAL-PRODUCT-FIELD.md|QL-MEF#19(PR)"", ""tracked_by"": ""EpiLogos/O-I#29;EpiLogos/Actuation#1;EpiLogos/ai-kit#58(PR)"", ""maintenance"": {""updated_at"": ""2026-09-06"", ""change_refs"": [""codex:thread:01a07608-d2ec-7b10-9713-74c445adf8a5""]}, ""last_reconciled_at"": ""2026-09-06T14:30:23.997737+00:00""}",
ai-kit,product:ai-kit,product:ai-kit:ProjectCentral/user/capability-matrix.csv,product:ai-kit:ProjectCentral/user/capability-matrix.json,0846e946147c7e99161fe732feb1ccfe60d8dc9fff527e831dd20019606c8794,f3e56acd29cdbb5f8ccdfdd315e15e15c12fcc5c6f072c46652801049baecc85,aikit,oi <namespace> forwards the native leaf path unchanged,[],H2->A2,relation,suite-relations,H2,A2,[],,,,,agent-inference,O-I:docs/CANONICAL-PRODUCT-FIELD.md|QL-MEF#19(PR),,,,conjugation:AIKit,H,"{""src_product"": ""AIKit"", ""dst_product"": ""AIKit"", ""ql"": ""D1"", ""cf_view"": ""CF3"", ""seam"": ""conjugation:AIKit"", ""defined_in"": ""O-I:docs/CANONICAL-PRODUCT-FIELD.md|QL-MEF#19(PR)"", ""tracked_by"": ""EpiLogos/O-I#29;EpiLogos/ai-kit#58(PR)"", ""maintenance"": {""updated_at"": ""2026-09-06"", ""change_refs"": [""codex:thread:01a07608-d2ec-7b10-9713-74c445adf8a5""]}, ""last_reconciled_at"": ""2026-09-06T14:30:23.997737+00:00""}",
ai-kit,product:ai-kit,product:ai-kit:ProjectCentral/user/capability-matrix.csv,product:ai-kit:ProjectCentral/user/capability-matrix.json,0846e946147c7e99161fe732feb1ccfe60d8dc9fff527e831dd20019606c8794,f3e56acd29cdbb5f8ccdfdd315e15e15c12fcc5c6f072c46652801049baecc85,aikit,oi <namespace> forwards the native leaf path unchanged,[],H2->A3,relation,suite-relations,H2,A3,[],,,,,agent-inference,O-I:docs/CANONICAL-PRODUCT-FIELD.md|QL-MEF#19(PR),,,,23:possibility-development,H,"{""src_product"": ""AIKit"", ""dst_product"": ""Factory"", ""ql"": ""D2-transform|D2-complete"", ""cf_view"": ""CF4"", ""seam"": ""23:possibility-development"", ""defined_in"": ""O-I:docs/CANONICAL-PRODUCT-FIELD.md|QL-MEF#19(PR)"", ""tracked_by"": ""EpiLogos/O-I#29;EpiLogos/ai-kit#58(PR);EpiLogos/agent-system-design#142(PR)"", ""maintenance"": {""updated_at"": ""2026-09-06"", ""change_refs"": [""codex:thread:01a07608-d2ec-7b10-9713-74c445adf8a5""]}, ""last_reconciled_at"": ""2026-09-06T14:30:23.997737+00:00""}",
ai-kit,product:ai-kit,product:ai-kit:ProjectCentral/user/capability-matrix.csv,product:ai-kit:ProjectCentral/user/capability-matrix.json,0846e946147c7e99161fe732feb1ccfe60d8dc9fff527e831dd20019606c8794,f3e56acd29cdbb5f8ccdfdd315e15e15c12fcc5c6f072c46652801049baecc85,aikit,oi <namespace> forwards the native leaf path unchanged,[],H2->A4,relation,suite-relations,H2,A4,[],,,,,agent-inference,O-I:docs/CANONICAL-PRODUCT-FIELD.md|QL-MEF#19(PR),,,,24:context-materialisation,S,"{""src_product"": ""AIKit"", ""dst_product"": ""Workcell"", ""ql"": """", ""cf_view"": ""CF5-field"", ""seam"": ""24:context-materialisation"", ""defined_in"": ""O-I:docs/CANONICAL-PRODUCT-FIELD.md|QL-MEF#19(PR)"", ""tracked_by"": ""EpiLogos/O-I#29;EpiLogos/ai-kit#58(PR);EpiLogos/Workcell#18(PR)"", ""maintenance"": {""updated_at"": ""2026-09-06"", ""change_refs"": [""codex:thread:01a07608-d2ec-7b10-9713-74c445adf8a5""]}, ""last_reconciled_at"": ""2026-09-06T14:30:23.997737+00:00""}",
ai-kit,product:ai-kit,product:ai-kit:ProjectCentral/user/capability-matrix.csv,product:ai-kit:ProjectCentral/user/capability-matrix.json,0846e946147c7e99161fe732feb1ccfe60d8dc9fff527e831dd20019606c8794,f3e56acd29cdbb5f8ccdfdd315e15e15c12fcc5c6f072c46652801049baecc85,aikit,oi <namespace> forwards the native leaf path unchanged,[],H2->A5,relation,suite-relations,H2,A5,[],,,,,agent-inference,O-I:docs/CANONICAL-PRODUCT-FIELD.md|QL-MEF#19(PR),,,,25:context-ql,S,"{""src_product"": ""AIKit"", ""dst_product"": ""QL"", ""ql"": """", ""cf_view"": """", ""seam"": ""25:context-ql"", ""defined_in"": ""O-I:docs/CANONICAL-PRODUCT-FIELD.md|QL-MEF#19(PR)"", ""tracked_by"": ""EpiLogos/O-I#29;EpiLogos/ai-kit#58(PR);EpiLogos/QL-MEF#19(PR)"", ""maintenance"": {""updated_at"": ""2026-09-06"", ""change_refs"": [""codex:thread:01a07608-d2ec-7b10-9713-74c445adf8a5""]}, ""last_reconciled_at"": ""2026-09-06T14:30:23.997737+00:00""}",
ai-kit,product:ai-kit,product:ai-kit:ProjectCentral/user/capability-matrix.csv,product:ai-kit:ProjectCentral/user/capability-matrix.json,0846e946147c7e99161fe732feb1ccfe60d8dc9fff527e831dd20019606c8794,f3e56acd29cdbb5f8ccdfdd315e15e15c12fcc5c6f072c46652801049baecc85,aikit,oi <namespace> forwards the native leaf path unchanged,[],H3->H2,relation,suite-relations,H3,H2,[],,,,,agent-inference,O-I:docs/CANONICAL-PRODUCT-FIELD.md|QL-MEF#19(PR),,,,23:possibility-development,H,"{""src_product"": ""Factory"", ""dst_product"": ""AIKit"", ""ql"": ""A2|C3"", ""cf_view"": ""CF4"", ""seam"": ""23:possibility-development"", ""defined_in"": ""O-I:docs/CANONICAL-PRODUCT-FIELD.md|QL-MEF#19(PR)"", ""tracked_by"": ""EpiLogos/O-I#29;EpiLogos/ai-kit#58(PR);EpiLogos/agent-system-design#142(PR)"", ""maintenance"": {""updated_at"": ""2026-09-06"", ""change_refs"": [""codex:thread:01a07608-d2ec-7b10-9713-74c445adf8a5""]}, ""last_reconciled_at"": ""2026-09-06T14:30:23.997737+00:00""}",
ai-kit,product:ai-kit,product:ai-kit:ProjectCentral/user/capability-matrix.csv,product:ai-kit:ProjectCentral/user/capability-matrix.json,0846e946147c7e99161fe732feb1ccfe60d8dc9fff527e831dd20019606c8794,f3e56acd29cdbb5f8ccdfdd315e15e15c12fcc5c6f072c46652801049baecc85,aikit,oi <namespace> forwards the native leaf path unchanged,[],H3->A2,relation,suite-relations,H3,A2,[],,,,,agent-inference,O-I:docs/CANONICAL-PRODUCT-FIELD.md|QL-MEF#19(PR),,,,23:possibility-development,H,"{""src_product"": ""Factory"", ""dst_product"": ""AIKit"", ""ql"": ""D2-require|D2-complete"", ""cf_view"": ""CF4"", ""seam"": ""23:possibility-development"", ""defined_in"": ""O-I:docs/CANONICAL-PRODUCT-FIELD.md|QL-MEF#19(PR)"", ""tracked_by"": ""EpiLogos/O-I#29;EpiLogos/ai-kit#58(PR);EpiLogos/agent-system-design#142(PR)"", ""maintenance"": {""updated_at"": ""2026-09-06"", ""change_refs"": [""codex:thread:01a07608-d2ec-7b10-9713-74c445adf8a5""]}, ""last_reconciled_at"": ""2026-09-06T14:30:23.997737+00:00""}",
ai-kit,product:ai-kit,product:ai-kit:ProjectCentral/user/capability-matrix.csv,product:ai-kit:ProjectCentral/user/capability-matrix.json,0846e946147c7e99161fe732feb1ccfe60d8dc9fff527e831dd20019606c8794,f3e56acd29cdbb5f8ccdfdd315e15e15c12fcc5c6f072c46652801049baecc85,aikit,oi <namespace> forwards the native leaf path unchanged,[],H4->H2,relation,suite-relations,H4,H2,[],,,,,agent-inference,O-I:docs/CANONICAL-PRODUCT-FIELD.md|QL-MEF#19(PR),,,,24:context-materialisation,S,"{""src_product"": ""Workcell"", ""dst_product"": ""AIKit"", ""ql"": """", ""cf_view"": ""CF5-field"", ""seam"": ""24:context-materialisation"", ""defined_in"": ""O-I:docs/CANONICAL-PRODUCT-FIELD.md|QL-MEF#19(PR)"", ""tracked_by"": ""EpiLogos/O-I#29;EpiLogos/ai-kit#58(PR);EpiLogos/Workcell#18(PR)"", ""maintenance"": {""updated_at"": ""2026-09-06"", ""change_refs"": [""codex:thread:01a07608-d2ec-7b10-9713-74c445adf8a5""]}, ""last_reconciled_at"": ""2026-09-06T14:30:23.997737+00:00""}",
ai-kit,product:ai-kit,product:ai-kit:ProjectCentral/user/capability-matrix.csv,product:ai-kit:ProjectCentral/user/capability-matrix.json,0846e946147c7e99161fe732feb1ccfe60d8dc9fff527e831dd20019606c8794,f3e56acd29cdbb5f8ccdfdd315e15e15c12fcc5c6f072c46652801049baecc85,aikit,oi <namespace> forwards the native leaf path unchanged,[],H4->A2,relation,suite-relations,H4,A2,[],,,,,agent-inference,O-I:docs/CANONICAL-PRODUCT-FIELD.md|QL-MEF#19(PR),,,,24:context-materialisation,S,"{""src_product"": ""Workcell"", ""dst_product"": ""AIKit"", ""ql"": """", ""cf_view"": ""CF5-field"", ""seam"": ""24:context-materialisation"", ""defined_in"": ""O-I:docs/CANONICAL-PRODUCT-FIELD.md|QL-MEF#19(PR)"", ""tracked_by"": ""EpiLogos/O-I#29;EpiLogos/ai-kit#58(PR);EpiLogos/Workcell#18(PR)"", ""maintenance"": {""updated_at"": ""2026-09-06"", ""change_refs"": [""codex:thread:01a07608-d2ec-7b10-9713-74c445adf8a5""]}, ""last_reconciled_at"": ""2026-09-06T14:30:23.997737+00:00""}",
ai-kit,product:ai-kit,product:ai-kit:ProjectCentral/user/capability-matrix.csv,product:ai-kit:ProjectCentral/user/capability-matrix.json,0846e946147c7e99161fe732feb1ccfe60d8dc9fff527e831dd20019606c8794,f3e56acd29cdbb5f8ccdfdd315e15e15c12fcc5c6f072c46652801049baecc85,aikit,oi <namespace> forwards the native leaf path unchanged,[],H5->H2,relation,suite-relations,H5,H2,[],,,,,agent-inference,O-I:docs/CANONICAL-PRODUCT-FIELD.md|QL-MEF#19(PR),,,,25:context-ql,S,"{""src_product"": ""QL"", ""dst_product"": ""AIKit"", ""ql"": """", ""cf_view"": """", ""seam"": ""25:context-ql"", ""defined_in"": ""O-I:docs/CANONICAL-PRODUCT-FIELD.md|QL-MEF#19(PR)"", ""tracked_by"": ""EpiLogos/O-I#29;EpiLogos/ai-kit#58(PR);EpiLogos/QL-MEF#19(PR)"", ""maintenance"": {""updated_at"": ""2026-09-06"", ""change_refs"": [""codex:thread:01a07608-d2ec-7b10-9713-74c445adf8a5""]}, ""last_reconciled_at"": ""2026-09-06T14:30:23.997737+00:00""}",
ai-kit,product:ai-kit,product:ai-kit:ProjectCentral/user/capability-matrix.csv,product:ai-kit:ProjectCentral/user/capability-matrix.json,0846e946147c7e99161fe732feb1ccfe60d8dc9fff527e831dd20019606c8794,f3e56acd29cdbb5f8ccdfdd315e15e15c12fcc5c6f072c46652801049baecc85,aikit,oi <namespace> forwards the native leaf path unchanged,[],H5->A2,relation,suite-relations,H5,A2,[],,,,,agent-inference,O-I:docs/CANONICAL-PRODUCT-FIELD.md|QL-MEF#19(PR),,,,25:context-ql,S,"{""src_product"": ""QL"", ""dst_product"": ""AIKit"", ""ql"": """", ""cf_view"": """", ""seam"": ""25:context-ql"", ""defined_in"": ""O-I:docs/CANONICAL-PRODUCT-FIELD.md|QL-MEF#19(PR)"", ""tracked_by"": ""EpiLogos/O-I#29;EpiLogos/ai-kit#58(PR);EpiLogos/QL-MEF#19(PR)"", ""maintenance"": {""updated_at"": ""2026-09-06"", ""change_refs"": [""codex:thread:01a07608-d2ec-7b10-9713-74c445adf8a5""]}, ""last_reconciled_at"": ""2026-09-06T14:30:23.997737+00:00""}",
ai-kit,product:ai-kit,product:ai-kit:ProjectCentral/user/capability-matrix.csv,product:ai-kit:ProjectCentral/user/capability-matrix.json,0846e946147c7e99161fe732feb1ccfe60d8dc9fff527e831dd20019606c8794,f3e56acd29cdbb5f8ccdfdd315e15e15c12fcc5c6f072c46652801049baecc85,aikit,oi <namespace> forwards the native leaf path unchanged,[],A0->H2,relation,suite-relations,A0,H2,[],,,,,agent-inference,O-I:docs/CANONICAL-PRODUCT-FIELD.md|QL-MEF#19(PR),,,,02:ground-context,L,"{""src_product"": ""Central"", ""dst_product"": ""AIKit"", ""ql"": """", ""cf_view"": ""CF3"", ""seam"": ""02:ground-context"", ""defined_in"": ""O-I:docs/CANONICAL-PRODUCT-FIELD.md|QL-MEF#19(PR)"", ""tracked_by"": ""EpiLogos/O-I#29;EpiLogos/Central#24(PR);EpiLogos/ai-kit#58(PR)"", ""maintenance"": {""updated_at"": ""2026-09-06"", ""change_refs"": [""codex:thread:01a07608-d2ec-7b10-9713-74c445adf8a5""]}, ""last_reconciled_at"": ""2026-09-06T14:30:23.997737+00:00""}",
ai-kit,product:ai-kit,product:ai-kit:ProjectCentral/user/capability-matrix.csv,product:ai-kit:ProjectCentral/user/capability-matrix.json,0846e946147c7e99161fe732feb1ccfe60d8dc9fff527e831dd20019606c8794,f3e56acd29cdbb5f8ccdfdd315e15e15c12fcc5c6f072c46652801049baecc85,aikit,oi <namespace> forwards the native leaf path unchanged,[],A0->A2,relation,suite-relations,A0,A2,[],,,,,agent-inference,O-I:docs/CANONICAL-PRODUCT-FIELD.md|QL-MEF#19(PR),,,,02:ground-context,L,"{""src_product"": ""Central"", ""dst_product"": ""AIKit"", ""ql"": """", ""cf_view"": ""CF3"", ""seam"": ""02:ground-context"", ""defined_in"": ""O-I:docs/CANONICAL-PRODUCT-FIELD.md|QL-MEF#19(PR)"", ""tracked_by"": ""EpiLogos/O-I#29;EpiLogos/Central#24(PR);EpiLogos/ai-kit#58(PR)"", ""maintenance"": {""updated_at"": ""2026-09-06"", ""change_refs"": [""codex:thread:01a07608-d2ec-7b10-9713-74c445adf8a5""]}, ""last_reconciled_at"": ""2026-09-06T14:30:23.997737+00:00""}",
ai-kit,product:ai-kit,product:ai-kit:ProjectCentral/user/capability-matrix.csv,product:ai-kit:ProjectCentral/user/capability-matrix.json,0846e946147c7e99161fe732feb1ccfe60d8dc9fff527e831dd20019606c8794,f3e56acd29cdbb5f8ccdfdd315e15e15c12fcc5c6f072c46652801049baecc85,aikit,oi <namespace> forwards the native leaf path unchanged,[],A1->H2,relation,suite-relations,A1,H2,[],,,,,agent-inference,O-I:docs/CANONICAL-PRODUCT-FIELD.md|QL-MEF#19(PR),,,,12:agency-operative-body,H,"{""src_product"": ""Actuation"", ""dst_product"": ""AIKit"", ""ql"": ""D2-require.inverse"", ""cf_view"": ""CF3"", ""seam"": ""12:agency-operative-body"", ""defined_in"": ""O-I:docs/CANONICAL-PRODUCT-FIELD.md|QL-MEF#19(PR)"", ""tracked_by"": ""EpiLogos/O-I#29;EpiLogos/Actuation#1;EpiLogos/ai-kit#58(PR)"", ""maintenance"": {""updated_at"": ""2026-09-06"", ""change_refs"": [""codex:thread:01a07608-d2ec-7b10-9713-74c445adf8a5""]}, ""last_reconciled_at"": ""2026-09-06T14:30:23.997737+00:00""}",
ai-kit,product:ai-kit,product:ai-kit:ProjectCentral/user/capability-matrix.csv,product:ai-kit:ProjectCentral/user/capability-matrix.json,0846e946147c7e99161fe732feb1ccfe60d8dc9fff527e831dd20019606c8794,f3e56acd29cdbb5f8ccdfdd315e15e15c12fcc5c6f072c46652801049baecc85,aikit,oi <namespace> forwards the native leaf path unchanged,[],A1->A2,relation,suite-relations,A1,A2,[],,,,,agent-inference,O-I:docs/CANONICAL-PRODUCT-FIELD.md|QL-MEF#19(PR),,,,12:agency-operative-body,H,"{""src_product"": ""Actuation"", ""dst_product"": ""AIKit"", ""ql"": ""D3:B1"", ""cf_view"": ""CF3"", ""seam"": ""12:agency-operative-body"", ""defined_in"": ""O-I:docs/CANONICAL-PRODUCT-FIELD.md|QL-MEF#19(PR)"", ""tracked_by"": ""EpiLogos/O-I#29;EpiLogos/Actuation#1;EpiLogos/ai-kit#58(PR)"", ""maintenance"": {""updated_at"": ""2026-09-06"", ""change_refs"": [""codex:thread:01a07608-d2ec-7b10-9713-74c445adf8a5""]}, ""last_reconciled_at"": ""2026-09-06T14:30:23.997737+00:00""}",
ai-kit,product:ai-kit,product:ai-kit:ProjectCentral/user/capability-matrix.csv,product:ai-kit:ProjectCentral/user/capability-matrix.json,0846e946147c7e99161fe732feb1ccfe60d8dc9fff527e831dd20019606c8794,f3e56acd29cdbb5f8ccdfdd315e15e15c12fcc5c6f072c46652801049baecc85,aikit,oi <namespace> forwards the native leaf path unchanged,[],A2->H0,relation,suite-relations,A2,H0,[],,,,,agent-inference,O-I:docs/CANONICAL-PRODUCT-FIELD.md|QL-MEF#19(PR),,,,02:ground-context,L,"{""src_product"": ""AIKit"", ""dst_product"": ""Central"", ""ql"": """", ""cf_view"": ""CF3"", ""seam"": ""02:ground-context"", ""defined_in"": ""O-I:docs/CANONICAL-PRODUCT-FIELD.md|QL-MEF#19(PR)"", ""tracked_by"": ""EpiLogos/O-I#29;EpiLogos/Central#24(PR);EpiLogos/ai-kit#58(PR)"", ""maintenance"": {""updated_at"": ""2026-09-06"", ""change_refs"": [""codex:thread:01a07608-d2ec-7b10-9713-74c445adf8a5""]}, ""last_reconciled_at"": ""2026-09-06T14:30:23.997737+00:00""}",
ai-kit,product:ai-kit,product:ai-kit:ProjectCentral/user/capability-matrix.csv,product:ai-kit:ProjectCentral/user/capability-matrix.json,0846e946147c7e99161fe732feb1ccfe60d8dc9fff527e831dd20019606c8794,f3e56acd29cdbb5f8ccdfdd315e15e15c12fcc5c6f072c46652801049baecc85,aikit,oi <namespace> forwards the native leaf path unchanged,[],A2->H1,relation,suite-relations,A2,H1,[],,,,,agent-inference,O-I:docs/CANONICAL-PRODUCT-FIELD.md|QL-MEF#19(PR),,,,12:agency-operative-body,H,"{""src_product"": ""AIKit"", ""dst_product"": ""Actuation"", ""ql"": ""D2-transform.inverse"", ""cf_view"": ""CF3"", ""seam"": ""12:agency-operative-body"", ""defined_in"": ""O-I:docs/CANONICAL-PRODUCT-FIELD.md|QL-MEF#19(PR)"", ""tracked_by"": ""EpiLogos/O-I#29;EpiLogos/Actuation#1;EpiLogos/ai-kit#58(PR)"", ""maintenance"": {""updated_at"": ""2026-09-06"", ""change_refs"": [""codex:thread:01a07608-d2ec-7b10-9713-74c445adf8a5""]}, ""last_reconciled_at"": ""2026-09-06T14:30:23.997737+00:00""}",
ai-kit,product:ai-kit,product:ai-kit:ProjectCentral/user/capability-matrix.csv,product:ai-kit:ProjectCentral/user/capability-matrix.json,0846e946147c7e99161fe732feb1ccfe60d8dc9fff527e831dd20019606c8794,f3e56acd29cdbb5f8ccdfdd315e15e15c12fcc5c6f072c46652801049baecc85,aikit,oi <namespace> forwards the native leaf path unchanged,[],A2->H2,relation,suite-relations,A2,H2,[],,,,,agent-inference,O-I:docs/CANONICAL-PRODUCT-FIELD.md|QL-MEF#19(PR),,,,conjugation:AIKit,H,"{""src_product"": ""AIKit"", ""dst_product"": ""AIKit"", ""ql"": ""D1.inverse"", ""cf_view"": ""CF3"", ""seam"": ""conjugation:AIKit"", ""defined_in"": ""O-I:docs/CANONICAL-PRODUCT-FIELD.md|QL-MEF#19(PR)"", ""tracked_by"": ""EpiLogos/O-I#29;EpiLogos/ai-kit#58(PR)"", ""maintenance"": {""updated_at"": ""2026-09-06"", ""change_refs"": [""codex:thread:01a07608-d2ec-7b10-9713-74c445adf8a5""]}, ""last_reconciled_at"": ""2026-09-06T14:30:23.997737+00:00""}",
ai-kit,product:ai-kit,product:ai-kit:ProjectCentral/user/capability-matrix.csv,product:ai-kit:ProjectCentral/user/capability-matrix.json,0846e946147c7e99161fe732feb1ccfe60d8dc9fff527e831dd20019606c8794,f3e56acd29cdbb5f8ccdfdd315e15e15c12fcc5c6f072c46652801049baecc85,aikit,oi <namespace> forwards the native leaf path unchanged,[],A2->H3,relation,suite-relations,A2,H3,[],,,,,agent-inference,O-I:docs/CANONICAL-PRODUCT-FIELD.md|QL-MEF#19(PR),,,,23:possibility-development,H,"{""src_product"": ""AIKit"", ""dst_product"": ""Factory"", ""ql"": ""D2-require.inverse|D2-complete.inverse"", ""cf_view"": ""CF4"", ""seam"": ""23:possibility-development"", ""defined_in"": ""O-I:docs/CANONICAL-PRODUCT-FIELD.md|QL-MEF#19(PR)"", ""tracked_by"": ""EpiLogos/O-I#29;EpiLogos/ai-kit#58(PR);EpiLogos/agent-system-design#142(PR)"", ""maintenance"": {""updated_at"": ""2026-09-06"", ""change_refs"": [""codex:thread:01a07608-d2ec-7b10-9713-74c445adf8a5""]}, ""last_reconciled_at"": ""2026-09-06T14:30:23.997737+00:00""}",
ai-kit,product:ai-kit,product:ai-kit:ProjectCentral/user/capability-matrix.csv,product:ai-kit:ProjectCentral/user/capability-matrix.json,0846e946147c7e99161fe732feb1ccfe60d8dc9fff527e831dd20019606c8794,f3e56acd29cdbb5f8ccdfdd315e15e15c12fcc5c6f072c46652801049baecc85,aikit,oi <namespace> forwards the native leaf path unchanged,[],A2->H4,relation,suite-relations,A2,H4,[],,,,,agent-inference,O-I:docs/CANONICAL-PRODUCT-FIELD.md|QL-MEF#19(PR),,,,24:context-materialisation,S,"{""src_product"": ""AIKit"", ""dst_product"": ""Workcell"", ""ql"": """", ""cf_view"": ""CF5-field"", ""seam"": ""24:context-materialisation"", ""defined_in"": ""O-I:docs/CANONICAL-PRODUCT-FIELD.md|QL-MEF#19(PR)"", ""tracked_by"": ""EpiLogos/O-I#29;EpiLogos/ai-kit#58(PR);EpiLogos/Workcell#18(PR)"", ""maintenance"": {""updated_at"": ""2026-09-06"", ""change_refs"": [""codex:thread:01a07608-d2ec-7b10-9713-74c445adf8a5""]}, ""last_reconciled_at"": ""2026-09-06T14:30:23.997737+00:00""}",
ai-kit,product:ai-kit,product:ai-kit:ProjectCentral/user/capability-matrix.csv,product:ai-kit:ProjectCentral/user/capability-matrix.json,0846e946147c7e99161fe732feb1ccfe60d8dc9fff527e831dd20019606c8794,f3e56acd29cdbb5f8ccdfdd315e15e15c12fcc5c6f072c46652801049baecc85,aikit,oi <namespace> forwards the native leaf path unchanged,[],A2->H5,relation,suite-relations,A2,H5,[],,,,,agent-inference,O-I:docs/CANONICAL-PRODUCT-FIELD.md|QL-MEF#19(PR),,,,25:context-ql,S,"{""src_product"": ""AIKit"", ""dst_product"": ""QL"", ""ql"": """", ""cf_view"": """", ""seam"": ""25:context-ql"", ""defined_in"": ""O-I:docs/CANONICAL-PRODUCT-FIELD.md|QL-MEF#19(PR)"", ""tracked_by"": ""EpiLogos/O-I#29;EpiLogos/ai-kit#58(PR);EpiLogos/QL-MEF#19(PR)"", ""maintenance"": {""updated_at"": ""2026-09-06"", ""change_refs"": [""codex:thread:01a07608-d2ec-7b10-9713-74c445adf8a5""]}, ""last_reconciled_at"": ""2026-09-06T14:30:23.997737+00:00""}",
ai-kit,product:ai-kit,product:ai-kit:ProjectCentral/user/capability-matrix.csv,product:ai-kit:ProjectCentral/user/capability-matrix.json,0846e946147c7e99161fe732feb1ccfe60d8dc9fff527e831dd20019606c8794,f3e56acd29cdbb5f8ccdfdd315e15e15c12fcc5c6f072c46652801049baecc85,aikit,oi <namespace> forwards the native leaf path unchanged,[],A2->A0,relation,suite-relations,A2,A0,[],,,,,agent-inference,O-I:docs/CANONICAL-PRODUCT-FIELD.md|QL-MEF#19(PR),,,,02:ground-context,L,"{""src_product"": ""AIKit"", ""dst_product"": ""Central"", ""ql"": """", ""cf_view"": ""CF3"", ""seam"": ""02:ground-context"", ""defined_in"": ""O-I:docs/CANONICAL-PRODUCT-FIELD.md|QL-MEF#19(PR)"", ""tracked_by"": ""EpiLogos/O-I#29;EpiLogos/Central#24(PR);EpiLogos/ai-kit#58(PR)"", ""maintenance"": {""updated_at"": ""2026-09-06"", ""change_refs"": [""codex:thread:01a07608-d2ec-7b10-9713-74c445adf8a5""]}, ""last_reconciled_at"": ""2026-09-06T14:30:23.997737+00:00""}",
ai-kit,product:ai-kit,product:ai-kit:ProjectCentral/user/capability-matrix.csv,product:ai-kit:ProjectCentral/user/capability-matrix.json,0846e946147c7e99161fe732feb1ccfe60d8dc9fff527e831dd20019606c8794,f3e56acd29cdbb5f8ccdfdd315e15e15c12fcc5c6f072c46652801049baecc85,aikit,oi <namespace> forwards the native leaf path unchanged,[],A2->A1,relation,suite-relations,A2,A1,[],,,,,agent-inference,O-I:docs/CANONICAL-PRODUCT-FIELD.md|QL-MEF#19(PR),,,,12:agency-operative-body,H,"{""src_product"": ""AIKit"", ""dst_product"": ""Actuation"", ""ql"": ""D3:B1"", ""cf_view"": ""CF3"", ""seam"": ""12:agency-operative-body"", ""defined_in"": ""O-I:docs/CANONICAL-PRODUCT-FIELD.md|QL-MEF#19(PR)"", ""tracked_by"": ""EpiLogos/O-I#29;EpiLogos/Actuation#1;EpiLogos/ai-kit#58(PR)"", ""maintenance"": {""updated_at"": ""2026-09-06"", ""change_refs"": [""codex:thread:01a07608-d2ec-7b10-9713-74c445adf8a5""]}, ""last_reconciled_at"": ""2026-09-06T14:30:23.997737+00:00""}",
ai-kit,product:ai-kit,product:ai-kit:ProjectCentral/user/capability-matrix.csv,product:ai-kit:ProjectCentral/user/capability-matrix.json,0846e946147c7e99161fe732feb1ccfe60d8dc9fff527e831dd20019606c8794,f3e56acd29cdbb5f8ccdfdd315e15e15c12fcc5c6f072c46652801049baecc85,aikit,oi <namespace> forwards the native leaf path unchanged,[],A2->A2,relation,suite-relations,A2,A2,[],,,,,agent-inference,O-I:docs/CANONICAL-PRODUCT-FIELD.md|QL-MEF#19(PR),,,,self:AIKit,I,"{""src_product"": ""AIKit"", ""dst_product"": ""AIKit"", ""ql"": """", ""cf_view"": ""CF3"", ""seam"": ""self:AIKit"", ""defined_in"": ""O-I:docs/CANONICAL-PRODUCT-FIELD.md|QL-MEF#19(PR)"", ""tracked_by"": ""EpiLogos/O-I#29;EpiLogos/ai-kit#58(PR)"", ""maintenance"": {""updated_at"": ""2026-09-06"", ""change_refs"": [""codex:thread:01a07608-d2ec-7b10-9713-74c445adf8a5""]}, ""last_reconciled_at"": ""2026-09-06T14:30:23.997737+00:00""}",
ai-kit,product:ai-kit,product:ai-kit:ProjectCentral/user/capability-matrix.csv,product:ai-kit:ProjectCentral/user/capability-matrix.json,0846e946147c7e99161fe732feb1ccfe60d8dc9fff527e831dd20019606c8794,f3e56acd29cdbb5f8ccdfdd315e15e15c12fcc5c6f072c46652801049baecc85,aikit,oi <namespace> forwards the native leaf path unchanged,[],A2->A3,relation,suite-relations,A2,A3,[],,,,,agent-inference,O-I:docs/CANONICAL-PRODUCT-FIELD.md|QL-MEF#19(PR),,,,23:possibility-development,H,"{""src_product"": ""AIKit"", ""dst_product"": ""Factory"", ""ql"": ""D3:A2|D3:C3"", ""cf_view"": ""CF4"", ""seam"": ""23:possibility-development"", ""defined_in"": ""O-I:docs/CANONICAL-PRODUCT-FIELD.md|QL-MEF#19(PR)"", ""tracked_by"": ""EpiLogos/O-I#29;EpiLogos/ai-kit#58(PR);EpiLogos/agent-system-design#142(PR)"", ""maintenance"": {""updated_at"": ""2026-09-06"", ""change_refs"": [""codex:thread:01a07608-d2ec-7b10-9713-74c445adf8a5""]}, ""last_reconciled_at"": ""2026-09-06T14:30:23.997737+00:00""}",
ai-kit,product:ai-kit,product:ai-kit:ProjectCentral/user/capability-matrix.csv,product:ai-kit:ProjectCentral/user/capability-matrix.json,0846e946147c7e99161fe732feb1ccfe60d8dc9fff527e831dd20019606c8794,f3e56acd29cdbb5f8ccdfdd315e15e15c12fcc5c6f072c46652801049baecc85,aikit,oi <namespace> forwards the native leaf path unchanged,[],A2->A4,relation,suite-relations,A2,A4,[],,,,,agent-inference,O-I:docs/CANONICAL-PRODUCT-FIELD.md|QL-MEF#19(PR),,,,24:context-materialisation,S,"{""src_product"": ""AIKit"", ""dst_product"": ""Workcell"", ""ql"": """", ""cf_view"": ""CF5-field"", ""seam"": ""24:context-materialisation"", ""defined_in"": ""O-I:docs/CANONICAL-PRODUCT-FIELD.md|QL-MEF#19(PR)"", ""tracked_by"": ""EpiLogos/O-I#29;EpiLogos/ai-kit#58(PR);EpiLogos/Workcell#18(PR)"", ""maintenance"": {""updated_at"": ""2026-09-06"", ""change_refs"": [""codex:thread:01a07608-d2ec-7b10-9713-74c445adf8a5""]}, ""last_reconciled_at"": ""2026-09-06T14:30:23.997737+00:00""}",
ai-kit,product:ai-kit,product:ai-kit:ProjectCentral/user/capability-matrix.csv,product:ai-kit:ProjectCentral/user/capability-matrix.json,0846e946147c7e99161fe732feb1ccfe60d8dc9fff527e831dd20019606c8794,f3e56acd29cdbb5f8ccdfdd315e15e15c12fcc5c6f072c46652801049baecc85,aikit,oi <namespace> forwards the native leaf path unchanged,[],A2->A5,relation,suite-relations,A2,A5,[],,,,,agent-inference,O-I:docs/CANONICAL-PRODUCT-FIELD.md|QL-MEF#19(PR),,,,25:context-ql,S,"{""src_product"": ""AIKit"", ""dst_product"": ""QL"", ""ql"": """", ""cf_view"": """", ""seam"": ""25:context-ql"", ""defined_in"": ""O-I:docs/CANONICAL-PRODUCT-FIELD.md|QL-MEF#19(PR)"", ""tracked_by"": ""EpiLogos/O-I#29;EpiLogos/ai-kit#58(PR);EpiLogos/QL-MEF#19(PR)"", ""maintenance"": {""updated_at"": ""2026-09-06"", ""change_refs"": [""codex:thread:01a07608-d2ec-7b10-9713-74c445adf8a5""]}, ""last_reconciled_at"": ""2026-09-06T14:30:23.997737+00:00""}",
ai-kit,product:ai-kit,product:ai-kit:ProjectCentral/user/capability-matrix.csv,product:ai-kit:ProjectCentral/user/capability-matrix.json,0846e946147c7e99161fe732feb1ccfe60d8dc9fff527e831dd20019606c8794,f3e56acd29cdbb5f8ccdfdd315e15e15c12fcc5c6f072c46652801049baecc85,aikit,oi <namespace> forwards the native leaf path unchanged,[],A3->H2,relation,suite-relations,A3,H2,[],,,,,agent-inference,O-I:docs/CANONICAL-PRODUCT-FIELD.md|QL-MEF#19(PR),,,,23:possibility-development,H,"{""src_product"": ""Factory"", ""dst_product"": ""AIKit"", ""ql"": ""D2-transform.inverse|D2-complete.inverse"", ""cf_view"": ""CF4"", ""seam"": ""23:possibility-development"", ""defined_in"": ""O-I:docs/CANONICAL-PRODUCT-FIELD.md|QL-MEF#19(PR)"", ""tracked_by"": ""EpiLogos/O-I#29;EpiLogos/ai-kit#58(PR);EpiLogos/agent-system-design#142(PR)"", ""maintenance"": {""updated_at"": ""2026-09-06"", ""change_refs"": [""codex:thread:01a07608-d2ec-7b10-9713-74c445adf8a5""]}, ""last_reconciled_at"": ""2026-09-06T14:30:23.997737+00:00""}",
ai-kit,product:ai-kit,product:ai-kit:ProjectCentral/user/capability-matrix.csv,product:ai-kit:ProjectCentral/user/capability-matrix.json,0846e946147c7e99161fe732feb1ccfe60d8dc9fff527e831dd20019606c8794,f3e56acd29cdbb5f8ccdfdd315e15e15c12fcc5c6f072c46652801049baecc85,aikit,oi <namespace> forwards the native leaf path unchanged,[],A3->A2,relation,suite-relations,A3,A2,[],,,,,agent-inference,O-I:docs/CANONICAL-PRODUCT-FIELD.md|QL-MEF#19(PR),,,,23:possibility-development,H,"{""src_product"": ""Factory"", ""dst_product"": ""AIKit"", ""ql"": ""D3:A2|D3:C3"", ""cf_view"": ""CF4"", ""seam"": ""23:possibility-development"", ""defined_in"": ""O-I:docs/CANONICAL-PRODUCT-FIELD.md|QL-MEF#19(PR)"", ""tracked_by"": ""EpiLogos/O-I#29;EpiLogos/ai-kit#58(PR);EpiLogos/agent-system-design#142(PR)"", ""maintenance"": {""updated_at"": ""2026-09-06"", ""change_refs"": [""codex:thread:01a07608-d2ec-7b10-9713-74c445adf8a5""]}, ""last_reconciled_at"": ""2026-09-06T14:30:23.997737+00:00""}",
ai-kit,product:ai-kit,product:ai-kit:ProjectCentral/user/capability-matrix.csv,product:ai-kit:ProjectCentral/user/capability-matrix.json,0846e946147c7e99161fe732feb1ccfe60d8dc9fff527e831dd20019606c8794,f3e56acd29cdbb5f8ccdfdd315e15e15c12fcc5c6f072c46652801049baecc85,aikit,oi <namespace> forwards the native leaf path unchanged,[],A4->H2,relation,suite-relations,A4,H2,[],,,,,agent-inference,O-I:docs/CANONICAL-PRODUCT-FIELD.md|QL-MEF#19(PR),,,,24:context-materialisation,S,"{""src_product"": ""Workcell"", ""dst_product"": ""AIKit"", ""ql"": """", ""cf_view"": ""CF5-field"", ""seam"": ""24:context-materialisation"", ""defined_in"": ""O-I:docs/CANONICAL-PRODUCT-FIELD.md|QL-MEF#19(PR)"", ""tracked_by"": ""EpiLogos/O-I#29;EpiLogos/ai-kit#58(PR);EpiLogos/Workcell#18(PR)"", ""maintenance"": {""updated_at"": ""2026-09-06"", ""change_refs"": [""codex:thread:01a07608-d2ec-7b10-9713-74c445adf8a5""]}, ""last_reconciled_at"": ""2026-09-06T14:30:23.997737+00:00""}",
ai-kit,product:ai-kit,product:ai-kit:ProjectCentral/user/capability-matrix.csv,product:ai-kit:ProjectCentral/user/capability-matrix.json,0846e946147c7e99161fe732feb1ccfe60d8dc9fff527e831dd20019606c8794,f3e56acd29cdbb5f8ccdfdd315e15e15c12fcc5c6f072c46652801049baecc85,aikit,oi <namespace> forwards the native leaf path unchanged,[],A4->A2,relation,suite-relations,A4,A2,[],,,,,agent-inference,O-I:docs/CANONICAL-PRODUCT-FIELD.md|QL-MEF#19(PR),,,,24:context-materialisation,S,"{""src_product"": ""Workcell"", ""dst_product"": ""AIKit"", ""ql"": """", ""cf_view"": ""CF5-field"", ""seam"": ""24:context-materialisation"", ""defined_in"": ""O-I:docs/CANONICAL-PRODUCT-FIELD.md|QL-MEF#19(PR)"", ""tracked_by"": ""EpiLogos/O-I#29;EpiLogos/ai-kit#58(PR);EpiLogos/Workcell#18(PR)"", ""maintenance"": {""updated_at"": ""2026-09-06"", ""change_refs"": [""codex:thread:01a07608-d2ec-7b10-9713-74c445adf8a5""]}, ""last_reconciled_at"": ""2026-09-06T14:30:23.997737+00:00""}",
ai-kit,product:ai-kit,product:ai-kit:ProjectCentral/user/capability-matrix.csv,product:ai-kit:ProjectCentral/user/capability-matrix.json,0846e946147c7e99161fe732feb1ccfe60d8dc9fff527e831dd20019606c8794,f3e56acd29cdbb5f8ccdfdd315e15e15c12fcc5c6f072c46652801049baecc85,aikit,oi <namespace> forwards the native leaf path unchanged,[],A5->H2,relation,suite-relations,A5,H2,[],,,,,agent-inference,O-I:docs/CANONICAL-PRODUCT-FIELD.md|QL-MEF#19(PR),,,,25:context-ql,S,"{""src_product"": ""QL"", ""dst_product"": ""AIKit"", ""ql"": """", ""cf_view"": """", ""seam"": ""25:context-ql"", ""defined_in"": ""O-I:docs/CANONICAL-PRODUCT-FIELD.md|QL-MEF#19(PR)"", ""tracked_by"": ""EpiLogos/O-I#29;EpiLogos/ai-kit#58(PR);EpiLogos/QL-MEF#19(PR)"", ""maintenance"": {""updated_at"": ""2026-09-06"", ""change_refs"": [""codex:thread:01a07608-d2ec-7b10-9713-74c445adf8a5""]}, ""last_reconciled_at"": ""2026-09-06T14:30:23.997737+00:00""}",
ai-kit,product:ai-kit,product:ai-kit:ProjectCentral/user/capability-matrix.csv,product:ai-kit:ProjectCentral/user/capability-matrix.json,0846e946147c7e99161fe732feb1ccfe60d8dc9fff527e831dd20019606c8794,f3e56acd29cdbb5f8ccdfdd315e15e15c12fcc5c6f072c46652801049baecc85,aikit,oi <namespace> forwards the native leaf path unchanged,[],A5->A2,relation,suite-relations,A5,A2,[],,,,,agent-inference,O-I:docs/CANONICAL-PRODUCT-FIELD.md|QL-MEF#19(PR),,,,25:context-ql,S,"{""src_product"": ""QL"", ""dst_product"": ""AIKit"", ""ql"": """", ""cf_view"": """", ""seam"": ""25:context-ql"", ""defined_in"": ""O-I:docs/CANONICAL-PRODUCT-FIELD.md|QL-MEF#19(PR)"", ""tracked_by"": ""EpiLogos/O-I#29;EpiLogos/ai-kit#58(PR);EpiLogos/QL-MEF#19(PR)"", ""maintenance"": {""updated_at"": ""2026-09-06"", ""change_refs"": [""codex:thread:01a07608-d2ec-7b10-9713-74c445adf8a5""]}, ""last_reconciled_at"": ""2026-09-06T14:30:23.997737+00:00""}",
ai-kit,product:ai-kit,product:ai-kit:ProjectCentral/user/capability-matrix.csv,product:ai-kit:ProjectCentral/user/capability-matrix.json,0846e946147c7e99161fe732feb1ccfe60d8dc9fff527e831dd20019606c8794,f3e56acd29cdbb5f8ccdfdd315e15e15c12fcc5c6f072c46652801049baecc85,aikit,oi <namespace> forwards the native leaf path unchanged,[],rel.aikit.q0.S,relation,product-field,q0,S,"[""cap.aikit.discovery"", ""cap.aikit.adoption"", ""cap.aikit.projection""]",,,,,agent-inference,ProjectCentral/user/aikit.html#whole-why,,,aikit.html#whole/why,"Agentic work draws on tools, Skills, knowledge, models and working environments that come from many places. A person needs these resources to become a coherent working context without rebuilding their setup around each Agent. AIKit makes the relevant part of that world discoverable, explainable and usable for the work at hand.",,"{""basis"": ""Exact overview seed text. Capability links follow their existing governing expanded account units; cell placement is editorial inference."", ""seed_ref"": ""aikit:seed:q0"", ""source_unit"": ""whole-why"", ""seed_sha256"": ""d57463a327bba62808845484fadc35bbcad99bea0a6ce40ee934a15f5435635e"", ""source_standing"": ""agent-inference"", ""reconciled_change_ref"": ""codex:thread:01a07608-d2ec-7b10-9713-74c445adf8a5"", ""maintenance"": {""updated_at"": ""2026-09-06"", ""change_refs"": [""codex:thread:01a07608-d2ec-7b10-9713-74c445adf8a5""]}, ""last_reconciled_at"": ""2026-09-06T14:30:23.997737+00:00""}",Why?
ai-kit,product:ai-kit,product:ai-kit:ProjectCentral/user/capability-matrix.csv,product:ai-kit:ProjectCentral/user/capability-matrix.json,0846e946147c7e99161fe732feb1ccfe60d8dc9fff527e831dd20019606c8794,f3e56acd29cdbb5f8ccdfdd315e15e15c12fcc5c6f072c46652801049baecc85,aikit,oi <namespace> forwards the native leaf path unchanged,[],rel.aikit.q1.S,relation,product-field,q1,S,"[""cap.aikit.resource-index"", ""cap.aikit.methods"", ""cap.aikit.routines""]",,,,,agent-inference,ProjectCentral/user/aikit.html#whole-what,,,aikit.html#whole/what,"AIKit is a Rust CLI, TUI and shared application toolkit for discovering agent resources, selecting them for a Project or task, and projecting the resulting configuration into supported harnesses. It also provides knowledge search and retrieval, semantic Wiki navigation, runtime composition and session integration. Its concrete product is an inspectable answer to what this actor can use and ask about here.",,"{""basis"": ""Exact overview seed text. Capability links follow their existing governing expanded account units; cell placement is editorial inference."", ""seed_ref"": ""aikit:seed:q1"", ""source_unit"": ""whole-what"", ""seed_sha256"": ""eeaa885aec8af8592b8027608fdf42172ec47b666f4d0ef40d21604e3fcab10a"", ""source_standing"": ""agent-inference"", ""reconciled_change_ref"": ""codex:thread:01a07608-d2ec-7b10-9713-74c445adf8a5"", ""maintenance"": {""updated_at"": ""2026-09-06"", ""change_refs"": [""codex:thread:01a07608-d2ec-7b10-9713-74c445adf8a5""]}, ""last_reconciled_at"": ""2026-09-06T14:30:23.997737+00:00""}",What?
ai-kit,product:ai-kit,product:ai-kit:ProjectCentral/user/capability-matrix.csv,product:ai-kit:ProjectCentral/user/capability-matrix.json,0846e946147c7e99161fe732feb1ccfe60d8dc9fff527e831dd20019606c8794,f3e56acd29cdbb5f8ccdfdd315e15e15c12fcc5c6f072c46652801049baecc85,aikit,oi <namespace> forwards the native leaf path unchanged,[],rel.aikit.q2.S,relation,product-field,q2,S,"[""cap.aikit.context-resolution"", ""cap.aikit.generation"", ""cap.aikit.source-horizon"", ""cap.aikit.knowledge-navigation"", ""cap.aikit.wiki-write"", ""cap.aikit.projectcentral"", ""cap.aikit.living-knowledge"", ""cap.aikit.reflection"", ""cap.aikit.composition"", ""cap.aikit.sessions"", ""cap.aikit.activation"", ""cap.aikit.procedures"", ""cap.aikit.continuity""]",,,,,agent-inference,ProjectCentral/user/aikit.html#whole-how,,,aikit.html#whole/how,"AIKit registers sources, resolves scoped choices against trust and compatibility, and prepares a target-specific view. It keeps larger bodies of knowledge and instructions addressable so an Agent can retrieve what the task needs. Changes become reviewable plans or generations; explanation connects the effective environment to the choices and observations that produced it.",,"{""basis"": ""Exact overview seed text. Capability links follow their existing governing expanded account units; cell placement is editorial inference."", ""seed_ref"": ""aikit:seed:q2"", ""source_unit"": ""whole-how"", ""seed_sha256"": ""9f4fef1b1fc842ccfe9bcd2d4a0b5ff5d3b0223cf3d9cf02db3646b020f51507"", ""source_standing"": ""agent-inference"", ""reconciled_change_ref"": ""codex:thread:01a07608-d2ec-7b10-9713-74c445adf8a5"", ""maintenance"": {""updated_at"": ""2026-09-09"", ""change_refs"": [""codex:thread:01a07608-d2ec-7b10-9713-74c445adf8a5"", ""EpiLogos/ai-kit#195"", ""https://github.com/EpiLogos/ai-kit/pull/255""]}, ""last_reconciled_at"": ""2026-09-09T13:31:20.676088+00:00""}",How?
ai-kit,product:ai-kit,product:ai-kit:ProjectCentral/user/capability-matrix.csv,product:ai-kit:ProjectCentral/user/capability-matrix.json,0846e946147c7e99161fe732feb1ccfe60d8dc9fff527e831dd20019606c8794,f3e56acd29cdbb5f8ccdfdd315e15e15c12fcc5c6f072c46652801049baecc85,aikit,oi <namespace> forwards the native leaf path unchanged,[],rel.aikit.q3.S,relation,product-field,q3,S,"[""cap.aikit.authored-relations"", ""cap.aikit.wiki-shapes"", ""cap.aikit.explain"", ""cap.aikit.familiarity""]",,,,,agent-inference,ProjectCentral/user/aikit.html#whole-whereby,,,aikit.html#whole/whereby,People compose and inspect their working environment through the CLI and TUI. Agents discover powers and retrieve relevant knowledge through the same underlying services. Providers and harness adapters connect existing tools while preserving their identities. Central supplies durable source; AIKit makes permitted source and capabilities available in a particular context.,,"{""basis"": ""Exact overview seed text. Capability links follow their existing governing expanded account units; cell placement is editorial inference."", ""seed_ref"": ""aikit:seed:q3"", ""source_unit"": ""whole-whereby"", ""seed_sha256"": ""c02422f1ce8607ef8d2967ec065ebd8538a25bf36f61466538dc99a3f5794361"", ""source_standing"": ""agent-inference"", ""reconciled_change_ref"": ""codex:thread:01a07608-d2ec-7b10-9713-74c445adf8a5"", ""maintenance"": {""updated_at"": ""2026-09-06"", ""change_refs"": [""codex:thread:01a07608-d2ec-7b10-9713-74c445adf8a5""]}, ""last_reconciled_at"": ""2026-09-06T14:30:23.997737+00:00""}",Who / Whereby?
ai-kit,product:ai-kit,product:ai-kit:ProjectCentral/user/capability-matrix.csv,product:ai-kit:ProjectCentral/user/capability-matrix.json,0846e946147c7e99161fe732feb1ccfe60d8dc9fff527e831dd20019606c8794,f3e56acd29cdbb5f8ccdfdd315e15e15c12fcc5c6f072c46652801049baecc85,aikit,oi <namespace> forwards the native leaf path unchanged,[],rel.aikit.q4.S,relation,product-field,q4,S,"[""cap.aikit.profiles"", ""cap.aikit.models""]",,,,,agent-inference,ProjectCentral/user/aikit.html#whole-context,,,aikit.html#whole/context,"AIKit works where a Project, actor, task, client and available machine meet. A shared baseline can be refined for a Project, session or individual invocation. The resulting configuration is situated: a resource may be useful in one context and unavailable in another. Explanations and activation evidence make those differences inspectable.",,"{""basis"": ""Exact overview seed text. Capability links follow their existing governing expanded account units; cell placement is editorial inference."", ""seed_ref"": ""aikit:seed:q4"", ""source_unit"": ""whole-context"", ""seed_sha256"": ""a4305ec3f1ff58c8860e900da1a41662c6350678df62ad60abd3c2dc6b0d2312"", ""source_standing"": ""agent-inference"", ""reconciled_change_ref"": ""codex:thread:01a07608-d2ec-7b10-9713-74c445adf8a5"", ""maintenance"": {""updated_at"": ""2026-09-06"", ""change_refs"": [""codex:thread:01a07608-d2ec-7b10-9713-74c445adf8a5""]}, ""last_reconciled_at"": ""2026-09-06T14:30:23.997737+00:00""}",Where / When?
ai-kit,product:ai-kit,product:ai-kit:ProjectCentral/user/capability-matrix.csv,product:ai-kit:ProjectCentral/user/capability-matrix.json,0846e946147c7e99161fe732feb1ccfe60d8dc9fff527e831dd20019606c8794,f3e56acd29cdbb5f8ccdfdd315e15e15c12fcc5c6f072c46652801049baecc85,aikit,oi <namespace> forwards the native leaf path unchanged,[],rel.aikit.q5.S,relation,product-field,q5,S,[],,,,,agent-inference,ProjectCentral/user/aikit.html#whole-purpose,,,aikit.html#whole/purpose,AIKit lets a person build an increasingly capable environment while keeping each encounter understandable. Skills and Methods make ways of working reusable; Wiki and source navigation make accumulated knowledge askable; explicit composition lets the same Project be met through different harnesses. Within O:I it supplies the operative resources through which authorised agency can work on durable human intention.,,"{""basis"": ""Exact overview seed text. Capability links follow their existing governing expanded account units; cell placement is editorial inference."", ""seed_ref"": ""aikit:seed:q5"", ""source_unit"": ""whole-purpose"", ""seed_sha256"": ""f7d37ffa2b57ffeb31c8f4e9e87c858546fcfbd5deefa882cfeb5a3d0decb0b1"", ""source_standing"": ""agent-inference"", ""reconciled_change_ref"": ""codex:thread:01a07608-d2ec-7b10-9713-74c445adf8a5"", ""maintenance"": {""updated_at"": ""2026-09-06"", ""change_refs"": [""codex:thread:01a07608-d2ec-7b10-9713-74c445adf8a5""]}, ""last_reconciled_at"": ""2026-09-06T14:30:23.997737+00:00""}",Why-For?
ai-kit,product:ai-kit,product:ai-kit:ProjectCentral/user/capability-matrix.csv,product:ai-kit:ProjectCentral/user/capability-matrix.json,0846e946147c7e99161fe732feb1ccfe60d8dc9fff527e831dd20019606c8794,f3e56acd29cdbb5f8ccdfdd315e15e15c12fcc5c6f072c46652801049baecc85,aikit,oi <namespace> forwards the native leaf path unchanged,[],rel.aikit.q3.S0,relation,product-field,q3,S0,"[""cap.aikit.authored-relations"", ""cap.aikit.projectcentral""]",,,,,agent-inference,ProjectCentral/user/aikit.html#q3-source-contract,,,aikit.html#q3/source-contract,"Central’s recognised source relations carry provenance, truth standing, roles and treatment. AIKit preserves that distinction through the resulting knowledge view.",,"{""basis"": ""Source-account relation, with capability placement attributed as editorial inference."", ""source_unit"": ""q3-source-contract"", ""maintenance"": {""updated_at"": ""2026-09-06"", ""change_refs"": [""codex:thread:01a07608-d2ec-7b10-9713-74c445adf8a5""]}, ""last_reconciled_at"": ""2026-09-06T14:30:23.997737+00:00""}",
ai-kit,product:ai-kit,product:ai-kit:ProjectCentral/user/capability-matrix.csv,product:ai-kit:ProjectCentral/user/capability-matrix.json,0846e946147c7e99161fe732feb1ccfe60d8dc9fff527e831dd20019606c8794,f3e56acd29cdbb5f8ccdfdd315e15e15c12fcc5c6f072c46652801049baecc85,aikit,oi <namespace> forwards the native leaf path unchanged,[],rel.aikit.q3.S1,relation,product-field,q3,S1,[],,,,,agent-inference,ProjectCentral/user/aikit.html#q3-identity,,,aikit.html#q3/identity,"AIKit develops the operational selection and disclosure relations; Central keeps durable authored ground, Actuation supplies authority and agency, Factory owns development and Workcell supplies material execution.",,"{""basis"": ""Exact account sentence; cell placement is editorial inference."", ""source_unit"": ""q3-identity"", ""maintenance"": {""updated_at"": ""2026-09-06"", ""change_refs"": [""codex:thread:01a07608-d2ec-7b10-9713-74c445adf8a5""]}, ""last_reconciled_at"": ""2026-09-06T14:30:23.997737+00:00""}",
ai-kit,product:ai-kit,product:ai-kit:ProjectCentral/user/capability-matrix.csv,product:ai-kit:ProjectCentral/user/capability-matrix.json,0846e946147c7e99161fe732feb1ccfe60d8dc9fff527e831dd20019606c8794,f3e56acd29cdbb5f8ccdfdd315e15e15c12fcc5c6f072c46652801049baecc85,aikit,oi <namespace> forwards the native leaf path unchanged,[],rel.aikit.q3.S3,relation,product-field,q3,S3,[],,,,,agent-inference,ProjectCentral/user/aikit.html#q3-identity,,,aikit.html#q3/identity,"AIKit develops the operational selection and disclosure relations; Central keeps durable authored ground, Actuation supplies authority and agency, Factory owns development and Workcell supplies material execution.",,"{""basis"": ""Exact account sentence; cell placement is editorial inference."", ""source_unit"": ""q3-identity"", ""maintenance"": {""updated_at"": ""2026-09-06"", ""change_refs"": [""codex:thread:01a07608-d2ec-7b10-9713-74c445adf8a5""]}, ""last_reconciled_at"": ""2026-09-06T14:30:23.997737+00:00""}",
ai-kit,product:ai-kit,product:ai-kit:ProjectCentral/user/capability-matrix.csv,product:ai-kit:ProjectCentral/user/capability-matrix.json,0846e946147c7e99161fe732feb1ccfe60d8dc9fff527e831dd20019606c8794,f3e56acd29cdbb5f8ccdfdd315e15e15c12fcc5c6f072c46652801049baecc85,aikit,oi <namespace> forwards the native leaf path unchanged,[],rel.aikit.q3.S4,relation,product-field,q3,S4,[],,,,,agent-inference,ProjectCentral/user/aikit.html#q3-identity,,,aikit.html#q3/identity,"AIKit develops the operational selection and disclosure relations; Central keeps durable authored ground, Actuation supplies authority and agency, Factory owns development and Workcell supplies material execution.",,"{""basis"": ""Exact account sentence; cell placement is editorial inference."", ""source_unit"": ""q3-identity"", ""maintenance"": {""updated_at"": ""2026-09-06"", ""change_refs"": [""codex:thread:01a07608-d2ec-7b10-9713-74c445adf8a5""]}, ""last_reconciled_at"": ""2026-09-06T14:30:23.997737+00:00""}",
ai-kit,product:ai-kit,product:ai-kit:ProjectCentral/user/capability-matrix.csv,product:ai-kit:ProjectCentral/user/capability-matrix.json,0846e946147c7e99161fe732feb1ccfe60d8dc9fff527e831dd20019606c8794,f3e56acd29cdbb5f8ccdfdd315e15e15c12fcc5c6f072c46652801049baecc85,aikit,oi <namespace> forwards the native leaf path unchanged,[],rel.aikit.q3.S5,relation,product-field,q3,S5,"[""cap.aikit.wiki-shapes""]",,,,,agent-inference,ProjectCentral/user/aikit.html#q3-source-contract,,,aikit.html#q3/source-contract,The QL shape service supplies valid structural readings while semantic edges continue to require actual evidence.,,"{""basis"": ""Exact account sentence; cell placement is editorial inference."", ""source_unit"": ""q3-source-contract"", ""maintenance"": {""updated_at"": ""2026-09-06"", ""change_refs"": [""codex:thread:01a07608-d2ec-7b10-9713-74c445adf8a5""]}, ""last_reconciled_at"": ""2026-09-06T14:30:23.997737+00:00""}",
ai-kit,product:ai-kit,product:ai-kit:ProjectCentral/user/capability-matrix.csv,product:ai-kit:ProjectCentral/user/capability-matrix.json,0846e946147c7e99161fe732feb1ccfe60d8dc9fff527e831dd20019606c8794,f3e56acd29cdbb5f8ccdfdd315e15e15c12fcc5c6f072c46652801049baecc85,aikit,oi <namespace> forwards the native leaf path unchanged,"[""gateway serve"",""gateway protocol"",""gateway discover"",""gateway status"",""gateway ecology"",""gateway snapshot""]",cap.aikit.gateway,capability,,,,[],"A persistent, owner-only contact plane for situated agency",Serve and query the Agency Gateway over its well-known carriers; probe presence through doctor,Bootstrap-verified gateway presence; connector ingress; authorised ecology reading over situated sessions,Implemented source contract; live workcell acceptance pending (sixth execution unit),implementation-fact,docs/USING-AIKIT.md;docs/v2/10-PERSISTENT-AGENCY-AND-MATERIAL-HOSTING.md,crates/aikit-adapters/src/gateway_client.rs;crates/aikit-adapters/src/gateway_runtime.rs;crates/aikit-adapters/src/gateway_service.rs;crates/aikit-adapters/src/telegram_bot_api.rs;crates/aikit-cli/src/cli.rs;crates/aikit-cli/src/doctor.rs;crates/aikit-cli/src/gateway_ops.rs;crates/aikit-cli/src/lib.rs;crates/aikit-store/src/home.rs,crates/aikit-cli/tests/gateway_command.rs,aikit.html#q0/continuity,,,"{""basis"": ""Gateway capability reconciled with the landed bootstrap fold: well-known default endpoint, doctor probe, CLI front door (PR #192). The continuity module declaration rides the same front door (PR #195). The CLI surface gains `wiki ingest --source-pool`, naming where a corpus's SourcePool material is written. The CLI surface also gains `wiki ingest --room-depth`."", ""maintenance"": {""updated_at"": ""2026-09-09"", ""change_refs"": [""hermes-nara:session:2026-09-07-gateway-reconcile"", ""EpiLogos/ai-kit#192"", ""EpiLogos/ai-kit#195"", ""hermes-nara:session:2026-09-08-acp-residue-reconcile"", ""EpiLogos/ai-kit#198"", ""EpiLogos/ai-kit#197"", ""EpiLogos/ai-kit#199"", ""EpiLogos/ai-kit#210"", ""wiki-continuity:CASE-11-project-recency"", ""wiki-continuity:essay-ingestion"", ""wiki-continuity:tags-ride-the-source-pool"", ""wiki-continuity:vault-root-and-room-depth"", ""wiki-continuity:case18-case19-completion"", ""https://github.com/EpiLogos/ai-kit/issues/247"", ""wiki-continuity:CASE-04-context-pressure"", ""https://github.com/EpiLogos/ai-kit/pull/255"", ""wiki-continuity:root-domain-register"", ""EpiLogos/ai-kit#259"", ""https://github.com/EpiLogos/ai-kit/issues/10""], ""code_basis"": {""crates/aikit-adapters/src/gateway_client.rs"": ""d6ced782bfc1ad38aab366837424f0b1a44452e2d45ce3b9a9184dfb3efcc1de"", ""crates/aikit-adapters/src/gateway_runtime.rs"": ""dc913d660cf634d3172f734a3e17719940aafc7e187bc4b69613bbc5afc041c9"", ""crates/aikit-adapters/src/gateway_service.rs"": ""7f0c9304d41bad22462f595293f742431d12bca31c07d6a627c2aa63e0a671b4"", ""crates/aikit-adapters/src/telegram_bot_api.rs"": ""f9d74aa702e5401f05dc6725b794c01d4f1348939d6a018df333089a89776a73"", ""crates/aikit-cli/src/cli.rs"": ""e4d4859c11e0d137089baa9b63483d5d1dc5c968e63ef234701a40e65d740597"", ""crates/aikit-cli/src/doctor.rs"": ""b5c6f8437890b62bde4495ecd8bb34379331ae6605577eddb5452b8d12988ee4"", ""crates/aikit-cli/src/gateway_ops.rs"": ""b6e884d7872f7f594659c9fc1e76438de10dd8b5cee7b92bfea26f91ebf16ec2"", ""crates/aikit-cli/src/lib.rs"": ""d71663fa4cdbb3e7449358cf24871ea32700e14c07e66151b99364ae2f8ae7fd"", ""crates/aikit-store/src/home.rs"": ""5ce399e87b250a895ffa9c71bb1b010da053fbccef912c4d4c6a80e1020f83ec""}}, ""cli_exposure"": {""kind"": ""direct"", ""reason"": ""The gateway commands are the owner-facing CLI surface of the Agency Gateway contact plane: serve, query, ecology read, snapshot.""}, ""cli_commands"": [""gateway serve"", ""gateway protocol"", ""gateway discover"", ""gateway status"", ""gateway ecology"", ""gateway snapshot""], ""last_reconciled_at"": ""2026-09-09T19:29:27.189584+00:00""}",
ai-kit,product:ai-kit,product:ai-kit:ProjectCentral/user/capability-matrix.csv,product:ai-kit:ProjectCentral/user/capability-matrix.json,0846e946147c7e99161fe732feb1ccfe60d8dc9fff527e831dd20019606c8794,f3e56acd29cdbb5f8ccdfdd315e15e15c12fcc5c6f072c46652801049baecc85,aikit,oi <namespace> forwards the native leaf path unchanged,"[""continuity pressure"",""continuity commands"",""continuity closeout verify""]",cap.aikit.continuity,capability,,,,[],A person or agent re-entering a project meets its standing knowledge and present participants without reconstructing them from chat history,"Compose event-specific continuity from the active Profile: SessionStart disclosure, project orientation and recency, prompt-triggered domains declared in either the personal or the project register, armed star prompt-commands recognised before domain matching, file-addressed PreToolUse context, and attributed PostToolUse activity receipts; bound ordinary payload through the composition's declared pressure brackets; read a close-out's registered objects back from their owners",Durable facts enter context under explicit composition; an invoked star command arrives as its close-out protocol and suppresses the domain branch for that turn; ordinary guidance is bounded as the window fills while guidance classified standing stays reasserted and every bound is disclosed; a close-out is verifiable clause by clause against Central NOW and the Factory ledger; cold and unknown projects leave the automatic root horizon without leaving registration or explicit discovery; new activity reactivates the same project identity,"Implemented source contract; full gate passed on 2026-09-08 with 1834 tests, including real trust-gated root SessionStart suppression and receipt-driven reactivation (CASE 11)",implementation-fact,registry/capsules/hook/continuity/entity-disclosure/manifest.toml;registry/capsules/hook/continuity/domain-activation/manifest.toml;registry/capsules/hook/continuity/file-context/manifest.toml;registry/capsules/hook/continuity/orientation-packet/manifest.toml;registry/capsules/hook/continuity/activity-evidence/manifest.toml;registry/capsules/hook/continuity/project-recency/manifest.toml,crates/aikit-core/src/continuity.rs;crates/aikit-core/src/domain.rs;crates/aikit-core/src/lib.rs;crates/aikit-store/src/index.rs;crates/aikit-cli/src/app/mod.rs;crates/aikit-cli/src/domain_activation.rs;crates/aikit-cli/src/file_context.rs;crates/aikit-cli/src/orientation_packet.rs;crates/aikit-cli/src/activity_evidence.rs;crates/aikit-cli/src/project_recency.rs;crates/aikit-core/src/pressure.rs;crates/aikit-cli/src/pressure.rs,crates/aikit-cli/tests/domain_activation.rs;crates/aikit-core/tests/continuity_tuning.rs;crates/aikit-store/tests/injection_ledger.rs;crates/aikit-cli/tests/file_context.rs;crates/aikit-cli/tests/orientation_packet.rs;crates/aikit-cli/tests/project_recency.rs;crates/aikit-core/tests/pressure.rs;crates/aikit-cli/tests/context_pressure.rs;crates/aikit-core/tests/star_commands.rs;crates/aikit-cli/tests/star_commands.rs;crates/aikit-cli/tests/closeout_verify.rs;crates/aikit-cli/tests/domain_registers.rs,aikit.html#q0/continuity,,,"{""basis"": ""Continuity now includes the CASE 11 root project-recency slice: profile-tuned coldness suppresses only automatic SessionStart projection; explicit project listing remains exhaustive, and fresh W4 activity evidence reactivates without re-registration."", ""maintenance"": {""updated_at"": ""2026-09-09"", ""change_refs"": [""zcode-session-2026-09-07-continuity-pickup"", ""EpiLogos/ai-kit#194"", ""EpiLogos/ai-kit#195"", ""hermes-nara:session:2026-09-08-acp-residue-reconcile"", ""EpiLogos/ai-kit#198"", ""hermes-nara:session:2026-09-08-r3-reconcile"", ""EpiLogos/ai-kit#186"", ""EpiLogos/ai-kit#197"", ""EpiLogos/ai-kit#199"", ""EpiLogos/ai-kit#203"", ""EpiLogos/ai-kit#206"", ""EpiLogos/ai-kit#210"", ""wiki-continuity:CASE-11-project-recency"", ""wiki-continuity:authored-source-findability"", ""https://github.com/EpiLogos/ai-kit/issues/247"", ""wiki-continuity:CASE-04-context-pressure"", ""wiki-continuity:versioned-world-wiring"", ""https://github.com/EpiLogos/ai-kit/issues/211"", ""https://github.com/EpiLogos/agent-system-design/issues/201"", ""https://github.com/EpiLogos/agent-system-design/commit/1a740b502c121a2eac1e4554c272b35fdebc5c4f"", ""wiki-continuity:root-domain-register"", ""wiki-continuity:one-query-path"", ""EpiLogos/ai-kit#259"", ""EpiLogos/ai-kit#257"", ""https://github.com/EpiLogos/ai-kit/issues/10""], ""code_basis"": {""crates/aikit-core/src/continuity.rs"": ""3d579103075ac7d65dd85e97c455fdb718273fd1beb84f39c0cb898500907729"", ""crates/aikit-core/src/domain.rs"": ""d79395b565650c5d7d808fa314214499b4de132bcb259a8d540f0e9e020f24b5"", ""crates/aikit-core/src/lib.rs"": ""bae707031d981bf59b347753e262ff5089da6a8104f5013e6ff0c26862300d7a"", ""crates/aikit-store/src/index.rs"": ""3aa691677ef74f5b253a2e54ca7b38a300e30de564d7499935a92126ff087237"", ""crates/aikit-cli/src/app/mod.rs"": ""471520aaee6f3786e10b46c99b54e3c73e01c8c5d2217bf723aac22f672bd178"", ""crates/aikit-cli/src/domain_activation.rs"": ""2907f2dc15a5be91d1e71190d9025211c5fb7b1480e420949cb47a35df046bd8"", ""crates/aikit-cli/src/file_context.rs"": ""7b97025316da313640516e05ab1d7713470e2cab5d0eac137c7ae33b95901886"", ""crates/aikit-cli/src/orientation_packet.rs"": ""3841d5cc18fd5a02839416a71001e0c2492df4b3b8f47b46d7074254c78d0916"", ""crates/aikit-cli/src/activity_evidence.rs"": ""e9353e071a22629d8702ffa7f482a488816a911a472bd4f0d2a8e9cd0eacf098"", ""crates/aikit-cli/src/project_recency.rs"": ""feed31f14963a4596c09a6bdb21ca6de8824eb46f4b86d913ea03c6ea474c9f8"", ""crates/aikit-core/src/pressure.rs"": ""4ca1c0ddd64dce1f1ff5c2649b4322a0482651c932553dc203913f9212f99a56"", ""crates/aikit-cli/src/pressure.rs"": ""810e5f01fb78e8a801b80ea920a3cae263c541f74f596a1a069c3a70ad5283af""}}, ""cli_exposure"": {""kind"": ""direct"", ""reason"": ""The reactions ride the hook carriers, but the star-command inspection instrument, the close-out verification and the pressure reading are direct commands of their own.""}, ""cli_commands"": [""continuity pressure"", ""continuity commands"", ""continuity closeout verify""], ""last_reconciled_at"": ""2026-09-09T19:29:27.189584+00:00""}",
ai-kit,product:ai-kit,product:ai-kit:ProjectCentral/user/capability-matrix.csv,product:ai-kit:ProjectCentral/user/capability-matrix.json,0846e946147c7e99161fe732feb1ccfe60d8dc9fff527e831dd20019606c8794,f3e56acd29cdbb5f8ccdfdd315e15e15c12fcc5c6f072c46652801049baecc85,aikit,oi <namespace> forwards the native leaf path unchanged,[],cap.aikit.encounters,capability,,,,[],Own durable agency encounters that survive UI disconnects,"Host provider-neutral ACP encounters with bounded cursor reads, durable history and one composer per session; present them through the shared V2 surfaces; a Project reading carries the versioned material World its backend observed, or discloses why it could not",Disconnecting a UI client never drops a provider; turn duration does not determine memory use; encounter history outlives any single client,Implemented source contract; live resident acceptance pending owner session,implementation-fact,docs/ACP-REQUIRED-CONTEXT-ADMISSION.md,crates/aikit-cli/src/encounter_service.rs;crates/aikit-store/src/encounter.rs;crates/aikit-store/src/lib.rs;crates/aikit-cli/src/ui.rs;crates/aikit-tui/src/backend.rs;crates/aikit-tui/src/project_world_service.rs,crates/aikit-adapters/tests/agent_session_host_v2.rs;crates/aikit-adapters/tests/agent_connection_v2.rs;crates/aikit-cli/tests/versioned_world_wiring.rs,aikit.html#q0/continuity,,,"{""basis"": ""Encounters capability reconciled with the agency-ACP residue replant: resident, provider-neutral ACP encounters with durable history, bounded cursor reads, one composer per canonical AgentSession, and the shared V2 TUI presentation (backend contract, terminal surface, project-world service)."", ""maintenance"": {""updated_at"": ""2026-09-09"", ""change_refs"": [""hermes-nara:session:2026-09-08-acp-residue-reconcile"", ""EpiLogos/ai-kit#210"", ""wiki-continuity:CASE-11-project-recency"", ""wiki-continuity:sqlite-provider-export"", ""wiki-continuity:sqlite-provider"", ""https://github.com/EpiLogos/ai-kit/issues/247"", ""wiki-continuity:versioned-world-wiring"", ""wiki-continuity:one-query-path"", ""EpiLogos/ai-kit#259"", ""https://github.com/EpiLogos/ai-kit/issues/211"", ""EpiLogos/ai-kit#257"", ""https://github.com/EpiLogos/ai-kit/issues/10""], ""code_basis"": {""crates/aikit-cli/src/encounter_service.rs"": ""f74c45b8ea34d699b15d377f269698c48b040b0dffdb2dde3f0cc239e907d3f3"", ""crates/aikit-store/src/encounter.rs"": ""01b1361b56cee08d583e7e268a1438f43a969cd1ac8185cfbc311c1221c309c6"", ""crates/aikit-store/src/lib.rs"": ""b7bf1ab006872aa624b84e2cd1fb968560eb0d48a2eb2082ccda312bb44012b9"", ""crates/aikit-cli/src/ui.rs"": ""37f293dbe410bd2683139e4710404938e8757b2f2ce40d63c0c734e85385d88d"", ""crates/aikit-tui/src/backend.rs"": ""09d28eae8f788275876bad0a824de30e69bd777aeac7e1b930615b3f50af2e4f"", ""crates/aikit-tui/src/project_world_service.rs"": ""e2e25d855fc3874d3393a7ad5d026241e8591a055f876ee361fc6d56549b0342""}}, ""cli_exposure"": {""kind"": ""library"", ""reason"": ""Encounters are served by the resident host and read through the V2 TUI surfaces; no new owner-facing CLI leaf rides this capability.""}, ""cli_commands"": [], ""last_reconciled_at"": ""2026-09-09T19:29:27.189584+00:00""}",
ai-kit,product:ai-kit,product:ai-kit:ProjectCentral/user/capability-matrix.csv,product:ai-kit:ProjectCentral/user/capability-matrix.json,0846e946147c7e99161fe732feb1ccfe60d8dc9fff527e831dd20019606c8794,f3e56acd29cdbb5f8ccdfdd315e15e15c12fcc5c6f072c46652801049baecc85,aikit,oi <namespace> forwards the native leaf path unchanged,[],cap.aikit.harness-admission,capability,,,,[],Dispatch work through external harness CLIs admitted on evidence,Admit catalog harnesses through the Actuation detection contract and route client effects to their native CLIs,"Harness admission from live Actuation detection and capability evidence, including which providers a detected harness declares it can dispatch models to",Implemented source contract; live detection parity per Actuation catalog r6,implementation-fact,crates/aikit-adapters/src/actuation_harness_capability.rs,crates/aikit-adapters/src/clients/aider.rs;crates/aikit-adapters/src/clients/antigravity.rs;crates/aikit-adapters/src/clients/cursor.rs;crates/aikit-adapters/src/clients/gemini.rs;crates/aikit-adapters/src/clients/goose.rs;crates/aikit-adapters/src/clients/grokbot.rs;crates/aikit-adapters/src/clients/kimi.rs;crates/aikit-adapters/src/clients/mod.rs;crates/aikit-adapters/src/clients/ollama.rs;crates/aikit-adapters/src/clients/openclaw.rs;crates/aikit-adapters/src/clients/opencode.rs;crates/aikit-adapters/src/clients/pi.rs;crates/aikit-adapters/src/clients/qwen.rs;crates/aikit-core/src/platform.rs;crates/aikit-cli/src/app/mod.rs;crates/aikit-adapters/src/actuation_harness_detection.rs,crates/aikit-adapters/tests/antigravity.rs;crates/aikit-adapters/tests/gemini.rs;crates/aikit-adapters/tests/grokbot.rs;crates/aikit-adapters/tests/kimi.rs;crates/aikit-adapters/tests/ollama.rs;crates/aikit-adapters/tests/openclaw.rs;crates/aikit-adapters/tests/pi.rs,aikit.html#q0/continuity,,,"{""basis"": ""Harness admission reconciled with sweep round 3: six catalog-r4 harnesses (gemini-antigravity, grok-bot, kimi, ollama, openclaw, pi) admitted through Actuation detection records and wired into client effects; target ids align to catalog slugs (PR #186). Rounds 1-2 clients (aider, cursor, gemini, goose, opencode, qwen, claude, codex, zcode) ride the same admission capability. Basis refreshed over the file-context dispatch arm (PR #197). Basis refreshed over the orientation-packet dispatch arm (PR #199). Live detection and capability intake now consume Actuation catalog r6, including `model_dispatch` on capability entries (PR #265; companion Actuation #55)."",""maintenance"": {""updated_at"": ""2026-09-09"",""change_refs"": [""hermes-nara:session:2026-09-08-r3-reconcile"",""EpiLogos/ai-kit#186"",""EpiLogos/ai-kit#197"",""EpiLogos/ai-kit#199"",""EpiLogos/ai-kit#210"",""wiki-continuity:CASE-11-project-recency"",""https://github.com/EpiLogos/ai-kit/issues/247"",""wiki-continuity:CASE-04-context-pressure"",""wiki-continuity:versioned-world-wiring"",""https://github.com/EpiLogos/ai-kit/issues/211"",""https://github.com/EpiLogos/agent-system-design/issues/201"",""https://github.com/EpiLogos/agent-system-design/commit/1a740b502c121a2eac1e4554c272b35fdebc5c4f"",""wiki-continuity:root-domain-register"",""wiki-continuity:one-query-path"",""EpiLogos/ai-kit#259"",""EpiLogos/ai-kit#257"",""https://github.com/EpiLogos/ai-kit/issues/10"",""EpiLogos/ai-kit#265"",""EpiLogos/Actuation#55""],""code_basis"": {""crates/aikit-adapters/src/clients/aider.rs"": ""cdc7fb3af2518d2e5249abe6f511165dc34a49433a442463e2fe10f73f8d3acf"",""crates/aikit-adapters/src/clients/antigravity.rs"": ""9731537021e7fdab986f82f87fb09e4e831f14b8f40f684c7baa4b1f3cddc39a"",""crates/aikit-adapters/src/clients/cursor.rs"": ""2e8f61db1bf2a48fad32cd741462ade477c5bc32568239ce64ba289ace4b4107"",""crates/aikit-adapters/src/clients/gemini.rs"": ""5c99ccc0de1dae66a54ce2e728c45b19566070d09f57049be1de8e12c2b1e0f6"",""crates/aikit-adapters/src/clients/goose.rs"": ""30e6be68d32d94a07187fef5dc63a124aa7eb0ddb13b7e2d6b2b68268feda7b2"",""crates/aikit-adapters/src/clients/grokbot.rs"": ""1d8bb3202420bb66449bb9d1606320330f2f7cee18412b58ac7ca0f720c82c71"",""crates/aikit-adapters/src/clients/kimi.rs"": ""6596adbb063bc7de24052a8a21e8b8d4556f5aa4ef752bbd06da18fe3e437641"",""crates/aikit-adapters/src/clients/mod.rs"": ""4d32ed567e679ce8a58ccf83d8c5709de907b9920acb2be251b10003c4b3d2e8"",""crates/aikit-adapters/src/clients/ollama.rs"": ""7556aee5e7e265708ee3dd9eb159c92a182ae9d0858934cf20d5036d6b7440a1"",""crates/aikit-adapters/src/clients/openclaw.rs"": ""fe7b6a3261933e491ef12dffee4a8ff11ca75f40a57fd1bd7518330898db5b3b"",""crates/aikit-adapters/src/clients/opencode.rs"": ""cd79905f15acf68f1e98aeb608a97dccd4544c0b6367ce6a4eece2f888a4cee3"",""crates/aikit-adapters/src/clients/pi.rs"": ""ff64af2fab6c2ba2ec84fb56c8c1d826bbe25748e009163da52146ff486b67ed"",""crates/aikit-adapters/src/clients/qwen.rs"": ""87d36601b961c5c8680cea813afe2817b26380f53647dbd836fa053b82032fb3"",""crates/aikit-core/src/platform.rs"": ""de8a406eea663f2ae4eed240df145e4b8f183f36bdadcc5a617a6f8df23ad50c"",""crates/aikit-cli/src/app/mod.rs"": ""471520aaee6f3786e10b46c99b54e3c73e01c8c5d2217bf723aac22f672bd178"",""crates/aikit-adapters/src/actuation_harness_detection.rs"": ""8e9f07c1ecdf6887902e6aa9b63c5a3ebdef2f262b7a46a51b356a1c72424908""}},""cli_exposure"": {""kind"": ""library"",""reason"": ""Harness clients are dispatched programmatically through the admission registry and context effects; no new owner-facing CLI leaf rides this capability.""},""cli_commands"": [],""last_reconciled_at"": ""2026-09-09T23:45:00+00:00""}",
ai-kit,product:ai-kit,product:ai-kit:ProjectCentral/user/capability-matrix.csv,product:ai-kit:ProjectCentral/user/capability-matrix.json,0846e946147c7e99161fe732feb1ccfe60d8dc9fff527e831dd20019606c8794,f3e56acd29cdbb5f8ccdfdd315e15e15c12fcc5c6f072c46652801049baecc85,aikit,oi <namespace> forwards the native leaf path unchanged,"[""knowledge open"",""knowledge resolve""]",cap.aikit.knowledge-resolution,capability,,,,[],"One canonical owner-side resolution operation over Central sources, Flows, skills and knowledge subjects, where every row stays a ref owned by its native provider.",aikit knowledge resolve lists typed resolution rows with their owner and canonical Actions; aikit knowledge open forwards one row to its owning Action and records exactly one successful-use familiarity observation.,"Resolution is deliberately inert — querying, displaying and refreshing record nothing; only an explicit open records use through the same owner operation.",Implemented source contract; aikit.knowledge-resolution/v1 seam in aikit-core with CLI wiring and open acceptance coverage.,implementation-fact,CONTEXT.md,crates/aikit-core/src/knowledge_resolution.rs;crates/aikit-cli/src/app/knowledge.rs,crates/aikit-cli/tests/knowledge_resolution_open.rs,aikit.html#q1/knowledge,,,"{""basis"": ""Cradle wave owner seam: typed knowledge resolution rows (aikit.knowledge-resolution/v1) covering the real provider set, with knowledge open/resolve on the CLI and inert querying by law."", ""maintenance"": {""updated_at"": ""2026-09-09"", ""change_refs"": [""cradle-wave-owner-seams"", ""EpiLogos/ai-kit#259""], ""code_basis"": {""crates/aikit-core/src/knowledge_resolution.rs"": ""a8c4bb75447086b4fa5733a3c0545ab9ee2e88eac6c2c561847e7e1a071501ca"", ""crates/aikit-cli/src/app/knowledge.rs"": ""913bd1777c2d3a9d8bf5c057f9eda2993fb2b2f2c101aa27bda9132c54252118""}}, ""cli_exposure"": {""kind"": ""direct"", ""reason"": ""direct CLI leafs: knowledge resolve, knowledge open.""}, ""cli_commands"": [""knowledge open"", ""knowledge resolve""], ""last_reconciled_at"": ""2026-09-09T16:03:25.077583+00:00""}",
ai-kit,product:ai-kit,product:ai-kit:ProjectCentral/user/capability-matrix.csv,product:ai-kit:ProjectCentral/user/capability-matrix.json,0846e946147c7e99161fe732feb1ccfe60d8dc9fff527e831dd20019606c8794,f3e56acd29cdbb5f8ccdfdd315e15e15c12fcc5c6f072c46652801049baecc85,aikit,oi <namespace> forwards the native leaf path unchanged,"[""session lifecycle cancel"",""session lifecycle end"",""session lifecycle history"",""session lifecycle list"",""session lifecycle permission grant"",""session lifecycle permission refuse"",""session lifecycle permission request"",""session lifecycle show"",""session lifecycle start"",""session lifecycle thinking""]",cap.aikit.session-lifecycle,capability,,,,[],"A typed, schema-stamped read model of session lifecycle events — start/end, thinking, cancellation and permission requests — with one persistence authority and no fabricated history.",aikit session lifecycle start|end|thinking|cancel|permission request|grant|refuse|list|show|history records validated events through the store's cross-process lock law; reads derive the read model from the canonical append-only document and report an unknown session as an explicit error.,History and reads can never describe different things; the permission issued/granted/refused triple stays on one stable join identity; the store remains the sole persistence authority.,Implemented source contract; aikit.session-lifecycle/v1 typed events in aikit-core with aikit-store as canonical persistence and CLI session lifecycle subcommands.,implementation-fact,CONTEXT.md,crates/aikit-core/src/session_lifecycle.rs;crates/aikit-core/src/id.rs;crates/aikit-store/src/session_lifecycle.rs;crates/aikit-cli/src/session_lifecycle_ops.rs,crates/aikit-cli/tests/session_lifecycle_open.rs,aikit.html#q2/compose,,,"{""basis"": ""Cradle wave owner seam: session lifecycle typed events and read model (aikit.session-lifecycle/v1), stable SessionActivityId/PermissionRequestId join identities in id.rs, aikit-store canonical document, and the CLI session lifecycle verb family."", ""maintenance"": {""updated_at"": ""2026-09-09"", ""change_refs"": [""cradle-wave-owner-seams"", ""EpiLogos/ai-kit#259""], ""code_basis"": {""crates/aikit-core/src/session_lifecycle.rs"": ""8f18f0f321b19f0cd8d95a95c12ecefd97a6c18d3e6c4a4c8ff4409d7a0bd915"", ""crates/aikit-core/src/id.rs"": ""72d881f493757eda61580c4f30e7e9413efae2cc1d8f18ba4a3aab819a3bb93c"", ""crates/aikit-store/src/session_lifecycle.rs"": ""f44508fc81a0887c85a5c53656a3bdb6ceafe12a0bc319a39c1257e3215d04ee"", ""crates/aikit-cli/src/session_lifecycle_ops.rs"": ""343a07198d415dd27edc3663e028b87d80c80b43f8479689997c8b04ee70b994""}}, ""cli_exposure"": {""kind"": ""direct"", ""reason"": ""direct CLI leafs: the session lifecycle verb family.""}, ""cli_commands"": [""session lifecycle cancel"", ""session lifecycle end"", ""session lifecycle history"", ""session lifecycle list"", ""session lifecycle permission grant"", ""session lifecycle permission refuse"", ""session lifecycle permission request"", ""session lifecycle show"", ""session lifecycle start"", ""session lifecycle thinking""], ""last_reconciled_at"": ""2026-09-09T15:24:20.965016+00:00""}",
ai-kit,product:ai-kit,product:ai-kit:ProjectCentral/user/capability-matrix.csv,product:ai-kit:ProjectCentral/user/capability-matrix.json,0846e946147c7e99161fe732feb1ccfe60d8dc9fff527e831dd20019606c8794,f3e56acd29cdbb5f8ccdfdd315e15e15c12fcc5c6f072c46652801049baecc85,aikit,oi <namespace> forwards the native leaf path unchanged,"[""flow contemplate"",""flow preflight""]",cap.aikit.flow-cognition,capability,,,,[],"An owner-side typed Contemplate(FlowRef) reading that never auto-invokes, produced only from the existing explicit_flow_contemplate outcome after a deterministic preflight.","aikit flow preflight computes and discloses the deterministic preflight record as Explain evidence; aikit flow contemplate validates that exact record and, with a host-supplied executor, crosses the Living Knowledge aperture exactly once — without an executor the typed reading is explicitly unavailable, and a drifted or forged record is explicitly refused.",A successful Contemplate records exactly one familiarity/resource-use observation; explicit unavailable and refused states are first-class and never papered over with a guess.,Implemented source contract; aikit.flow-cognition/v1 typed reading in aikit-core with CLI preflight/contemplate operations and acceptance coverage.,implementation-fact,docs/FLOW.md#contemplateflowref,crates/aikit-core/src/flow_cognition.rs;crates/aikit-cli/src/app/flow_cognition.rs,crates/aikit-cli/tests/flow_cognition_acceptance.rs,aikit.html#q2/investigate,,,"{""basis"": ""Cradle wave owner seam: W1.4 Contemplate(FlowRef) typed reading (aikit.flow-cognition/v1) gated on the deterministic preflight record, with preflight never auto-invoking and contemplate explicit-unavailable without a host executor."", ""maintenance"": {""updated_at"": ""2026-09-09"", ""change_refs"": [""cradle-wave-owner-seams"", ""EpiLogos/ai-kit#259""], ""code_basis"": {""crates/aikit-core/src/flow_cognition.rs"": ""a8261069b8e74c71b096e7b638ac445d37a627b197434b2cd2a1460bdfccc2cf"", ""crates/aikit-cli/src/app/flow_cognition.rs"": ""cbfe53280c1aa55a63b5ba739482798b615866a822b8e805394ec36b168f2742""}}, ""cli_exposure"": {""kind"": ""direct"", ""reason"": ""direct CLI leafs: flow preflight, flow contemplate.""}, ""cli_commands"": [""flow contemplate"", ""flow preflight""], ""last_reconciled_at"": ""2026-09-09T15:24:20.965016+00:00""}",
ai-kit,product:ai-kit,product:ai-kit:ProjectCentral/user/capability-matrix.csv,product:ai-kit:ProjectCentral/user/capability-matrix.json,0846e946147c7e99161fe732feb1ccfe60d8dc9fff527e831dd20019606c8794,f3e56acd29cdbb5f8ccdfdd315e15e15c12fcc5c6f072c46652801049baecc85,aikit,oi <namespace> forwards the native leaf path unchanged,"[""flow changed-since""]",cap.aikit.flow-changed-since,capability,,,,[],"The W1.5 owner read of what changed relative to one durable Contemplate thought, carrying exactly the owner seams the thought was executed under — never inferred state.","aikit flow changed-since resolves the thought record from a successful Contemplate and reports the deterministic Living Knowledge impact read relative to it; a missing or drifted basis is an explicit error, not a guess.","Every changed-since answer is anchored to a recorded thought and its exact owner seams, replayable through log export.",Implemented source contract; aikit.flow-changed-since/v1 owner read in aikit-core with CLI coverage.,implementation-fact,docs/FLOW.md#living-knowledge,crates/aikit-core/src/flow_cognition.rs;crates/aikit-cli/src/app/flow_cognition.rs,crates/aikit-cli/tests/flow_cognition_acceptance.rs,aikit.html#q2/investigate,,,"{""basis"": ""Cradle wave owner seam: W1.5 changed-since-thought owner read (aikit.flow-changed-since/v1) derived only from the durable FlowThoughtRecord of an explicit Contemplate."", ""maintenance"": {""updated_at"": ""2026-09-09"", ""change_refs"": [""cradle-wave-owner-seams"", ""EpiLogos/ai-kit#259""], ""code_basis"": {""crates/aikit-core/src/flow_cognition.rs"": ""a8261069b8e74c71b096e7b638ac445d37a627b197434b2cd2a1460bdfccc2cf"", ""crates/aikit-cli/src/app/flow_cognition.rs"": ""cbfe53280c1aa55a63b5ba739482798b615866a822b8e805394ec36b168f2742""}}, ""cli_exposure"": {""kind"": ""direct"", ""reason"": ""direct CLI leaf: flow changed-since.""}, ""cli_commands"": [""flow changed-since""], ""last_reconciled_at"": ""2026-09-09T15:24:20.965016+00:00""}",
software-factory,product:software-factory,product:software-factory:ProjectCentral/user/capability-matrix.csv,product:software-factory:ProjectCentral/user/capability-matrix.json,13183c744134562428668e23a1f67dc8a20c4f436417de053fe521281f0b3a7c,877f6692c56b4bbf82df85f9eebaae9dfbda8f1ec4fcf4278b264a245b50d4bb,factory,oi <namespace> forwards the native leaf path unchanged,"[""build.snapshot"",""build.refresh"",""action.list"",""action.invoke"",""verify"",""development.project"",""development.journey"",""development.run"",""development.workflow-units"",""development.workflow-unit"",""development.execution-telemetry"",""development.action"",""development.observe"",""development.observations"",""development.commission"",""development.commission-read"",""development.mutate""]",cap.factory.native-cli,capability,,,,[],A developer or Agent needs a stable way to inspect and operate Factory.,"factory capabilities declares public contracts; build snapshot/refresh, bounded developmental reads, atomic Commission creation/read, closed workflow/Activity/Return/Recognition mutation, run development-ledger observation, Action invocation, and verify operate or validate native providers.","Native snapshots, Commission receipts/reads, closed mutation receipts and existing developmental readings remain usable from shell and machine clients without transferring Factory write ownership.","source-inspected; full Factory workspace tests, strict Clippy, formatting and native Draft 2020-12 Commission validation executed green 2026-09-09. The checked-in self-hosting state is native-CLI generated with ready/planned units and empty Agency/Execution; owner-world execution and desktop acceptance are not established.",agent-inference,../github-recovery-mirror/mirror/agent-system-design/issues/181.json;../github-recovery-mirror/mirror/agent-system-design/issues/181.comments.json,factory/src/cli.rs;factory/src/developmental_read.rs;factory/src/commission.rs,factory/src/commission.rs;scripts/validate_self_hosting_commission.py;contracts/factory/commission-request.schema.json;contracts/factory/commission.schema.json;contracts/factory/developmental-mutation.schema.json;contracts/factory/fixtures/oi-self-hosting-state.json,factory.html#q1/product,,,"{""basis"": ""Factory #201 self-hosting Commission is Factory-owned; Central composition evidence remains exact and membership-non-authoritative, and no execution is inferred."", ""converted_from_sha256"": ""99e4e8737c1c481bcd25a49a0a02f21cf3c34d78041d709e58fc566a5da0bf20"", ""cli_commands"": [""build.snapshot"", ""build.refresh"", ""action.list"", ""action.invoke"", ""verify"", ""development.project"", ""development.journey"", ""development.run"", ""development.workflow-units"", ""development.workflow-unit"", ""development.execution-telemetry"", ""development.action"", ""development.observe"", ""development.observations"", ""development.commission"", ""development.commission-read"", ""development.mutate""], ""cli_exposure"": {""kind"": ""direct"", ""reason"": ""The native factory executable declares and handles these command families.""}, ""maintenance"": {""updated_at"": ""2026-09-09"", ""change_refs"": [""codex:thread:01a07608-d2ec-7b10-9713-74c445adf8a5"", ""../github-recovery-mirror/mirror/agent-system-design/issues/181.json"", ""reconcile:factory-pr-194"", ""https://github.com/EpiLogos/agent-system-design/pull/202"", ""https://github.com/EpiLogos/agent-system-design/issues/199"", ""https://github.com/EpiLogos/Workcell/pull/64"", ""wiki-continuity:CASE-07-08-development-observation-surface"", ""https://github.com/EpiLogos/agent-system-design/issues/200"", ""https://github.com/EpiLogos/agent-system-design/issues/201""], ""code_basis"": {""factory/src/cli.rs"": ""ea9f9951b8ba7b05678ffe7d07b00cb233ffec293827f218a4af18f5d0dc45e4"", ""factory/src/developmental_read.rs"": ""408d946ffca86e1fbdd3fdd8d1fc04c09ea1cb07e7092fd882d4eaa4c46b6ec8"", ""scripts/validate_factory_interop.py"": ""d0efce769e0560ad2c0f0bfd072049b1b73bb999dd686f4b3c43bbb90b6a6d38"", ""factory/src/commission.rs"": ""72d8aaa658fcb77fa066719a95da83bff7945a336f14c05555ece222147ca54f"", ""scripts/validate_self_hosting_commission.py"": ""45c25f87500a1da1dcb6d389aaf784abd0c5b7797d90e0d247ccf5b9d489da0f""}}, ""last_reconciled_at"": ""2026-09-09T12:50:22.902293+00:00""}",
software-factory,product:software-factory,product:software-factory:ProjectCentral/user/capability-matrix.csv,product:software-factory:ProjectCentral/user/capability-matrix.json,13183c744134562428668e23a1f67dc8a20c4f436417de053fe521281f0b3a7c,877f6692c56b4bbf82df85f9eebaae9dfbda8f1ec4fcf4278b264a245b50d4bb,factory,oi <namespace> forwards the native leaf path unchanged,"[""build.snapshot"",""build.refresh"",""action.list"",""development.project"",""development.journey"",""development.run"",""development.workflow-units"",""development.workflow-unit"",""development.execution-telemetry""]",cap.factory.build-reading,capability,,,,[],A person needs the selected Project and Run’s current developmental state.,"FactoryBuildFileProvider and FactoryDevelopmentalFileProvider validate canonical Project/Journey/Run/WorkflowUnit relations and publish bounded reads, including an exact Commission relation over Factory-minted identity and retained non-authoritative Central provenance.","A Commission and its later owner-native workflow, Activity, Return or Recognition correlations survive reopen with atomic replay/conflict and tamper validation; no execution or external authority is inferred.","source-inspected; full Factory workspace tests, strict Clippy, formatting and real native-binary Commission/schema validation executed green 2026-09-09. The specimen proves persisted Factory state and truthful unfinished work, not owner-world execution.",agent-inference,../github-recovery-mirror/mirror/agent-system-design/issues/143.json;../github-recovery-mirror/mirror/agent-system-design/issues/143.comments.json,factory/src/build_provider.rs;factory/src/developmental_read.rs;factory/src/commission.rs,factory/src/commission.rs;scripts/validate_self_hosting_commission.py;contracts/factory/commission.schema.json;contracts/factory/developmental-mutation.schema.json;contracts/factory/fixtures/oi-self-hosting-state.json,factory.html#q1/product,,,"{""basis"": ""Factory #201 self-hosting Commission is Factory-owned; Central composition evidence remains exact and membership-non-authoritative, and no execution is inferred."", ""converted_from_sha256"": ""99e4e8737c1c481bcd25a49a0a02f21cf3c34d78041d709e58fc566a5da0bf20"", ""cli_commands"": [""build.snapshot"", ""build.refresh"", ""action.list"", ""development.project"", ""development.journey"", ""development.run"", ""development.workflow-units"", ""development.workflow-unit"", ""development.execution-telemetry""], ""cli_exposure"": {""kind"": ""direct"", ""reason"": ""Native commands return bounded owner readings over persisted source-backed state.""}, ""maintenance"": {""updated_at"": ""2026-09-09"", ""change_refs"": [""codex:thread:01a07608-d2ec-7b10-9713-74c445adf8a5"", ""../github-recovery-mirror/mirror/agent-system-design/issues/143.json"", ""reconcile:factory-pr-194"", ""https://github.com/EpiLogos/agent-system-design/pull/202"", ""https://github.com/EpiLogos/agent-system-design/issues/199"", ""https://github.com/EpiLogos/Workcell/pull/64"", ""https://github.com/EpiLogos/agent-system-design/issues/200"", ""https://github.com/EpiLogos/agent-system-design/issues/201""], ""code_basis"": {""factory/src/build_provider.rs"": ""527ce717e1f48a394385ddd9cd489b8b5b5c318c621162492df8ce72da83eab5"", ""factory/src/developmental_read.rs"": ""408d946ffca86e1fbdd3fdd8d1fc04c09ea1cb07e7092fd882d4eaa4c46b6ec8"", ""scripts/validate_factory_interop.py"": ""d0efce769e0560ad2c0f0bfd072049b1b73bb999dd686f4b3c43bbb90b6a6d38"", ""factory/src/commission.rs"": ""72d8aaa658fcb77fa066719a95da83bff7945a336f14c05555ece222147ca54f"", ""scripts/validate_self_hosting_commission.py"": ""45c25f87500a1da1dcb6d389aaf784abd0c5b7797d90e0d247ccf5b9d489da0f""}}, ""last_reconciled_at"": ""2026-09-09T12:50:22.902293+00:00""}",
software-factory,product:software-factory,product:software-factory:ProjectCentral/user/capability-matrix.csv,product:software-factory:ProjectCentral/user/capability-matrix.json,13183c744134562428668e23a1f67dc8a20c4f436417de053fe521281f0b3a7c,877f6692c56b4bbf82df85f9eebaae9dfbda8f1ec4fcf4278b264a245b50d4bb,factory,oi <namespace> forwards the native leaf path unchanged,"[""development.admit-routine-continuation"",""development.routine-continuation"",""conformance.developmental-state""]",cap.factory.journey-continuity,capability,,,,[],A continuing outcome needs to outlive one bounded Run or session.,"Journey records participants, linked Runs, frontier, Activity, Return and Recognition; accepted AIKit evidence can continue it, while a versioned Factory Commission can atomically create or append its first bounded Run under Factory ownership.",One continuing identity preserves exact Central membership provenance as non-authoritative evidence and later owner-native correlations without converting any of them into Actuation or execution authority.,"source-inspected; full Factory workspace and real native-binary Commission tests executed green 2026-09-09 across create/reopen, concurrent duplicate, replay conflict, foreign refs, late-failure rollback and persisted-effect tamper detection. Owner-world execution remains external.",agent-inference,../github-recovery-mirror/mirror/agent-system-design/issues/168.json;../github-recovery-mirror/mirror/agent-system-design/issues/168.comments.json;contracts/factory/routine-continuation-source-lock.json;contracts/factory/upstream/aikit.routine-invocation-evidence.v1.schema.json,factory/src/journey.rs;factory/src/routine_continuation.rs;factory/src/developmental_read.rs;factory/src/conformance.rs;factory/src/commission.rs,factory/tests/routine_continuation.rs;factory/tests/developmental_conformance.rs;factory/src/commission.rs;scripts/validate_self_hosting_commission.py,factory.html#q1/continuity,,,"{""basis"": ""Factory #201 self-hosting Commission is Factory-owned; Central composition evidence remains exact and membership-non-authoritative, and no execution is inferred."", ""cli_commands"": [""development.admit-routine-continuation"", ""development.routine-continuation"", ""conformance.developmental-state""], ""cli_exposure"": {""kind"": ""direct"", ""reason"": ""The native Factory executable admits and explains the relation and generates validated conformance provider state.""}, ""maintenance"": {""updated_at"": ""2026-09-09"", ""change_refs"": [""../github-recovery-mirror/mirror/agent-system-design/issues/168.json"", ""https://github.com/EpiLogos/agent-system-design/issues/200"", ""https://github.com/EpiLogos/ai-kit/pull/251"", ""https://github.com/EpiLogos/agent-system-design/issues/201""], ""code_basis"": {""factory/src/journey.rs"": ""e91d5e20d9cf61fa47466c2122fd5d1f2a7c2eb7bff70e4e65a2968c55d248c2"", ""factory/src/routine_continuation.rs"": ""ff14fa4c1bb0c4b094891fb46236a341bb2a907cb479d1a253f21d4bda33355f"", ""factory/src/developmental_read.rs"": ""408d946ffca86e1fbdd3fdd8d1fc04c09ea1cb07e7092fd882d4eaa4c46b6ec8"", ""factory/src/conformance.rs"": ""483b758ac3b830e235e756386bca53ab6fe23787f35829947618874384552556"", ""factory/src/commission.rs"": ""72d8aaa658fcb77fa066719a95da83bff7945a336f14c05555ece222147ca54f"", ""scripts/validate_self_hosting_commission.py"": ""45c25f87500a1da1dcb6d389aaf784abd0c5b7797d90e0d247ccf5b9d489da0f""}}, ""last_reconciled_at"": ""2026-09-09T12:48:09.132196+00:00""}",
software-factory,product:software-factory,product:software-factory:ProjectCentral/user/capability-matrix.csv,product:software-factory:ProjectCentral/user/capability-matrix.json,13183c744134562428668e23a1f67dc8a20c4f436417de053fe521281f0b3a7c,877f6692c56b4bbf82df85f9eebaae9dfbda8f1ec4fcf4278b264a245b50d4bb,factory,oi <namespace> forwards the native leaf path unchanged,[],cap.factory.run-map,capability,,,,[],A developer needs an inspectable transformation whose identity survives execution changes.,Factory compiles source-owned workflow units into the canonical RunMap and coordinates admissible serial/fork execution through Run mutation authority and Execution Intelligence dispositions.,"Stable unit identity survives runtime-carrier changes; atomic fork admission, one-writer law, complete barriers, distinct interruption states, retained retry history, evidence-bearing synthesis and independent-review lineage fail closed.",source-inspected; Factory all-target suite (155 tests including 15 adversarial orchestration tests) and strict Clippy executed green 2026-09-08. External provider/process/Workcell execution and desktop acceptance are not established.,agent-inference,../github-recovery-mirror/mirror/agent-system-design/issues/4.json;../github-recovery-mirror/mirror/agent-system-design/issues/4.comments.json,factory/src/core/run/model.rs;factory/src/core/run/topology.rs;factory/src/workflow.rs;factory/src/orchestration.rs,factory/tests/run_map.rs;factory/tests/workflow.rs;factory/tests/orchestration.rs;contracts/factory/agent-workflow-source.schema.json;contracts/factory/fixtures/agent-workflow-source.json,factory.html#q1/continuity,,,"{""basis"": ""Source-recovered capability account reconciled against implemented #197 compilation and #198 executable orchestration semantics."", ""converted_from_sha256"": ""99e4e8737c1c481bcd25a49a0a02f21cf3c34d78041d709e58fc566a5da0bf20"", ""cli_commands"": [], ""cli_exposure"": {""kind"": ""library"", ""reason"": ""Workflow compilation and orchestration are native domain contracts; public Run and WorkflowUnit readings expose the resulting topology and source relations.""}, ""maintenance"": {""updated_at"": ""2026-09-08"", ""change_refs"": [""codex:thread:01a07608-d2ec-7b10-9713-74c445adf8a5"", ""../github-recovery-mirror/mirror/agent-system-design/issues/4.json"", ""reconcile:factory-pr-194"", ""https://github.com/EpiLogos/agent-system-design/issues/197"", ""https://github.com/EpiLogos/agent-system-design/issues/198""], ""code_basis"": {""factory/src/core/run/model.rs"": ""a1f4606fbfa0ef4c253ef5580e18a54dcdecf17f203eb47b6a9550a27d64ba1c"", ""factory/src/core/run/topology.rs"": ""930b4d55ebabba4f447ba6225d19d4b3f6a755a99bfc83baedef43f347452c82"", ""factory/src/workflow.rs"": ""7217067b307e062e56d0c45bbfa5d0a5746b7d66ecd868cd7eb7555db0d0db80"", ""factory/src/orchestration.rs"": ""df4f8e7eda334893af0b7cbd2fc4d2e005df5fa590d3dcbb52e93ffd43671866""}}, ""last_reconciled_at"": ""2026-09-08T21:53:25.671989+00:00""}",
software-factory,product:software-factory,product:software-factory:ProjectCentral/user/capability-matrix.csv,product:software-factory:ProjectCentral/user/capability-matrix.json,13183c744134562428668e23a1f67dc8a20c4f436417de053fe521281f0b3a7c,877f6692c56b4bbf82df85f9eebaae9dfbda8f1ec4fcf4278b264a245b50d4bb,factory,oi <namespace> forwards the native leaf path unchanged,[],cap.factory.build-evidence,capability,,,,[],A reviewer needs the reasons bearing upon a proposed result.,"FactoryBuildState projects Candidate, Claim, Evidence and HumanRequest relations.",The Build consumer can follow native epistemic subjects without substituting trace detail.,source-inspected; Native source and test definitions inspected 2026-09-06. Tests were not executed in this documentation pass; owner-world and desktop acceptance are not established.,agent-inference,../github-recovery-mirror/mirror/agent-system-design/issues/143.json;../github-recovery-mirror/mirror/agent-system-design/issues/143.comments.json,factory/src/build.rs,factory/tests/build_live.rs,factory.html#q1/epistemics,,,"{""basis"": ""Source-recovered capability account; original verification limits retained in Markdown."", ""converted_from_sha256"": ""99e4e8737c1c481bcd25a49a0a02f21cf3c34d78041d709e58fc566a5da0bf20"", ""cli_commands"": [], ""cli_exposure"": {""kind"": ""composed"", ""reason"": ""Build snapshots may contain native evidence subjects, but the CLI declares no evidence-specific command.""}, ""maintenance"": {""updated_at"": ""2026-09-09"", ""change_refs"": [""codex:thread:01a07608-d2ec-7b10-9713-74c445adf8a5"", ""../github-recovery-mirror/mirror/agent-system-design/issues/143.json"", ""reconcile:factory-pr-194"", ""https://github.com/EpiLogos/agent-system-design/issues/200""], ""code_basis"": {""factory/src/build.rs"": ""5aa0b1b3564283d9dee2bc5a61b161a596bbfc55af551293eb0292ed9cf5f119""}}, ""last_reconciled_at"": ""2026-09-09T11:53:49.067727+00:00""}",
software-factory,product:software-factory,product:software-factory:ProjectCentral/user/capability-matrix.csv,product:software-factory:ProjectCentral/user/capability-matrix.json,13183c744134562428668e23a1f67dc8a20c4f436417de053fe521281f0b3a7c,877f6692c56b4bbf82df85f9eebaae9dfbda8f1ec4fcf4278b264a245b50d4bb,factory,oi <namespace> forwards the native leaf path unchanged,[],cap.factory.structural-ground,capability,,,,[],A target with authored relational identity needs development faithful to that ground.,"StructuralGround validates source-owned identities, relations and provider evidence.",Missing or stale structure can be disclosed before feature-local decomposition replaces its source.,source-inspected; Native source and test definitions inspected 2026-09-06. Tests were not executed in this documentation pass; owner-world and desktop acceptance are not established.,agent-inference,../github-recovery-mirror/mirror/agent-system-design/issues/156.json;../github-recovery-mirror/mirror/agent-system-design/issues/156.comments.json,factory/src/structural_ground.rs,factory/tests/source_ground.rs;factory/tests/epi_holographic_structural_ground.rs,factory.html#q0/ground,,,"{""basis"": ""Source-recovered capability account; original verification limits retained in Markdown."", ""converted_from_sha256"": ""99e4e8737c1c481bcd25a49a0a02f21cf3c34d78041d709e58fc566a5da0bf20"", ""cli_commands"": [], ""cli_exposure"": {""kind"": ""library"", ""reason"": ""Structural-ground validation has native code but no declared CLI command.""}, ""maintenance"": {""updated_at"": ""2026-09-08"", ""change_refs"": [""codex:thread:01a07608-d2ec-7b10-9713-74c445adf8a5"", ""../github-recovery-mirror/mirror/agent-system-design/issues/156.json"", ""reconcile:factory-pr-194""], ""code_basis"": {""factory/src/structural_ground.rs"": ""37ff1583b95e7fdbe42c9c35c8692422bb762a4e4a012d9191d6f6f27e4fb060""}}, ""last_reconciled_at"": ""2026-09-08T11:52:07.186089+00:00""}",
software-factory,product:software-factory,product:software-factory:ProjectCentral/user/capability-matrix.csv,product:software-factory:ProjectCentral/user/capability-matrix.json,13183c744134562428668e23a1f67dc8a20c4f436417de053fe521281f0b3a7c,877f6692c56b4bbf82df85f9eebaae9dfbda8f1ec4fcf4278b264a245b50d4bb,factory,oi <namespace> forwards the native leaf path unchanged,[],cap.factory.journey-commission,capability,,,,[],A person needs a named collaborator to carry a continuing developmental responsibility.,"JourneyCommissionState records accountable subjects, state, handoffs and Recognition attention.",The continuing responsibility stays readable apart from session lifecycle and invocation authority.,source-inspected; Native source and test definitions inspected 2026-09-06. Tests were not executed in this documentation pass; owner-world and desktop acceptance are not established.,agent-inference,../github-recovery-mirror/mirror/agent-system-design/issues/176.json;../github-recovery-mirror/mirror/agent-system-design/issues/176.comments.json,factory/src/journey_commission.rs,factory/src/journey_commission.rs,factory.html#q2/commission,,,"{""basis"": ""Source-recovered capability account; original verification limits retained in Markdown."", ""converted_from_sha256"": ""99e4e8737c1c481bcd25a49a0a02f21cf3c34d78041d709e58fc566a5da0bf20"", ""cli_commands"": [], ""cli_exposure"": {""kind"": ""library"", ""reason"": ""Journey commission has native code but no declared CLI command.""}, ""maintenance"": {""updated_at"": ""2026-09-08"", ""change_refs"": [""codex:thread:01a07608-d2ec-7b10-9713-74c445adf8a5"", ""../github-recovery-mirror/mirror/agent-system-design/issues/176.json"", ""EpiLogos/agent-system-design#188"", ""reconcile:factory-pr-194""], ""code_basis"": {""factory/src/journey_commission.rs"": ""a424c3be7b85a1616106dc8cfc38c8a3e65ae762657e6bb82a2b9660f5b74b05""}}, ""last_reconciled_at"": ""2026-09-08T11:52:07.186089+00:00""}",
software-factory,product:software-factory,product:software-factory:ProjectCentral/user/capability-matrix.csv,product:software-factory:ProjectCentral/user/capability-matrix.json,13183c744134562428668e23a1f67dc8a20c4f436417de053fe521281f0b3a7c,877f6692c56b4bbf82df85f9eebaae9dfbda8f1ec4fcf4278b264a245b50d4bb,factory,oi <namespace> forwards the native leaf path unchanged,[],cap.factory.bounded-intent,capability,,,,[],A Run needs the exact intended difference and operative context it answers to.,"ProjectDevelopmentLedger.set_intent retains native source, success criteria and ContextResolution references.",Development has an attributable basis and replacing the intent clears its previous return.,source-inspected; Native source and test definitions inspected 2026-09-06. Tests were not executed in this documentation pass; owner-world and desktop acceptance are not established.,agent-inference,../github-recovery-mirror/mirror/agent-system-design/issues/174.json;../github-recovery-mirror/mirror/agent-system-design/issues/174.comments.json,factory/src/project_development.rs,factory/tests/project_context_intent.rs,factory.html#q2/implement,,,"{""basis"": ""Source-recovered capability account; original verification limits retained in Markdown."", ""converted_from_sha256"": ""99e4e8737c1c481bcd25a49a0a02f21cf3c34d78041d709e58fc566a5da0bf20"", ""cli_commands"": [], ""cli_exposure"": {""kind"": ""library"", ""reason"": ""Bounded intent has native ledger code but no declared CLI command.""}, ""maintenance"": {""updated_at"": ""2026-09-08"", ""change_refs"": [""codex:thread:01a07608-d2ec-7b10-9713-74c445adf8a5"", ""../github-recovery-mirror/mirror/agent-system-design/issues/174.json"", ""reconcile:factory-pr-194"", ""https://github.com/EpiLogos/agent-system-design/pull/203""], ""code_basis"": {""factory/src/project_development.rs"": ""05a695ddfc500e01302f463fc4ec42d6f7f87a61f4c37a5c6e9a217ccde7bf57""}}, ""last_reconciled_at"": ""2026-09-08T20:51:59.447156+00:00""}",
software-factory,product:software-factory,product:software-factory:ProjectCentral/user/capability-matrix.csv,product:software-factory:ProjectCentral/user/capability-matrix.json,13183c744134562428668e23a1f67dc8a20c4f436417de053fe521281f0b3a7c,877f6692c56b4bbf82df85f9eebaae9dfbda8f1ec4fcf4278b264a245b50d4bb,factory,oi <namespace> forwards the native leaf path unchanged,[],cap.factory.git-development,capability,,,,[],A change needs an exact source base and isolated material correlation.,"GitDevelopmentRegistry pins a base, binds or rebinds material worktrees and records returned differences.",Run and Candidate lineage survive material changes while returned evidence identifies its base.,source-inspected; Native source and test definitions inspected 2026-09-06. Tests were not executed in this documentation pass; owner-world and desktop acceptance are not established.,agent-inference,../github-recovery-mirror/mirror/agent-system-design/issues/170.json;../github-recovery-mirror/mirror/agent-system-design/issues/170.comments.json,factory/src/git_development.rs,factory/src/git_development.rs,factory.html#q2/implement,,,"{""basis"": ""Source-recovered capability account; original verification limits retained in Markdown."", ""converted_from_sha256"": ""99e4e8737c1c481bcd25a49a0a02f21cf3c34d78041d709e58fc566a5da0bf20"", ""cli_commands"": [], ""cli_exposure"": {""kind"": ""library"", ""reason"": ""Git-development registration has native code but no declared CLI command.""}, ""maintenance"": {""updated_at"": ""2026-09-08"", ""change_refs"": [""codex:thread:01a07608-d2ec-7b10-9713-74c445adf8a5"", ""../github-recovery-mirror/mirror/agent-system-design/issues/170.json"", ""reconcile:factory-pr-194""], ""code_basis"": {""factory/src/git_development.rs"": ""2ebc9473dea88891bdccee7ce8ca140d18120573184c29a6331fc188a41da64c""}}, ""last_reconciled_at"": ""2026-09-08T11:52:07.186089+00:00""}",
software-factory,product:software-factory,product:software-factory:ProjectCentral/user/capability-matrix.csv,product:software-factory:ProjectCentral/user/capability-matrix.json,13183c744134562428668e23a1f67dc8a20c4f436417de053fe521281f0b3a7c,877f6692c56b4bbf82df85f9eebaae9dfbda8f1ec4fcf4278b264a245b50d4bb,factory,oi <namespace> forwards the native leaf path unchanged,[],cap.factory.intent-return,capability,,,,[],A reviewer needs to know whether the stated criteria were met.,"set_intent_return validates criterion/source/context identity and derives satisfied, unsatisfied or indeterminate.",Conclusive criteria require evidence and incomplete coverage stays indeterminate.,source-inspected; Native source and test definitions inspected 2026-09-06. Tests were not executed in this documentation pass; owner-world and desktop acceptance are not established.,agent-inference,../github-recovery-mirror/mirror/agent-system-design/issues/174.json;../github-recovery-mirror/mirror/agent-system-design/issues/174.comments.json,factory/src/project_development.rs,factory/tests/project_context_intent.rs,factory.html#q2/implement,,,"{""basis"": ""Source-recovered capability account; original verification limits retained in Markdown."", ""converted_from_sha256"": ""99e4e8737c1c481bcd25a49a0a02f21cf3c34d78041d709e58fc566a5da0bf20"", ""cli_commands"": [], ""cli_exposure"": {""kind"": ""library"", ""reason"": ""Intent return has native ledger code but no declared CLI command.""}, ""maintenance"": {""updated_at"": ""2026-09-08"", ""change_refs"": [""codex:thread:01a07608-d2ec-7b10-9713-74c445adf8a5"", ""../github-recovery-mirror/mirror/agent-system-design/issues/174.json"", ""reconcile:factory-pr-194"", ""https://github.com/EpiLogos/agent-system-design/pull/203""], ""code_basis"": {""factory/src/project_development.rs"": ""05a695ddfc500e01302f463fc4ec42d6f7f87a61f4c37a5c6e9a217ccde7bf57""}}, ""last_reconciled_at"": ""2026-09-08T20:51:59.447156+00:00""}",
software-factory,product:software-factory,product:software-factory:ProjectCentral/user/capability-matrix.csv,product:software-factory:ProjectCentral/user/capability-matrix.json,13183c744134562428668e23a1f67dc8a20c4f436417de053fe521281f0b3a7c,877f6692c56b4bbf82df85f9eebaae9dfbda8f1ec4fcf4278b264a245b50d4bb,factory,oi <namespace> forwards the native leaf path unchanged,[],cap.factory.request-evidence,capability,,,,[],A reviewer needs additional support for a developmental decision.,The canonical request-evidence Action checks capability and authority then creates a HumanRequest.,The result advances persistent native state; failed authority does not mutate it.,source-inspected; Native source and test definitions inspected 2026-09-06. Tests were not executed in this documentation pass; owner-world and desktop acceptance are not established.,agent-inference,../github-recovery-mirror/mirror/agent-system-design/issues/143.json;../github-recovery-mirror/mirror/agent-system-design/issues/143.comments.json,factory/src/build.rs,factory/tests/build_live.rs;factory/tests/build_file_provider.rs,factory.html#q2/encounter,,,"{""basis"": ""Source-recovered capability account; original verification limits retained in Markdown."", ""converted_from_sha256"": ""99e4e8737c1c481bcd25a49a0a02f21cf3c34d78041d709e58fc566a5da0bf20"", ""cli_commands"": [], ""cli_exposure"": {""kind"": ""composed"", ""reason"": ""The currently projected request-evidence Action can be invoked through action.invoke only when native state exposes and authorises it; it is not a declared command ID.""}, ""maintenance"": {""updated_at"": ""2026-09-09"", ""change_refs"": [""codex:thread:01a07608-d2ec-7b10-9713-74c445adf8a5"", ""../github-recovery-mirror/mirror/agent-system-design/issues/143.json"", ""reconcile:factory-pr-194"", ""https://github.com/EpiLogos/agent-system-design/issues/200""], ""code_basis"": {""factory/src/build.rs"": ""5aa0b1b3564283d9dee2bc5a61b161a596bbfc55af551293eb0292ed9cf5f119""}}, ""last_reconciled_at"": ""2026-09-09T11:53:49.067727+00:00""}",
software-factory,product:software-factory,product:software-factory:ProjectCentral/user/capability-matrix.csv,product:software-factory:ProjectCentral/user/capability-matrix.json,13183c744134562428668e23a1f67dc8a20c4f436417de053fe521281f0b3a7c,877f6692c56b4bbf82df85f9eebaae9dfbda8f1ec4fcf4278b264a245b50d4bb,factory,oi <namespace> forwards the native leaf path unchanged,[],cap.factory.cognitive-reading,capability,,,,[],A collaborator needs relevant retained thought without reading every session.,"FactoryBuildCognitiveFocus filters by subject, producer, anchor, related reference and lifecycle.",A source-backed cognitive reading remains related to the Run and native thought identities.,source-inspected; Native source and test definitions inspected 2026-09-06. Tests were not executed in this documentation pass; owner-world and desktop acceptance are not established.,agent-inference,../github-recovery-mirror/mirror/agent-system-design/issues/163.json;../github-recovery-mirror/mirror/agent-system-design/issues/163.comments.json,factory/src/build_cognitive.rs,factory/tests/build_cognitive.rs,factory.html#q3/thought,,,"{""basis"": ""Source-recovered capability account; original verification limits retained in Markdown."", ""converted_from_sha256"": ""99e4e8737c1c481bcd25a49a0a02f21cf3c34d78041d709e58fc566a5da0bf20"", ""cli_commands"": [], ""cli_exposure"": {""kind"": ""library"", ""reason"": ""Cognitive reading has native code but no declared CLI command.""}, ""maintenance"": {""updated_at"": ""2026-09-08"", ""change_refs"": [""codex:thread:01a07608-d2ec-7b10-9713-74c445adf8a5"", ""../github-recovery-mirror/mirror/agent-system-design/issues/163.json"", ""reconcile:factory-pr-194""], ""code_basis"": {""factory/src/build_cognitive.rs"": ""47d1298f7b9710bd5e216c206435d23a9543c5b9e612fd6e18d7a90ca0eb42d2""}}, ""last_reconciled_at"": ""2026-09-08T11:52:07.186089+00:00""}",
software-factory,product:software-factory,product:software-factory:ProjectCentral/user/capability-matrix.csv,product:software-factory:ProjectCentral/user/capability-matrix.json,13183c744134562428668e23a1f67dc8a20c4f436417de053fe521281f0b3a7c,877f6692c56b4bbf82df85f9eebaae9dfbda8f1ec4fcf4278b264a245b50d4bb,factory,oi <namespace> forwards the native leaf path unchanged,"[""development.observe"",""development.observations""]",cap.factory.owner-return,capability,,,,[],An implementation finding needs to pressure the proper source or praxis owner.,"The development ledger retains observations, reflection anchors and owner-return proposals.",The review can follow code back to source and route a proposed change without silently mutating foreign ground.,source-inspected; Native source and test definitions inspected 2026-09-06. Tests were not executed in this documentation pass; owner-world and desktop acceptance are not established.,agent-inference,../github-recovery-mirror/mirror/agent-system-design/issues/155.json;../github-recovery-mirror/mirror/agent-system-design/issues/155.comments.json,factory/src/project_development.rs,factory/tests/project_development.rs;factory/tests/development_observation_cli.rs,factory.html#q2/return,,,"{""basis"": ""Source-recovered capability account; original verification limits retained in Markdown."", ""converted_from_sha256"": ""99e4e8737c1c481bcd25a49a0a02f21cf3c34d78041d709e58fc566a5da0bf20"", ""cli_commands"": [""development.observe"", ""development.observations""], ""cli_exposure"": {""kind"": ""direct"", ""reason"": ""factory development observe records an observation with its owner-return proposal; factory development observations reads the open ones back.""}, ""maintenance"": {""updated_at"": ""2026-09-09"", ""change_refs"": [""codex:thread:01a07608-d2ec-7b10-9713-74c445adf8a5"", ""../github-recovery-mirror/mirror/agent-system-design/issues/155.json"", ""reconcile:factory-pr-194"", ""https://github.com/EpiLogos/agent-system-design/pull/203"", ""wiki-continuity:CASE-07-08-development-observation-surface""], ""code_basis"": {""factory/src/project_development.rs"": ""05a695ddfc500e01302f463fc4ec42d6f7f87a61f4c37a5c6e9a217ccde7bf57""}}, ""last_reconciled_at"": ""2026-09-09T10:37:39.544599+00:00""}",
software-factory,product:software-factory,product:software-factory:ProjectCentral/user/capability-matrix.csv,product:software-factory:ProjectCentral/user/capability-matrix.json,13183c744134562428668e23a1f67dc8a20c4f436417de053fe521281f0b3a7c,877f6692c56b4bbf82df85f9eebaae9dfbda8f1ec4fcf4278b264a245b50d4bb,factory,oi <namespace> forwards the native leaf path unchanged,"[""development.observe"",""development.observations""]",cap.factory.development-persistence,capability,,,,[],A later process needs the actual Run context and findings.,FileProjectDevelopmentStore saves and reloads the existing ledger with identity and version validation.,Developmental state survives reopening; a missing record stays absent.,source-inspected; Native source and test definitions inspected 2026-09-06. Tests were not executed in this documentation pass; owner-world and desktop acceptance are not established.,agent-inference,../github-recovery-mirror/mirror/agent-system-design/issues/174.json;../github-recovery-mirror/mirror/agent-system-design/issues/174.comments.json,factory/src/project_development_store.rs,factory/tests/project_development_persistence.rs;factory/tests/development_observation_cli.rs,factory.html#q4/reentry,,,"{""basis"": ""Source-recovered capability account; original verification limits retained in Markdown."", ""converted_from_sha256"": ""99e4e8737c1c481bcd25a49a0a02f21cf3c34d78041d709e58fc566a5da0bf20"", ""cli_commands"": [""development.observe"", ""development.observations""], ""cli_exposure"": {""kind"": ""direct"", ""reason"": ""The ledger the observe/observations commands read and write is this store; the same file loads back through FileProjectDevelopmentStore.""}, ""maintenance"": {""updated_at"": ""2026-09-09"", ""change_refs"": [""codex:thread:01a07608-d2ec-7b10-9713-74c445adf8a5"", ""../github-recovery-mirror/mirror/agent-system-design/issues/174.json"", ""reconcile:factory-pr-194"", ""wiki-continuity:CASE-07-08-development-observation-surface""], ""code_basis"": {""factory/src/project_development_store.rs"": ""59ed443133d058af04e9207aa20da8cbd40f38e939a36d8ab649c0aa4d3d34e6""}}, ""last_reconciled_at"": ""2026-09-09T10:37:39.544599+00:00""}",
software-factory,product:software-factory,product:software-factory:ProjectCentral/user/capability-matrix.csv,product:software-factory:ProjectCentral/user/capability-matrix.json,13183c744134562428668e23a1f67dc8a20c4f436417de053fe521281f0b3a7c,877f6692c56b4bbf82df85f9eebaae9dfbda8f1ec4fcf4278b264a245b50d4bb,factory,oi <namespace> forwards the native leaf path unchanged,[],cap.factory.praxis-condition,capability,,,,[],Development needs an attributable account of how its Agent actually worked.,"The development ledger retains external METHOD-classified Skill, body and context conditions and capability rows.",Evidence can qualify the actual operative condition without making Factory the resolver.,source-inspected; Native source and test definitions inspected 2026-09-06. Tests were not executed in this documentation pass; owner-world and desktop acceptance are not established.,agent-inference,../github-recovery-mirror/mirror/agent-system-design/issues/155.json;../github-recovery-mirror/mirror/agent-system-design/issues/155.comments.json,factory/src/project_development.rs,factory/tests/project_development.rs,factory.html#q3/owners,,,"{""basis"": ""Source-recovered capability account; original verification limits retained in Markdown."", ""converted_from_sha256"": ""99e4e8737c1c481bcd25a49a0a02f21cf3c34d78041d709e58fc566a5da0bf20"", ""cli_commands"": [], ""cli_exposure"": {""kind"": ""library"", ""reason"": ""Praxis conditions have native ledger code but no declared CLI command.""}, ""maintenance"": {""updated_at"": ""2026-09-08"", ""change_refs"": [""codex:thread:01a07608-d2ec-7b10-9713-74c445adf8a5"", ""../github-recovery-mirror/mirror/agent-system-design/issues/155.json"", ""reconcile:factory-pr-194"", ""https://github.com/EpiLogos/agent-system-design/pull/203""], ""code_basis"": {""factory/src/project_development.rs"": ""05a695ddfc500e01302f463fc4ec42d6f7f87a61f4c37a5c6e9a217ccde7bf57""}}, ""last_reconciled_at"": ""2026-09-08T20:51:59.447156+00:00""}",
software-factory,product:software-factory,product:software-factory:ProjectCentral/user/capability-matrix.csv,product:software-factory:ProjectCentral/user/capability-matrix.json,13183c744134562428668e23a1f67dc8a20c4f436417de053fe521281f0b3a7c,877f6692c56b4bbf82df85f9eebaae9dfbda8f1ec4fcf4278b264a245b50d4bb,factory,oi <namespace> forwards the native leaf path unchanged,"[""action.list"",""action.invoke"",""development.action""]",cap.factory.action-projection,capability,,,,[],Different clients must operate the same developmental subject under the same authority.,execute_projected_factory_action validates projection lineage and invokes the native handler.,"Headless and native CLI paths retain subject, caller and authority in the returned receipt.","source-inspected; native CLI integration evidence executed 2026-09-06 (cargo test --test cli --test native_cli: 7 passed) covers projected invocation, rejection and persisted receipt parity. Owner-world and desktop acceptance are not established.",agent-inference,../github-recovery-mirror/mirror/agent-system-design/issues/181.json;../github-recovery-mirror/mirror/agent-system-design/issues/181.comments.json,factory/src/action_projection.rs,factory/tests/action_projection.rs;factory/tests/native_cli.rs,factory.html#q3/contracts,,,"{""basis"": ""Source-recovered capability account; original verification limits retained in Markdown."", ""converted_from_sha256"": ""99e4e8737c1c481bcd25a49a0a02f21cf3c34d78041d709e58fc566a5da0bf20"", ""cli_commands"": [""action.list"", ""action.invoke"", ""development.action""], ""cli_exposure"": {""kind"": ""direct"", ""reason"": ""The native command lists selected Actions and invokes a projected Action through the canonical provider.""}, ""maintenance"": {""updated_at"": ""2026-09-08"", ""change_refs"": [""codex:thread:01a07608-d2ec-7b10-9713-74c445adf8a5"", ""../github-recovery-mirror/mirror/agent-system-design/issues/181.json"", ""reconcile:factory-pr-194"", ""https://github.com/EpiLogos/agent-system-design/pull/202""], ""code_basis"": {""factory/src/action_projection.rs"": ""3a6c9e38128fe4db368dff902377a948dc903b5a7a621ae18137dae9f5cd54e0""}}, ""last_reconciled_at"": ""2026-09-08T20:47:45.011637+00:00""}",
software-factory,product:software-factory,product:software-factory:ProjectCentral/user/capability-matrix.csv,product:software-factory:ProjectCentral/user/capability-matrix.json,13183c744134562428668e23a1f67dc8a20c4f436417de053fe521281f0b3a7c,877f6692c56b4bbf82df85f9eebaae9dfbda8f1ec4fcf4278b264a245b50d4bb,factory,oi <namespace> forwards the native leaf path unchanged,[],cap.factory.run-thought,capability,,,,[],Developmental reasoning must remain attributable beyond a single session.,"Run retains typed source-backed thought with producer, passage anchors and Run-local identity.",Multiple sessions contribute without cross-Run leakage or duplicate retention.,source-inspected; Native source and test definitions inspected 2026-09-06. Tests were not executed in this documentation pass; owner-world and desktop acceptance are not established.,agent-inference,../github-recovery-mirror/mirror/agent-system-design/issues/163.json;../github-recovery-mirror/mirror/agent-system-design/issues/163.comments.json,factory/src/core/run/thought.rs,factory/tests/run_thought.rs;factory/tests/build_cognitive_write.rs,factory.html#q3/thought,,,"{""basis"": ""Source-recovered capability account; original verification limits retained in Markdown."", ""converted_from_sha256"": ""99e4e8737c1c481bcd25a49a0a02f21cf3c34d78041d709e58fc566a5da0bf20"", ""cli_commands"": [], ""cli_exposure"": {""kind"": ""library"", ""reason"": ""Run thought has native domain code but no declared CLI command.""}, ""maintenance"": {""updated_at"": ""2026-09-08"", ""change_refs"": [""codex:thread:01a07608-d2ec-7b10-9713-74c445adf8a5"", ""../github-recovery-mirror/mirror/agent-system-design/issues/163.json"", ""reconcile:factory-pr-194""], ""code_basis"": {""factory/src/core/run/thought.rs"": ""d142a69299b63cf0dd9f9699217fd7fc5302a782e192cee7987ac7174225882f""}}, ""last_reconciled_at"": ""2026-09-08T11:52:07.186089+00:00""}",
software-factory,product:software-factory,product:software-factory:ProjectCentral/user/capability-matrix.csv,product:software-factory:ProjectCentral/user/capability-matrix.json,13183c744134562428668e23a1f67dc8a20c4f436417de053fe521281f0b3a7c,877f6692c56b4bbf82df85f9eebaae9dfbda8f1ec4fcf4278b264a245b50d4bb,factory,oi <namespace> forwards the native leaf path unchanged,[],cap.factory.praxis-fitness,capability,,,,[],A continuing responsibility needs evidence before its METHOD-classified Skill becomes recurring unattended work.,"JourneyPraxisContext relates profile selection, METHOD-classified Skill proof, praxis return and Routine observations.",Changed method/proof relations disclose revalidation pressure while native owners retain scheduling and resolution.,source-inspected; Native source and test definitions inspected 2026-09-06. Tests were not executed in this documentation pass; owner-world and desktop acceptance are not established.,agent-inference,../github-recovery-mirror/mirror/agent-system-design/issues/176.json;../github-recovery-mirror/mirror/agent-system-design/issues/176.comments.json,factory/src/journey_praxis.rs,factory/src/journey_praxis.rs,factory.html#q4/routines,,,"{""basis"": ""Source-recovered capability account; original verification limits retained in Markdown."", ""converted_from_sha256"": ""99e4e8737c1c481bcd25a49a0a02f21cf3c34d78041d709e58fc566a5da0bf20"", ""cli_commands"": [], ""cli_exposure"": {""kind"": ""library"", ""reason"": ""Journey praxis fitness has native code but no declared CLI command.""}, ""maintenance"": {""updated_at"": ""2026-09-08"", ""change_refs"": [""codex:thread:01a07608-d2ec-7b10-9713-74c445adf8a5"", ""../github-recovery-mirror/mirror/agent-system-design/issues/176.json"", ""reconcile:factory-pr-194"", ""https://github.com/EpiLogos/agent-system-design/pull/203""], ""code_basis"": {""factory/src/journey_praxis.rs"": ""b1b8a0208a09ac5227979a118e55d437806e9a02f09ac85c85b42c26fc16d7df""}}, ""last_reconciled_at"": ""2026-09-08T20:51:59.447156+00:00""}",
software-factory,product:software-factory,product:software-factory:ProjectCentral/user/capability-matrix.csv,product:software-factory:ProjectCentral/user/capability-matrix.json,13183c744134562428668e23a1f67dc8a20c4f436417de053fe521281f0b3a7c,877f6692c56b4bbf82df85f9eebaae9dfbda8f1ec4fcf4278b264a245b50d4bb,factory,oi <namespace> forwards the native leaf path unchanged,[],H0->H3,relation,suite-relations,H0,H3,[],,,,,agent-inference,O-I:docs/CANONICAL-PRODUCT-FIELD.md|QL-MEF#19(PR),,,,03:ground-development,L,"{""src_product"": ""Central"", ""dst_product"": ""Factory"", ""ql"": """", ""cf_view"": ""CF4"", ""seam"": ""03:ground-development"", ""defined_in"": ""O-I:docs/CANONICAL-PRODUCT-FIELD.md|QL-MEF#19(PR)"", ""tracked_by"": ""EpiLogos/O-I#29;EpiLogos/Central#24(PR);EpiLogos/agent-system-design#142(PR)"", ""maintenance"": {""updated_at"": ""2026-09-06"", ""change_refs"": [""codex:thread:01a07608-d2ec-7b10-9713-74c445adf8a5""]}, ""last_reconciled_at"": ""2026-09-06T14:30:24.173993+00:00""}",
software-factory,product:software-factory,product:software-factory:ProjectCentral/user/capability-matrix.csv,product:software-factory:ProjectCentral/user/capability-matrix.json,13183c744134562428668e23a1f67dc8a20c4f436417de053fe521281f0b3a7c,877f6692c56b4bbf82df85f9eebaae9dfbda8f1ec4fcf4278b264a245b50d4bb,factory,oi <namespace> forwards the native leaf path unchanged,[],H0->A3,relation,suite-relations,H0,A3,[],,,,,agent-inference,O-I:docs/CANONICAL-PRODUCT-FIELD.md|QL-MEF#19(PR),,,,03:ground-development,L,"{""src_product"": ""Central"", ""dst_product"": ""Factory"", ""ql"": """", ""cf_view"": ""CF4"", ""seam"": ""03:ground-development"", ""defined_in"": ""O-I:docs/CANONICAL-PRODUCT-FIELD.md|QL-MEF#19(PR)"", ""tracked_by"": ""EpiLogos/O-I#29;EpiLogos/Central#24(PR);EpiLogos/agent-system-design#142(PR)"", ""maintenance"": {""updated_at"": ""2026-09-06"", ""change_refs"": [""codex:thread:01a07608-d2ec-7b10-9713-74c445adf8a5""]}, ""last_reconciled_at"": ""2026-09-06T14:30:24.173993+00:00""}",
software-factory,product:software-factory,product:software-factory:ProjectCentral/user/capability-matrix.csv,product:software-factory:ProjectCentral/user/capability-matrix.json,13183c744134562428668e23a1f67dc8a20c4f436417de053fe521281f0b3a7c,877f6692c56b4bbf82df85f9eebaae9dfbda8f1ec4fcf4278b264a245b50d4bb,factory,oi <namespace> forwards the native leaf path unchanged,[],H1->H3,relation,suite-relations,H1,H3,[],,,,,agent-inference,O-I:docs/CANONICAL-PRODUCT-FIELD.md|QL-MEF#19(PR),,,,13:agency-development,S,"{""src_product"": ""Actuation"", ""dst_product"": ""Factory"", ""ql"": """", ""cf_view"": ""CF4"", ""seam"": ""13:agency-development"", ""defined_in"": ""O-I:docs/CANONICAL-PRODUCT-FIELD.md|QL-MEF#19(PR)"", ""tracked_by"": ""EpiLogos/O-I#29;EpiLogos/Actuation#1;EpiLogos/agent-system-design#142(PR)"", ""maintenance"": {""updated_at"": ""2026-09-06"", ""change_refs"": [""codex:thread:01a07608-d2ec-7b10-9713-74c445adf8a5""]}, ""last_reconciled_at"": ""2026-09-06T14:30:24.173993+00:00""}",
software-factory,product:software-factory,product:software-factory:ProjectCentral/user/capability-matrix.csv,product:software-factory:ProjectCentral/user/capability-matrix.json,13183c744134562428668e23a1f67dc8a20c4f436417de053fe521281f0b3a7c,877f6692c56b4bbf82df85f9eebaae9dfbda8f1ec4fcf4278b264a245b50d4bb,factory,oi <namespace> forwards the native leaf path unchanged,[],H1->A3,relation,suite-relations,H1,A3,[],,,,,agent-inference,O-I:docs/CANONICAL-PRODUCT-FIELD.md|QL-MEF#19(PR),,,,13:agency-development,S,"{""src_product"": ""Actuation"", ""dst_product"": ""Factory"", ""ql"": """", ""cf_view"": ""CF4"", ""seam"": ""13:agency-development"", ""defined_in"": ""O-I:docs/CANONICAL-PRODUCT-FIELD.md|QL-MEF#19(PR)"", ""tracked_by"": ""EpiLogos/O-I#29;EpiLogos/Actuation#1;EpiLogos/agent-system-design#142(PR)"", ""maintenance"": {""updated_at"": ""2026-09-06"", ""change_refs"": [""codex:thread:01a07608-d2ec-7b10-9713-74c445adf8a5""]}, ""last_reconciled_at"": ""2026-09-06T14:30:24.173993+00:00""}",
software-factory,product:software-factory,product:software-factory:ProjectCentral/user/capability-matrix.csv,product:software-factory:ProjectCentral/user/capability-matrix.json,13183c744134562428668e23a1f67dc8a20c4f436417de053fe521281f0b3a7c,877f6692c56b4bbf82df85f9eebaae9dfbda8f1ec4fcf4278b264a245b50d4bb,factory,oi <namespace> forwards the native leaf path unchanged,[],H2->H3,relation,suite-relations,H2,H3,[],,,,,agent-inference,O-I:docs/CANONICAL-PRODUCT-FIELD.md|QL-MEF#19(PR),,,,23:possibility-development,H,"{""src_product"": ""AIKit"", ""dst_product"": ""Factory"", ""ql"": ""A2|C3"", ""cf_view"": ""CF4"", ""seam"": ""23:possibility-development"", ""defined_in"": ""O-I:docs/CANONICAL-PRODUCT-FIELD.md|QL-MEF#19(PR)"", ""tracked_by"": ""EpiLogos/O-I#29;EpiLogos/ai-kit#58(PR);EpiLogos/agent-system-design#142(PR)"", ""maintenance"": {""updated_at"": ""2026-09-06"", ""change_refs"": [""codex:thread:01a07608-d2ec-7b10-9713-74c445adf8a5""]}, ""last_reconciled_at"": ""2026-09-06T14:30:24.173993+00:00""}",
software-factory,product:software-factory,product:software-factory:ProjectCentral/user/capability-matrix.csv,product:software-factory:ProjectCentral/user/capability-matrix.json,13183c744134562428668e23a1f67dc8a20c4f436417de053fe521281f0b3a7c,877f6692c56b4bbf82df85f9eebaae9dfbda8f1ec4fcf4278b264a245b50d4bb,factory,oi <namespace> forwards the native leaf path unchanged,[],H2->A3,relation,suite-relations,H2,A3,[],,,,,agent-inference,O-I:docs/CANONICAL-PRODUCT-FIELD.md|QL-MEF#19(PR),,,,23:possibility-development,H,"{""src_product"": ""AIKit"", ""dst_product"": ""Factory"", ""ql"": ""D2-transform|D2-complete"", ""cf_view"": ""CF4"", ""seam"": ""23:possibility-development"", ""defined_in"": ""O-I:docs/CANONICAL-PRODUCT-FIELD.md|QL-MEF#19(PR)"", ""tracked_by"": ""EpiLogos/O-I#29;EpiLogos/ai-kit#58(PR);EpiLogos/agent-system-design#142(PR)"", ""maintenance"": {""updated_at"": ""2026-09-06"", ""change_refs"": [""codex:thread:01a07608-d2ec-7b10-9713-74c445adf8a5""]}, ""last_reconciled_at"": ""2026-09-06T14:30:24.173993+00:00""}",
software-factory,product:software-factory,product:software-factory:ProjectCentral/user/capability-matrix.csv,product:software-factory:ProjectCentral/user/capability-matrix.json,13183c744134562428668e23a1f67dc8a20c4f436417de053fe521281f0b3a7c,877f6692c56b4bbf82df85f9eebaae9dfbda8f1ec4fcf4278b264a245b50d4bb,factory,oi <namespace> forwards the native leaf path unchanged,[],H3->H0,relation,suite-relations,H3,H0,[],,,,,agent-inference,O-I:docs/CANONICAL-PRODUCT-FIELD.md|QL-MEF#19(PR),,,,03:ground-development,L,"{""src_product"": ""Factory"", ""dst_product"": ""Central"", ""ql"": """", ""cf_view"": ""CF4"", ""seam"": ""03:ground-development"", ""defined_in"": ""O-I:docs/CANONICAL-PRODUCT-FIELD.md|QL-MEF#19(PR)"", ""tracked_by"": ""EpiLogos/O-I#29;EpiLogos/Central#24(PR);EpiLogos/agent-system-design#142(PR)"", ""maintenance"": {""updated_at"": ""2026-09-06"", ""change_refs"": [""codex:thread:01a07608-d2ec-7b10-9713-74c445adf8a5""]}, ""last_reconciled_at"": ""2026-09-06T14:30:24.173993+00:00""}",
software-factory,product:software-factory,product:software-factory:ProjectCentral/user/capability-matrix.csv,product:software-factory:ProjectCentral/user/capability-matrix.json,13183c744134562428668e23a1f67dc8a20c4f436417de053fe521281f0b3a7c,877f6692c56b4bbf82df85f9eebaae9dfbda8f1ec4fcf4278b264a245b50d4bb,factory,oi <namespace> forwards the native leaf path unchanged,[],H3->H1,relation,suite-relations,H3,H1,[],,,,,agent-inference,O-I:docs/CANONICAL-PRODUCT-FIELD.md|QL-MEF#19(PR),,,,13:agency-development,S,"{""src_product"": ""Factory"", ""dst_product"": ""Actuation"", ""ql"": """", ""cf_view"": ""CF4"", ""seam"": ""13:agency-development"", ""defined_in"": ""O-I:docs/CANONICAL-PRODUCT-FIELD.md|QL-MEF#19(PR)"", ""tracked_by"": ""EpiLogos/O-I#29;EpiLogos/Actuation#1;EpiLogos/agent-system-design#142(PR)"", ""maintenance"": {""updated_at"": ""2026-09-06"", ""change_refs"": [""codex:thread:01a07608-d2ec-7b10-9713-74c445adf8a5""]}, ""last_reconciled_at"": ""2026-09-06T14:30:24.173993+00:00""}",
software-factory,product:software-factory,product:software-factory:ProjectCentral/user/capability-matrix.csv,product:software-factory:ProjectCentral/user/capability-matrix.json,13183c744134562428668e23a1f67dc8a20c4f436417de053fe521281f0b3a7c,877f6692c56b4bbf82df85f9eebaae9dfbda8f1ec4fcf4278b264a245b50d4bb,factory,oi <namespace> forwards the native leaf path unchanged,[],H3->H2,relation,suite-relations,H3,H2,[],,,,,agent-inference,O-I:docs/CANONICAL-PRODUCT-FIELD.md|QL-MEF#19(PR),,,,23:possibility-development,H,"{""src_product"": ""Factory"", ""dst_product"": ""AIKit"", ""ql"": ""A2|C3"", ""cf_view"": ""CF4"", ""seam"": ""23:possibility-development"", ""defined_in"": ""O-I:docs/CANONICAL-PRODUCT-FIELD.md|QL-MEF#19(PR)"", ""tracked_by"": ""EpiLogos/O-I#29;EpiLogos/ai-kit#58(PR);EpiLogos/agent-system-design#142(PR)"", ""maintenance"": {""updated_at"": ""2026-09-06"", ""change_refs"": [""codex:thread:01a07608-d2ec-7b10-9713-74c445adf8a5""]}, ""last_reconciled_at"": ""2026-09-06T14:30:24.173993+00:00""}",
software-factory,product:software-factory,product:software-factory:ProjectCentral/user/capability-matrix.csv,product:software-factory:ProjectCentral/user/capability-matrix.json,13183c744134562428668e23a1f67dc8a20c4f436417de053fe521281f0b3a7c,877f6692c56b4bbf82df85f9eebaae9dfbda8f1ec4fcf4278b264a245b50d4bb,factory,oi <namespace> forwards the native leaf path unchanged,[],H3->H3,relation,suite-relations,H3,H3,[],,,,,agent-inference,O-I:docs/CANONICAL-PRODUCT-FIELD.md|QL-MEF#19(PR),,,,self:Factory,I,"{""src_product"": ""Factory"", ""dst_product"": ""Factory"", ""ql"": """", ""cf_view"": ""CF4"", ""seam"": ""self:Factory"", ""defined_in"": ""O-I:docs/CANONICAL-PRODUCT-FIELD.md|QL-MEF#19(PR)"", ""tracked_by"": ""EpiLogos/O-I#29;EpiLogos/agent-system-design#131(PR);EpiLogos/agent-system-design#142(PR)"", ""maintenance"": {""updated_at"": ""2026-09-06"", ""change_refs"": [""codex:thread:01a07608-d2ec-7b10-9713-74c445adf8a5""]}, ""last_reconciled_at"": ""2026-09-06T14:30:24.173993+00:00""}",
software-factory,product:software-factory,product:software-factory:ProjectCentral/user/capability-matrix.csv,product:software-factory:ProjectCentral/user/capability-matrix.json,13183c744134562428668e23a1f67dc8a20c4f436417de053fe521281f0b3a7c,877f6692c56b4bbf82df85f9eebaae9dfbda8f1ec4fcf4278b264a245b50d4bb,factory,oi <namespace> forwards the native leaf path unchanged,[],H3->H4,relation,suite-relations,H3,H4,[],,,,,agent-inference,O-I:docs/CANONICAL-PRODUCT-FIELD.md|QL-MEF#19(PR),,,,34:development-materialisation,H,"{""src_product"": ""Factory"", ""dst_product"": ""Workcell"", ""ql"": ""B2"", ""cf_view"": ""CF5-field"", ""seam"": ""34:development-materialisation"", ""defined_in"": ""O-I:docs/CANONICAL-PRODUCT-FIELD.md|QL-MEF#19(PR)"", ""tracked_by"": ""EpiLogos/O-I#29;EpiLogos/agent-system-design#142(PR);EpiLogos/Workcell#18(PR)"", ""maintenance"": {""updated_at"": ""2026-09-06"", ""change_refs"": [""codex:thread:01a07608-d2ec-7b10-9713-74c445adf8a5""]}, ""last_reconciled_at"": ""2026-09-06T14:30:24.173993+00:00""}",
software-factory,product:software-factory,product:software-factory:ProjectCentral/user/capability-matrix.csv,product:software-factory:ProjectCentral/user/capability-matrix.json,13183c744134562428668e23a1f67dc8a20c4f436417de053fe521281f0b3a7c,877f6692c56b4bbf82df85f9eebaae9dfbda8f1ec4fcf4278b264a245b50d4bb,factory,oi <namespace> forwards the native leaf path unchanged,[],H3->H5,relation,suite-relations,H3,H5,[],,,,,agent-inference,O-I:docs/CANONICAL-PRODUCT-FIELD.md|QL-MEF#19(PR),,,,35:development-ql,S,"{""src_product"": ""Factory"", ""dst_product"": ""QL"", ""ql"": """", ""cf_view"": """", ""seam"": ""35:development-ql"", ""defined_in"": ""O-I:docs/CANONICAL-PRODUCT-FIELD.md|QL-MEF#19(PR)"", ""tracked_by"": ""EpiLogos/O-I#29;EpiLogos/agent-system-design#132(PR);EpiLogos/QL-MEF#19(PR)"", ""maintenance"": {""updated_at"": ""2026-09-06"", ""change_refs"": [""codex:thread:01a07608-d2ec-7b10-9713-74c445adf8a5""]}, ""last_reconciled_at"": ""2026-09-06T14:30:24.173993+00:00""}",
software-factory,product:software-factory,product:software-factory:ProjectCentral/user/capability-matrix.csv,product:software-factory:ProjectCentral/user/capability-matrix.json,13183c744134562428668e23a1f67dc8a20c4f436417de053fe521281f0b3a7c,877f6692c56b4bbf82df85f9eebaae9dfbda8f1ec4fcf4278b264a245b50d4bb,factory,oi <namespace> forwards the native leaf path unchanged,[],H3->A0,relation,suite-relations,H3,A0,[],,,,,agent-inference,O-I:docs/CANONICAL-PRODUCT-FIELD.md|QL-MEF#19(PR),,,,03:ground-development,L,"{""src_product"": ""Factory"", ""dst_product"": ""Central"", ""ql"": """", ""cf_view"": ""CF4"", ""seam"": ""03:ground-development"", ""defined_in"": ""O-I:docs/CANONICAL-PRODUCT-FIELD.md|QL-MEF#19(PR)"", ""tracked_by"": ""EpiLogos/O-I#29;EpiLogos/Central#24(PR);EpiLogos/agent-system-design#142(PR)"", ""maintenance"": {""updated_at"": ""2026-09-06"", ""change_refs"": [""codex:thread:01a07608-d2ec-7b10-9713-74c445adf8a5""]}, ""last_reconciled_at"": ""2026-09-06T14:30:24.173993+00:00""}",
software-factory,product:software-factory,product:software-factory:ProjectCentral/user/capability-matrix.csv,product:software-factory:ProjectCentral/user/capability-matrix.json,13183c744134562428668e23a1f67dc8a20c4f436417de053fe521281f0b3a7c,877f6692c56b4bbf82df85f9eebaae9dfbda8f1ec4fcf4278b264a245b50d4bb,factory,oi <namespace> forwards the native leaf path unchanged,[],H3->A1,relation,suite-relations,H3,A1,[],,,,,agent-inference,O-I:docs/CANONICAL-PRODUCT-FIELD.md|QL-MEF#19(PR),,,,13:agency-development,S,"{""src_product"": ""Factory"", ""dst_product"": ""Actuation"", ""ql"": """", ""cf_view"": ""CF4"", ""seam"": ""13:agency-development"", ""defined_in"": ""O-I:docs/CANONICAL-PRODUCT-FIELD.md|QL-MEF#19(PR)"", ""tracked_by"": ""EpiLogos/O-I#29;EpiLogos/Actuation#1;EpiLogos/agent-system-design#142(PR)"", ""maintenance"": {""updated_at"": ""2026-09-06"", ""change_refs"": [""codex:thread:01a07608-d2ec-7b10-9713-74c445adf8a5""]}, ""last_reconciled_at"": ""2026-09-06T14:30:24.173993+00:00""}",
software-factory,product:software-factory,product:software-factory:ProjectCentral/user/capability-matrix.csv,product:software-factory:ProjectCentral/user/capability-matrix.json,13183c744134562428668e23a1f67dc8a20c4f436417de053fe521281f0b3a7c,877f6692c56b4bbf82df85f9eebaae9dfbda8f1ec4fcf4278b264a245b50d4bb,factory,oi <namespace> forwards the native leaf path unchanged,[],H3->A2,relation,suite-relations,H3,A2,[],,,,,agent-inference,O-I:docs/CANONICAL-PRODUCT-FIELD.md|QL-MEF#19(PR),,,,23:possibility-development,H,"{""src_product"": ""Factory"", ""dst_product"": ""AIKit"", ""ql"": ""D2-require|D2-complete"", ""cf_view"": ""CF4"", ""seam"": ""23:possibility-development"", ""defined_in"": ""O-I:docs/CANONICAL-PRODUCT-FIELD.md|QL-MEF#19(PR)"", ""tracked_by"": ""EpiLogos/O-I#29;EpiLogos/ai-kit#58(PR);EpiLogos/agent-system-design#142(PR)"", ""maintenance"": {""updated_at"": ""2026-09-06"", ""change_refs"": [""codex:thread:01a07608-d2ec-7b10-9713-74c445adf8a5""]}, ""last_reconciled_at"": ""2026-09-06T14:30:24.173993+00:00""}",
software-factory,product:software-factory,product:software-factory:ProjectCentral/user/capability-matrix.csv,product:software-factory:ProjectCentral/user/capability-matrix.json,13183c744134562428668e23a1f67dc8a20c4f436417de053fe521281f0b3a7c,877f6692c56b4bbf82df85f9eebaae9dfbda8f1ec4fcf4278b264a245b50d4bb,factory,oi <namespace> forwards the native leaf path unchanged,[],H3->A3,relation,suite-relations,H3,A3,[],,,,,agent-inference,O-I:docs/CANONICAL-PRODUCT-FIELD.md|QL-MEF#19(PR),,,,conjugation:Factory,H,"{""src_product"": ""Factory"", ""dst_product"": ""Factory"", ""ql"": ""D1"", ""cf_view"": ""CF4"", ""seam"": ""conjugation:Factory"", ""defined_in"": ""O-I:docs/CANONICAL-PRODUCT-FIELD.md|QL-MEF#19(PR)"", ""tracked_by"": ""EpiLogos/O-I#29;EpiLogos/agent-system-design#131(PR);EpiLogos/agent-system-design#142(PR)"", ""maintenance"": {""updated_at"": ""2026-09-06"", ""change_refs"": [""codex:thread:01a07608-d2ec-7b10-9713-74c445adf8a5""]}, ""last_reconciled_at"": ""2026-09-06T14:30:24.173993+00:00""}",
software-factory,product:software-factory,product:software-factory:ProjectCentral/user/capability-matrix.csv,product:software-factory:ProjectCentral/user/capability-matrix.json,13183c744134562428668e23a1f67dc8a20c4f436417de053fe521281f0b3a7c,877f6692c56b4bbf82df85f9eebaae9dfbda8f1ec4fcf4278b264a245b50d4bb,factory,oi <namespace> forwards the native leaf path unchanged,[],H3->A4,relation,suite-relations,H3,A4,[],,,,,agent-inference,O-I:docs/CANONICAL-PRODUCT-FIELD.md|QL-MEF#19(PR),,,,34:development-materialisation,H,"{""src_product"": ""Factory"", ""dst_product"": ""Workcell"", ""ql"": ""D2-transform"", ""cf_view"": ""CF5-field"", ""seam"": ""34:development-materialisation"", ""defined_in"": ""O-I:docs/CANONICAL-PRODUCT-FIELD.md|QL-MEF#19(PR)"", ""tracked_by"": ""EpiLogos/O-I#29;EpiLogos/agent-system-design#142(PR);EpiLogos/Workcell#18(PR)"", ""maintenance"": {""updated_at"": ""2026-09-06"", ""change_refs"": [""codex:thread:01a07608-d2ec-7b10-9713-74c445adf8a5""]}, ""last_reconciled_at"": ""2026-09-06T14:30:24.173993+00:00""}",
software-factory,product:software-factory,product:software-factory:ProjectCentral/user/capability-matrix.csv,product:software-factory:ProjectCentral/user/capability-matrix.json,13183c744134562428668e23a1f67dc8a20c4f436417de053fe521281f0b3a7c,877f6692c56b4bbf82df85f9eebaae9dfbda8f1ec4fcf4278b264a245b50d4bb,factory,oi <namespace> forwards the native leaf path unchanged,[],H3->A5,relation,suite-relations,H3,A5,[],,,,,agent-inference,O-I:docs/CANONICAL-PRODUCT-FIELD.md|QL-MEF#19(PR),,,,35:development-ql,S,"{""src_product"": ""Factory"", ""dst_product"": ""QL"", ""ql"": """", ""cf_view"": """", ""seam"": ""35:development-ql"", ""defined_in"": ""O-I:docs/CANONICAL-PRODUCT-FIELD.md|QL-MEF#19(PR)"", ""tracked_by"": ""EpiLogos/O-I#29;EpiLogos/agent-system-design#132(PR);EpiLogos/QL-MEF#19(PR)"", ""maintenance"": {""updated_at"": ""2026-09-06"", ""change_refs"": [""codex:thread:01a07608-d2ec-7b10-9713-74c445adf8a5""]}, ""last_reconciled_at"": ""2026-09-06T14:30:24.173993+00:00""}",
software-factory,product:software-factory,product:software-factory:ProjectCentral/user/capability-matrix.csv,product:software-factory:ProjectCentral/user/capability-matrix.json,13183c744134562428668e23a1f67dc8a20c4f436417de053fe521281f0b3a7c,877f6692c56b4bbf82df85f9eebaae9dfbda8f1ec4fcf4278b264a245b50d4bb,factory,oi <namespace> forwards the native leaf path unchanged,[],H4->H3,relation,suite-relations,H4,H3,[],,,,,agent-inference,O-I:docs/CANONICAL-PRODUCT-FIELD.md|QL-MEF#19(PR),,,,34:development-materialisation,H,"{""src_product"": ""Workcell"", ""dst_product"": ""Factory"", ""ql"": ""B2"", ""cf_view"": ""CF5-field"", ""seam"": ""34:development-materialisation"", ""defined_in"": ""O-I:docs/CANONICAL-PRODUCT-FIELD.md|QL-MEF#19(PR)"", ""tracked_by"": ""EpiLogos/O-I#29;EpiLogos/agent-system-design#142(PR);EpiLogos/Workcell#18(PR)"", ""maintenance"": {""updated_at"": ""2026-09-06"", ""change_refs"": [""codex:thread:01a07608-d2ec-7b10-9713-74c445adf8a5""]}, ""last_reconciled_at"": ""2026-09-06T14:30:24.173993+00:00""}",
software-factory,product:software-factory,product:software-factory:ProjectCentral/user/capability-matrix.csv,product:software-factory:ProjectCentral/user/capability-matrix.json,13183c744134562428668e23a1f67dc8a20c4f436417de053fe521281f0b3a7c,877f6692c56b4bbf82df85f9eebaae9dfbda8f1ec4fcf4278b264a245b50d4bb,factory,oi <namespace> forwards the native leaf path unchanged,[],H4->A3,relation,suite-relations,H4,A3,[],,,,,agent-inference,O-I:docs/CANONICAL-PRODUCT-FIELD.md|QL-MEF#19(PR),,,,34:development-materialisation,H,"{""src_product"": ""Workcell"", ""dst_product"": ""Factory"", ""ql"": ""D2-require"", ""cf_view"": ""CF5-field"", ""seam"": ""34:development-materialisation"", ""defined_in"": ""O-I:docs/CANONICAL-PRODUCT-FIELD.md|QL-MEF#19(PR)"", ""tracked_by"": ""EpiLogos/O-I#29;EpiLogos/agent-system-design#142(PR);EpiLogos/Workcell#18(PR)"", ""maintenance"": {""updated_at"": ""2026-09-06"", ""change_refs"": [""codex:thread:01a07608-d2ec-7b10-9713-74c445adf8a5""]}, ""last_reconciled_at"": ""2026-09-06T14:30:24.173993+00:00""}",
software-factory,product:software-factory,product:software-factory:ProjectCentral/user/capability-matrix.csv,product:software-factory:ProjectCentral/user/capability-matrix.json,13183c744134562428668e23a1f67dc8a20c4f436417de053fe521281f0b3a7c,877f6692c56b4bbf82df85f9eebaae9dfbda8f1ec4fcf4278b264a245b50d4bb,factory,oi <namespace> forwards the native leaf path unchanged,[],H5->H3,relation,suite-relations,H5,H3,[],,,,,agent-inference,O-I:docs/CANONICAL-PRODUCT-FIELD.md|QL-MEF#19(PR),,,,35:development-ql,S,"{""src_product"": ""QL"", ""dst_product"": ""Factory"", ""ql"": """", ""cf_view"": """", ""seam"": ""35:development-ql"", ""defined_in"": ""O-I:docs/CANONICAL-PRODUCT-FIELD.md|QL-MEF#19(PR)"", ""tracked_by"": ""EpiLogos/O-I#29;EpiLogos/agent-system-design#132(PR);EpiLogos/QL-MEF#19(PR)"", ""maintenance"": {""updated_at"": ""2026-09-06"", ""change_refs"": [""codex:thread:01a07608-d2ec-7b10-9713-74c445adf8a5""]}, ""last_reconciled_at"": ""2026-09-06T14:30:24.173993+00:00""}",
software-factory,product:software-factory,product:software-factory:ProjectCentral/user/capability-matrix.csv,product:software-factory:ProjectCentral/user/capability-matrix.json,13183c744134562428668e23a1f67dc8a20c4f436417de053fe521281f0b3a7c,877f6692c56b4bbf82df85f9eebaae9dfbda8f1ec4fcf4278b264a245b50d4bb,factory,oi <namespace> forwards the native leaf path unchanged,[],H5->A3,relation,suite-relations,H5,A3,[],,,,,agent-inference,O-I:docs/CANONICAL-PRODUCT-FIELD.md|QL-MEF#19(PR),,,,35:development-ql,S,"{""src_product"": ""QL"", ""dst_product"": ""Factory"", ""ql"": """", ""cf_view"": """", ""seam"": ""35:development-ql"", ""defined_in"": ""O-I:docs/CANONICAL-PRODUCT-FIELD.md|QL-MEF#19(PR)"", ""tracked_by"": ""EpiLogos/O-I#29;EpiLogos/agent-system-design#132(PR);EpiLogos/QL-MEF#19(PR)"", ""maintenance"": {""updated_at"": ""2026-09-06"", ""change_refs"": [""codex:thread:01a07608-d2ec-7b10-9713-74c445adf8a5""]}, ""last_reconciled_at"": ""2026-09-06T14:30:24.173993+00:00""}",
software-factory,product:software-factory,product:software-factory:ProjectCentral/user/capability-matrix.csv,product:software-factory:ProjectCentral/user/capability-matrix.json,13183c744134562428668e23a1f67dc8a20c4f436417de053fe521281f0b3a7c,877f6692c56b4bbf82df85f9eebaae9dfbda8f1ec4fcf4278b264a245b50d4bb,factory,oi <namespace> forwards the native leaf path unchanged,[],A0->H3,relation,suite-relations,A0,H3,[],,,,,agent-inference,O-I:docs/CANONICAL-PRODUCT-FIELD.md|QL-MEF#19(PR),,,,03:ground-development,L,"{""src_product"": ""Central"", ""dst_product"": ""Factory"", ""ql"": """", ""cf_view"": ""CF4"", ""seam"": ""03:ground-development"", ""defined_in"": ""O-I:docs/CANONICAL-PRODUCT-FIELD.md|QL-MEF#19(PR)"", ""tracked_by"": ""EpiLogos/O-I#29;EpiLogos/Central#24(PR);EpiLogos/agent-system-design#142(PR)"", ""maintenance"": {""updated_at"": ""2026-09-06"", ""change_refs"": [""codex:thread:01a07608-d2ec-7b10-9713-74c445adf8a5""]}, ""last_reconciled_at"": ""2026-09-06T14:30:24.173993+00:00""}",
software-factory,product:software-factory,product:software-factory:ProjectCentral/user/capability-matrix.csv,product:software-factory:ProjectCentral/user/capability-matrix.json,13183c744134562428668e23a1f67dc8a20c4f436417de053fe521281f0b3a7c,877f6692c56b4bbf82df85f9eebaae9dfbda8f1ec4fcf4278b264a245b50d4bb,factory,oi <namespace> forwards the native leaf path unchanged,[],A0->A3,relation,suite-relations,A0,A3,[],,,,,agent-inference,O-I:docs/CANONICAL-PRODUCT-FIELD.md|QL-MEF#19(PR),,,,03:ground-development,L,"{""src_product"": ""Central"", ""dst_product"": ""Factory"", ""ql"": """", ""cf_view"": ""CF4"", ""seam"": ""03:ground-development"", ""defined_in"": ""O-I:docs/CANONICAL-PRODUCT-FIELD.md|QL-MEF#19(PR)"", ""tracked_by"": ""EpiLogos/O-I#29;EpiLogos/Central#24(PR);EpiLogos/agent-system-design#142(PR)"", ""maintenance"": {""updated_at"": ""2026-09-06"", ""change_refs"": [""codex:thread:01a07608-d2ec-7b10-9713-74c445adf8a5""]}, ""last_reconciled_at"": ""2026-09-06T14:30:24.173993+00:00""}",
software-factory,product:software-factory,product:software-factory:ProjectCentral/user/capability-matrix.csv,product:software-factory:ProjectCentral/user/capability-matrix.json,13183c744134562428668e23a1f67dc8a20c4f436417de053fe521281f0b3a7c,877f6692c56b4bbf82df85f9eebaae9dfbda8f1ec4fcf4278b264a245b50d4bb,factory,oi <namespace> forwards the native leaf path unchanged,[],A1->H3,relation,suite-relations,A1,H3,[],,,,,agent-inference,O-I:docs/CANONICAL-PRODUCT-FIELD.md|QL-MEF#19(PR),,,,13:agency-development,S,"{""src_product"": ""Actuation"", ""dst_product"": ""Factory"", ""ql"": """", ""cf_view"": ""CF4"", ""seam"": ""13:agency-development"", ""defined_in"": ""O-I:docs/CANONICAL-PRODUCT-FIELD.md|QL-MEF#19(PR)"", ""tracked_by"": ""EpiLogos/O-I#29;EpiLogos/Actuation#1;EpiLogos/agent-system-design#142(PR)"", ""maintenance"": {""updated_at"": ""2026-09-06"", ""change_refs"": [""codex:thread:01a07608-d2ec-7b10-9713-74c445adf8a5""]}, ""last_reconciled_at"": ""2026-09-06T14:30:24.173993+00:00""}",
software-factory,product:software-factory,product:software-factory:ProjectCentral/user/capability-matrix.csv,product:software-factory:ProjectCentral/user/capability-matrix.json,13183c744134562428668e23a1f67dc8a20c4f436417de053fe521281f0b3a7c,877f6692c56b4bbf82df85f9eebaae9dfbda8f1ec4fcf4278b264a245b50d4bb,factory,oi <namespace> forwards the native leaf path unchanged,[],A1->A3,relation,suite-relations,A1,A3,[],,,,,agent-inference,O-I:docs/CANONICAL-PRODUCT-FIELD.md|QL-MEF#19(PR),,,,13:agency-development,S,"{""src_product"": ""Actuation"", ""dst_product"": ""Factory"", ""ql"": """", ""cf_view"": ""CF4"", ""seam"": ""13:agency-development"", ""defined_in"": ""O-I:docs/CANONICAL-PRODUCT-FIELD.md|QL-MEF#19(PR)"", ""tracked_by"": ""EpiLogos/O-I#29;EpiLogos/Actuation#1;EpiLogos/agent-system-design#142(PR)"", ""maintenance"": {""updated_at"": ""2026-09-06"", ""change_refs"": [""codex:thread:01a07608-d2ec-7b10-9713-74c445adf8a5""]}, ""last_reconciled_at"": ""2026-09-06T14:30:24.173993+00:00""}",
software-factory,product:software-factory,product:software-factory:ProjectCentral/user/capability-matrix.csv,product:software-factory:ProjectCentral/user/capability-matrix.json,13183c744134562428668e23a1f67dc8a20c4f436417de053fe521281f0b3a7c,877f6692c56b4bbf82df85f9eebaae9dfbda8f1ec4fcf4278b264a245b50d4bb,factory,oi <namespace> forwards the native leaf path unchanged,[],A2->H3,relation,suite-relations,A2,H3,[],,,,,agent-inference,O-I:docs/CANONICAL-PRODUCT-FIELD.md|QL-MEF#19(PR),,,,23:possibility-development,H,"{""src_product"": ""AIKit"", ""dst_product"": ""Factory"", ""ql"": ""D2-require.inverse|D2-complete.inverse"", ""cf_view"": ""CF4"", ""seam"": ""23:possibility-development"", ""defined_in"": ""O-I:docs/CANONICAL-PRODUCT-FIELD.md|QL-MEF#19(PR)"", ""tracked_by"": ""EpiLogos/O-I#29;EpiLogos/ai-kit#58(PR);EpiLogos/agent-system-design#142(PR)"", ""maintenance"": {""updated_at"": ""2026-09-06"", ""change_refs"": [""codex:thread:01a07608-d2ec-7b10-9713-74c445adf8a5""]}, ""last_reconciled_at"": ""2026-09-06T14:30:24.173993+00:00""}",
software-factory,product:software-factory,product:software-factory:ProjectCentral/user/capability-matrix.csv,product:software-factory:ProjectCentral/user/capability-matrix.json,13183c744134562428668e23a1f67dc8a20c4f436417de053fe521281f0b3a7c,877f6692c56b4bbf82df85f9eebaae9dfbda8f1ec4fcf4278b264a245b50d4bb,factory,oi <namespace> forwards the native leaf path unchanged,[],A2->A3,relation,suite-relations,A2,A3,[],,,,,agent-inference,O-I:docs/CANONICAL-PRODUCT-FIELD.md|QL-MEF#19(PR),,,,23:possibility-development,H,"{""src_product"": ""AIKit"", ""dst_product"": ""Factory"", ""ql"": ""D3:A2|D3:C3"", ""cf_view"": ""CF4"", ""seam"": ""23:possibility-development"", ""defined_in"": ""O-I:docs/CANONICAL-PRODUCT-FIELD.md|QL-MEF#19(PR)"", ""tracked_by"": ""EpiLogos/O-I#29;EpiLogos/ai-kit#58(PR);EpiLogos/agent-system-design#142(PR)"", ""maintenance"": {""updated_at"": ""2026-09-06"", ""change_refs"": [""codex:thread:01a07608-d2ec-7b10-9713-74c445adf8a5""]}, ""last_reconciled_at"": ""2026-09-06T14:30:24.173993+00:00""}",
software-factory,product:software-factory,product:software-factory:ProjectCentral/user/capability-matrix.csv,product:software-factory:ProjectCentral/user/capability-matrix.json,13183c744134562428668e23a1f67dc8a20c4f436417de053fe521281f0b3a7c,877f6692c56b4bbf82df85f9eebaae9dfbda8f1ec4fcf4278b264a245b50d4bb,factory,oi <namespace> forwards the native leaf path unchanged,[],A3->H0,relation,suite-relations,A3,H0,[],,,,,agent-inference,O-I:docs/CANONICAL-PRODUCT-FIELD.md|QL-MEF#19(PR),,,,03:ground-development,L,"{""src_product"": ""Factory"", ""dst_product"": ""Central"", ""ql"": """", ""cf_view"": ""CF4"", ""seam"": ""03:ground-development"", ""defined_in"": ""O-I:docs/CANONICAL-PRODUCT-FIELD.md|QL-MEF#19(PR)"", ""tracked_by"": ""EpiLogos/O-I#29;EpiLogos/Central#24(PR);EpiLogos/agent-system-design#142(PR)"", ""maintenance"": {""updated_at"": ""2026-09-06"", ""change_refs"": [""codex:thread:01a07608-d2ec-7b10-9713-74c445adf8a5""]}, ""last_reconciled_at"": ""2026-09-06T14:30:24.173993+00:00""}",
software-factory,product:software-factory,product:software-factory:ProjectCentral/user/capability-matrix.csv,product:software-factory:ProjectCentral/user/capability-matrix.json,13183c744134562428668e23a1f67dc8a20c4f436417de053fe521281f0b3a7c,877f6692c56b4bbf82df85f9eebaae9dfbda8f1ec4fcf4278b264a245b50d4bb,factory,oi <namespace> forwards the native leaf path unchanged,[],A3->H1,relation,suite-relations,A3,H1,[],,,,,agent-inference,O-I:docs/CANONICAL-PRODUCT-FIELD.md|QL-MEF#19(PR),,,,13:agency-development,S,"{""src_product"": ""Factory"", ""dst_product"": ""Actuation"", ""ql"": """", ""cf_view"": ""CF4"", ""seam"": ""13:agency-development"", ""defined_in"": ""O-I:docs/CANONICAL-PRODUCT-FIELD.md|QL-MEF#19(PR)"", ""tracked_by"": ""EpiLogos/O-I#29;EpiLogos/Actuation#1;EpiLogos/agent-system-design#142(PR)"", ""maintenance"": {""updated_at"": ""2026-09-06"", ""change_refs"": [""codex:thread:01a07608-d2ec-7b10-9713-74c445adf8a5""]}, ""last_reconciled_at"": ""2026-09-06T14:30:24.173993+00:00""}",
software-factory,product:software-factory,product:software-factory:ProjectCentral/user/capability-matrix.csv,product:software-factory:ProjectCentral/user/capability-matrix.json,13183c744134562428668e23a1f67dc8a20c4f436417de053fe521281f0b3a7c,877f6692c56b4bbf82df85f9eebaae9dfbda8f1ec4fcf4278b264a245b50d4bb,factory,oi <namespace> forwards the native leaf path unchanged,[],A3->H2,relation,suite-relations,A3,H2,[],,,,,agent-inference,O-I:docs/CANONICAL-PRODUCT-FIELD.md|QL-MEF#19(PR),,,,23:possibility-development,H,"{""src_product"": ""Factory"", ""dst_product"": ""AIKit"", ""ql"": ""D2-transform.inverse|D2-complete.inverse"", ""cf_view"": ""CF4"", ""seam"": ""23:possibility-development"", ""defined_in"": ""O-I:docs/CANONICAL-PRODUCT-FIELD.md|QL-MEF#19(PR)"", ""tracked_by"": ""EpiLogos/O-I#29;EpiLogos/ai-kit#58(PR);EpiLogos/agent-system-design#142(PR)"", ""maintenance"": {""updated_at"": ""2026-09-06"", ""change_refs"": [""codex:thread:01a07608-d2ec-7b10-9713-74c445adf8a5""]}, ""last_reconciled_at"": ""2026-09-06T14:30:24.173993+00:00""}",
software-factory,product:software-factory,product:software-factory:ProjectCentral/user/capability-matrix.csv,product:software-factory:ProjectCentral/user/capability-matrix.json,13183c744134562428668e23a1f67dc8a20c4f436417de053fe521281f0b3a7c,877f6692c56b4bbf82df85f9eebaae9dfbda8f1ec4fcf4278b264a245b50d4bb,factory,oi <namespace> forwards the native leaf path unchanged,[],A3->H3,relation,suite-relations,A3,H3,[],,,,,agent-inference,O-I:docs/CANONICAL-PRODUCT-FIELD.md|QL-MEF#19(PR),,,,conjugation:Factory,H,"{""src_product"": ""Factory"", ""dst_product"": ""Factory"", ""ql"": ""D1.inverse"", ""cf_view"": ""CF4"", ""seam"": ""conjugation:Factory"", ""defined_in"": ""O-I:docs/CANONICAL-PRODUCT-FIELD.md|QL-MEF#19(PR)"", ""tracked_by"": ""EpiLogos/O-I#29;EpiLogos/agent-system-design#131(PR);EpiLogos/agent-system-design#142(PR)"", ""maintenance"": {""updated_at"": ""2026-09-06"", ""change_refs"": [""codex:thread:01a07608-d2ec-7b10-9713-74c445adf8a5""]}, ""last_reconciled_at"": ""2026-09-06T14:30:24.173993+00:00""}",
software-factory,product:software-factory,product:software-factory:ProjectCentral/user/capability-matrix.csv,product:software-factory:ProjectCentral/user/capability-matrix.json,13183c744134562428668e23a1f67dc8a20c4f436417de053fe521281f0b3a7c,877f6692c56b4bbf82df85f9eebaae9dfbda8f1ec4fcf4278b264a245b50d4bb,factory,oi <namespace> forwards the native leaf path unchanged,[],A3->H4,relation,suite-relations,A3,H4,[],,,,,agent-inference,O-I:docs/CANONICAL-PRODUCT-FIELD.md|QL-MEF#19(PR),,,,34:development-materialisation,H,"{""src_product"": ""Factory"", ""dst_product"": ""Workcell"", ""ql"": ""D2-require.inverse"", ""cf_view"": ""CF5-field"", ""seam"": ""34:development-materialisation"", ""defined_in"": ""O-I:docs/CANONICAL-PRODUCT-FIELD.md|QL-MEF#19(PR)"", ""tracked_by"": ""EpiLogos/O-I#29;EpiLogos/agent-system-design#142(PR);EpiLogos/Workcell#18(PR)"", ""maintenance"": {""updated_at"": ""2026-09-06"", ""change_refs"": [""codex:thread:01a07608-d2ec-7b10-9713-74c445adf8a5""]}, ""last_reconciled_at"": ""2026-09-06T14:30:24.173993+00:00""}",
software-factory,product:software-factory,product:software-factory:ProjectCentral/user/capability-matrix.csv,product:software-factory:ProjectCentral/user/capability-matrix.json,13183c744134562428668e23a1f67dc8a20c4f436417de053fe521281f0b3a7c,877f6692c56b4bbf82df85f9eebaae9dfbda8f1ec4fcf4278b264a245b50d4bb,factory,oi <namespace> forwards the native leaf path unchanged,[],A3->H5,relation,suite-relations,A3,H5,[],,,,,agent-inference,O-I:docs/CANONICAL-PRODUCT-FIELD.md|QL-MEF#19(PR),,,,35:development-ql,S,"{""src_product"": ""Factory"", ""dst_product"": ""QL"", ""ql"": """", ""cf_view"": """", ""seam"": ""35:development-ql"", ""defined_in"": ""O-I:docs/CANONICAL-PRODUCT-FIELD.md|QL-MEF#19(PR)"", ""tracked_by"": ""EpiLogos/O-I#29;EpiLogos/agent-system-design#132(PR);EpiLogos/QL-MEF#19(PR)"", ""maintenance"": {""updated_at"": ""2026-09-06"", ""change_refs"": [""codex:thread:01a07608-d2ec-7b10-9713-74c445adf8a5""]}, ""last_reconciled_at"": ""2026-09-06T14:30:24.173993+00:00""}",
software-factory,product:software-factory,product:software-factory:ProjectCentral/user/capability-matrix.csv,product:software-factory:ProjectCentral/user/capability-matrix.json,13183c744134562428668e23a1f67dc8a20c4f436417de053fe521281f0b3a7c,877f6692c56b4bbf82df85f9eebaae9dfbda8f1ec4fcf4278b264a245b50d4bb,factory,oi <namespace> forwards the native leaf path unchanged,[],A3->A0,relation,suite-relations,A3,A0,[],,,,,agent-inference,O-I:docs/CANONICAL-PRODUCT-FIELD.md|QL-MEF#19(PR),,,,03:ground-development,L,"{""src_product"": ""Factory"", ""dst_product"": ""Central"", ""ql"": """", ""cf_view"": ""CF4"", ""seam"": ""03:ground-development"", ""defined_in"": ""O-I:docs/CANONICAL-PRODUCT-FIELD.md|QL-MEF#19(PR)"", ""tracked_by"": ""EpiLogos/O-I#29;EpiLogos/Central#24(PR);EpiLogos/agent-system-design#142(PR)"", ""maintenance"": {""updated_at"": ""2026-09-06"", ""change_refs"": [""codex:thread:01a07608-d2ec-7b10-9713-74c445adf8a5""]}, ""last_reconciled_at"": ""2026-09-06T14:30:24.173993+00:00""}",
software-factory,product:software-factory,product:software-factory:ProjectCentral/user/capability-matrix.csv,product:software-factory:ProjectCentral/user/capability-matrix.json,13183c744134562428668e23a1f67dc8a20c4f436417de053fe521281f0b3a7c,877f6692c56b4bbf82df85f9eebaae9dfbda8f1ec4fcf4278b264a245b50d4bb,factory,oi <namespace> forwards the native leaf path unchanged,[],A3->A1,relation,suite-relations,A3,A1,[],,,,,agent-inference,O-I:docs/CANONICAL-PRODUCT-FIELD.md|QL-MEF#19(PR),,,,13:agency-development,S,"{""src_product"": ""Factory"", ""dst_product"": ""Actuation"", ""ql"": """", ""cf_view"": ""CF4"", ""seam"": ""13:agency-development"", ""defined_in"": ""O-I:docs/CANONICAL-PRODUCT-FIELD.md|QL-MEF#19(PR)"", ""tracked_by"": ""EpiLogos/O-I#29;EpiLogos/Actuation#1;EpiLogos/agent-system-design#142(PR)"", ""maintenance"": {""updated_at"": ""2026-09-06"", ""change_refs"": [""codex:thread:01a07608-d2ec-7b10-9713-74c445adf8a5""]}, ""last_reconciled_at"": ""2026-09-06T14:30:24.173993+00:00""}",
software-factory,product:software-factory,product:software-factory:ProjectCentral/user/capability-matrix.csv,product:software-factory:ProjectCentral/user/capability-matrix.json,13183c744134562428668e23a1f67dc8a20c4f436417de053fe521281f0b3a7c,877f6692c56b4bbf82df85f9eebaae9dfbda8f1ec4fcf4278b264a245b50d4bb,factory,oi <namespace> forwards the native leaf path unchanged,[],A3->A2,relation,suite-relations,A3,A2,[],,,,,agent-inference,O-I:docs/CANONICAL-PRODUCT-FIELD.md|QL-MEF#19(PR),,,,23:possibility-development,H,"{""src_product"": ""Factory"", ""dst_product"": ""AIKit"", ""ql"": ""D3:A2|D3:C3"", ""cf_view"": ""CF4"", ""seam"": ""23:possibility-development"", ""defined_in"": ""O-I:docs/CANONICAL-PRODUCT-FIELD.md|QL-MEF#19(PR)"", ""tracked_by"": ""EpiLogos/O-I#29;EpiLogos/ai-kit#58(PR);EpiLogos/agent-system-design#142(PR)"", ""maintenance"": {""updated_at"": ""2026-09-06"", ""change_refs"": [""codex:thread:01a07608-d2ec-7b10-9713-74c445adf8a5""]}, ""last_reconciled_at"": ""2026-09-06T14:30:24.173993+00:00""}",
software-factory,product:software-factory,product:software-factory:ProjectCentral/user/capability-matrix.csv,product:software-factory:ProjectCentral/user/capability-matrix.json,13183c744134562428668e23a1f67dc8a20c4f436417de053fe521281f0b3a7c,877f6692c56b4bbf82df85f9eebaae9dfbda8f1ec4fcf4278b264a245b50d4bb,factory,oi <namespace> forwards the native leaf path unchanged,[],A3->A3,relation,suite-relations,A3,A3,[],,,,,agent-inference,O-I:docs/CANONICAL-PRODUCT-FIELD.md|QL-MEF#19(PR),,,,self:Factory,I,"{""src_product"": ""Factory"", ""dst_product"": ""Factory"", ""ql"": """", ""cf_view"": ""CF4"", ""seam"": ""self:Factory"", ""defined_in"": ""O-I:docs/CANONICAL-PRODUCT-FIELD.md|QL-MEF#19(PR)"", ""tracked_by"": ""EpiLogos/O-I#29;EpiLogos/agent-system-design#131(PR);EpiLogos/agent-system-design#142(PR)"", ""maintenance"": {""updated_at"": ""2026-09-06"", ""change_refs"": [""codex:thread:01a07608-d2ec-7b10-9713-74c445adf8a5""]}, ""last_reconciled_at"": ""2026-09-06T14:30:24.173993+00:00""}",
software-factory,product:software-factory,product:software-factory:ProjectCentral/user/capability-matrix.csv,product:software-factory:ProjectCentral/user/capability-matrix.json,13183c744134562428668e23a1f67dc8a20c4f436417de053fe521281f0b3a7c,877f6692c56b4bbf82df85f9eebaae9dfbda8f1ec4fcf4278b264a245b50d4bb,factory,oi <namespace> forwards the native leaf path unchanged,[],A3->A4,relation,suite-relations,A3,A4,[],,,,,agent-inference,O-I:docs/CANONICAL-PRODUCT-FIELD.md|QL-MEF#19(PR),,,,34:development-materialisation,H,"{""src_product"": ""Factory"", ""dst_product"": ""Workcell"", ""ql"": ""D3:B2"", ""cf_view"": ""CF5-field"", ""seam"": ""34:development-materialisation"", ""defined_in"": ""O-I:docs/CANONICAL-PRODUCT-FIELD.md|QL-MEF#19(PR)"", ""tracked_by"": ""EpiLogos/O-I#29;EpiLogos/agent-system-design#142(PR);EpiLogos/Workcell#18(PR)"", ""maintenance"": {""updated_at"": ""2026-09-06"", ""change_refs"": [""codex:thread:01a07608-d2ec-7b10-9713-74c445adf8a5""]}, ""last_reconciled_at"": ""2026-09-06T14:30:24.173993+00:00""}",
software-factory,product:software-factory,product:software-factory:ProjectCentral/user/capability-matrix.csv,product:software-factory:ProjectCentral/user/capability-matrix.json,13183c744134562428668e23a1f67dc8a20c4f436417de053fe521281f0b3a7c,877f6692c56b4bbf82df85f9eebaae9dfbda8f1ec4fcf4278b264a245b50d4bb,factory,oi <namespace> forwards the native leaf path unchanged,[],A3->A5,relation,suite-relations,A3,A5,[],,,,,agent-inference,O-I:docs/CANONICAL-PRODUCT-FIELD.md|QL-MEF#19(PR),,,,35:development-ql,S,"{""src_product"": ""Factory"", ""dst_product"": ""QL"", ""ql"": """", ""cf_view"": """", ""seam"": ""35:development-ql"", ""defined_in"": ""O-I:docs/CANONICAL-PRODUCT-FIELD.md|QL-MEF#19(PR)"", ""tracked_by"": ""EpiLogos/O-I#29;EpiLogos/agent-system-design#132(PR);EpiLogos/QL-MEF#19(PR)"", ""maintenance"": {""updated_at"": ""2026-09-06"", ""change_refs"": [""codex:thread:01a07608-d2ec-7b10-9713-74c445adf8a5""]}, ""last_reconciled_at"": ""2026-09-06T14:30:24.173993+00:00""}",
software-factory,product:software-factory,product:software-factory:ProjectCentral/user/capability-matrix.csv,product:software-factory:ProjectCentral/user/capability-matrix.json,13183c744134562428668e23a1f67dc8a20c4f436417de053fe521281f0b3a7c,877f6692c56b4bbf82df85f9eebaae9dfbda8f1ec4fcf4278b264a245b50d4bb,factory,oi <namespace> forwards the native leaf path unchanged,[],A4->H3,relation,suite-relations,A4,H3,[],,,,,agent-inference,O-I:docs/CANONICAL-PRODUCT-FIELD.md|QL-MEF#19(PR),,,,34:development-materialisation,H,"{""src_product"": ""Workcell"", ""dst_product"": ""Factory"", ""ql"": ""D2-transform.inverse"", ""cf_view"": ""CF5-field"", ""seam"": ""34:development-materialisation"", ""defined_in"": ""O-I:docs/CANONICAL-PRODUCT-FIELD.md|QL-MEF#19(PR)"", ""tracked_by"": ""EpiLogos/O-I#29;EpiLogos/agent-system-design#142(PR);EpiLogos/Workcell#18(PR)"", ""maintenance"": {""updated_at"": ""2026-09-06"", ""change_refs"": [""codex:thread:01a07608-d2ec-7b10-9713-74c445adf8a5""]}, ""last_reconciled_at"": ""2026-09-06T14:30:24.173993+00:00""}",
software-factory,product:software-factory,product:software-factory:ProjectCentral/user/capability-matrix.csv,product:software-factory:ProjectCentral/user/capability-matrix.json,13183c744134562428668e23a1f67dc8a20c4f436417de053fe521281f0b3a7c,877f6692c56b4bbf82df85f9eebaae9dfbda8f1ec4fcf4278b264a245b50d4bb,factory,oi <namespace> forwards the native leaf path unchanged,[],A4->A3,relation,suite-relations,A4,A3,[],,,,,agent-inference,O-I:docs/CANONICAL-PRODUCT-FIELD.md|QL-MEF#19(PR),,,,34:development-materialisation,H,"{""src_product"": ""Workcell"", ""dst_product"": ""Factory"", ""ql"": ""D3:B2"", ""cf_view"": ""CF5-field"", ""seam"": ""34:development-materialisation"", ""defined_in"": ""O-I:docs/CANONICAL-PRODUCT-FIELD.md|QL-MEF#19(PR)"", ""tracked_by"": ""EpiLogos/O-I#29;EpiLogos/agent-system-design#142(PR);EpiLogos/Workcell#18(PR)"", ""maintenance"": {""updated_at"": ""2026-09-06"", ""change_refs"": [""codex:thread:01a07608-d2ec-7b10-9713-74c445adf8a5""]}, ""last_reconciled_at"": ""2026-09-06T14:30:24.173993+00:00""}",
software-factory,product:software-factory,product:software-factory:ProjectCentral/user/capability-matrix.csv,product:software-factory:ProjectCentral/user/capability-matrix.json,13183c744134562428668e23a1f67dc8a20c4f436417de053fe521281f0b3a7c,877f6692c56b4bbf82df85f9eebaae9dfbda8f1ec4fcf4278b264a245b50d4bb,factory,oi <namespace> forwards the native leaf path unchanged,[],A5->H3,relation,suite-relations,A5,H3,[],,,,,agent-inference,O-I:docs/CANONICAL-PRODUCT-FIELD.md|QL-MEF#19(PR),,,,35:development-ql,S,"{""src_product"": ""QL"", ""dst_product"": ""Factory"", ""ql"": """", ""cf_view"": """", ""seam"": ""35:development-ql"", ""defined_in"": ""O-I:docs/CANONICAL-PRODUCT-FIELD.md|QL-MEF#19(PR)"", ""tracked_by"": ""EpiLogos/O-I#29;EpiLogos/agent-system-design#132(PR);EpiLogos/QL-MEF#19(PR)"", ""maintenance"": {""updated_at"": ""2026-09-06"", ""change_refs"": [""codex:thread:01a07608-d2ec-7b10-9713-74c445adf8a5""]}, ""last_reconciled_at"": ""2026-09-06T14:30:24.173993+00:00""}",
software-factory,product:software-factory,product:software-factory:ProjectCentral/user/capability-matrix.csv,product:software-factory:ProjectCentral/user/capability-matrix.json,13183c744134562428668e23a1f67dc8a20c4f436417de053fe521281f0b3a7c,877f6692c56b4bbf82df85f9eebaae9dfbda8f1ec4fcf4278b264a245b50d4bb,factory,oi <namespace> forwards the native leaf path unchanged,[],A5->A3,relation,suite-relations,A5,A3,[],,,,,agent-inference,O-I:docs/CANONICAL-PRODUCT-FIELD.md|QL-MEF#19(PR),,,,35:development-ql,S,"{""src_product"": ""QL"", ""dst_product"": ""Factory"", ""ql"": """", ""cf_view"": """", ""seam"": ""35:development-ql"", ""defined_in"": ""O-I:docs/CANONICAL-PRODUCT-FIELD.md|QL-MEF#19(PR)"", ""tracked_by"": ""EpiLogos/O-I#29;EpiLogos/agent-system-design#132(PR);EpiLogos/QL-MEF#19(PR)"", ""maintenance"": {""updated_at"": ""2026-09-06"", ""change_refs"": [""codex:thread:01a07608-d2ec-7b10-9713-74c445adf8a5""]}, ""last_reconciled_at"": ""2026-09-06T14:30:24.173993+00:00""}",
software-factory,product:software-factory,product:software-factory:ProjectCentral/user/capability-matrix.csv,product:software-factory:ProjectCentral/user/capability-matrix.json,13183c744134562428668e23a1f67dc8a20c4f436417de053fe521281f0b3a7c,877f6692c56b4bbf82df85f9eebaae9dfbda8f1ec4fcf4278b264a245b50d4bb,factory,oi <namespace> forwards the native leaf path unchanged,[],rel.factory.q0.S,relation,product-field,q0,S,"[""cap.factory.structural-ground""]",,,,,agent-inference,ProjectCentral/user/factory.html#whole-why,,,factory.html#whole/why,"Agentic development can produce working changes while losing the purpose and experience that made them worth asking for. Factory exists to carry human intention through development and returned reality, freeing the person from repeated orientation and mechanical supervision while preserving consequential judgment.",,"{""basis"": ""Exact overview seed text. Capability links follow their existing governing expanded account units; cell placement is editorial inference."", ""seed_ref"": ""factory:seed:q0"", ""source_unit"": ""whole-why"", ""seed_sha256"": ""c5fc7b2673bf4788d30cf51e972372ca6e078910483cf73fa755b81a3f2f12b2"", ""source_standing"": ""agent-inference"", ""reconciled_change_ref"": ""codex:thread:01a07608-d2ec-7b10-9713-74c445adf8a5"", ""maintenance"": {""updated_at"": ""2026-09-06"", ""change_refs"": [""codex:thread:01a07608-d2ec-7b10-9713-74c445adf8a5""]}, ""last_reconciled_at"": ""2026-09-06T14:30:24.173993+00:00""}",Why?
software-factory,product:software-factory,product:software-factory:ProjectCentral/user/capability-matrix.csv,product:software-factory:ProjectCentral/user/capability-matrix.json,13183c744134562428668e23a1f67dc8a20c4f436417de053fe521281f0b3a7c,877f6692c56b4bbf82df85f9eebaae9dfbda8f1ec4fcf4278b264a245b50d4bb,factory,oi <namespace> forwards the native leaf path unchanged,[],rel.factory.q1.S,relation,product-field,q1,S,"[""cap.factory.native-cli"", ""cap.factory.build-reading"", ""cap.factory.journey-continuity"", ""cap.factory.run-map"", ""cap.factory.build-evidence""]",,,,,agent-inference,ProjectCentral/user/factory.html#whole-what,,,factory.html#whole/what,"Software Factory is a native development system with a Rust semantic core, a factory command surface and a Build presentation. It relates Projects, continuing Journeys, bounded Runs, Claims, Evidence, Decisions and Candidates so an intended transformation remains inspectable across sessions, tools and material environments.",,"{""basis"": ""Exact overview seed text. Capability links follow their existing governing expanded account units; cell placement is editorial inference."", ""seed_ref"": ""factory:seed:q1"", ""source_unit"": ""whole-what"", ""seed_sha256"": ""2adb57515414fc8f670ae6cf8b9df2f3abeadc4b8a49c3af36a6236679605e88"", ""source_standing"": ""agent-inference"", ""reconciled_change_ref"": ""codex:thread:01a07608-d2ec-7b10-9713-74c445adf8a5"", ""maintenance"": {""updated_at"": ""2026-09-06"", ""change_refs"": [""codex:thread:01a07608-d2ec-7b10-9713-74c445adf8a5""]}, ""last_reconciled_at"": ""2026-09-06T14:30:24.173993+00:00""}",What?
software-factory,product:software-factory,product:software-factory:ProjectCentral/user/capability-matrix.csv,product:software-factory:ProjectCentral/user/capability-matrix.json,13183c744134562428668e23a1f67dc8a20c4f436417de053fe521281f0b3a7c,877f6692c56b4bbf82df85f9eebaae9dfbda8f1ec4fcf4278b264a245b50d4bb,factory,oi <namespace> forwards the native leaf path unchanged,[],rel.factory.q2.S,relation,product-field,q2,S,"[""cap.factory.journey-commission"", ""cap.factory.bounded-intent"", ""cap.factory.git-development"", ""cap.factory.intent-return"", ""cap.factory.request-evidence"", ""cap.factory.owner-return""]",,,,,agent-inference,ProjectCentral/user/factory.html#whole-how,,,factory.html#whole/how,"Start from the Project’s recognised purpose and a concrete intended difference. Recover the required source and conditions, carry out bounded development, make the resulting Candidate and Evidence encounterable, and return through Recognition or revision. Keep the exact intent, context, execution and evidence relations throughout.",,"{""basis"": ""Exact overview seed text. Capability links follow their existing governing expanded account units; cell placement is editorial inference."", ""seed_ref"": ""factory:seed:q2"", ""source_unit"": ""whole-how"", ""seed_sha256"": ""57f98a054ee00a34b1404d916c651f9a6fb9c1de4b9e323801d58bd3c6377491"", ""source_standing"": ""agent-inference"", ""reconciled_change_ref"": ""codex:thread:01a07608-d2ec-7b10-9713-74c445adf8a5"", ""maintenance"": {""updated_at"": ""2026-09-06"", ""change_refs"": [""codex:thread:01a07608-d2ec-7b10-9713-74c445adf8a5""]}, ""last_reconciled_at"": ""2026-09-06T14:30:24.173993+00:00""}",How?
software-factory,product:software-factory,product:software-factory:ProjectCentral/user/capability-matrix.csv,product:software-factory:ProjectCentral/user/capability-matrix.json,13183c744134562428668e23a1f67dc8a20c4f436417de053fe521281f0b3a7c,877f6692c56b4bbf82df85f9eebaae9dfbda8f1ec4fcf4278b264a245b50d4bb,factory,oi <namespace> forwards the native leaf path unchanged,[],rel.factory.q3.S,relation,product-field,q3,S,"[""cap.factory.cognitive-reading"", ""cap.factory.praxis-condition"", ""cap.factory.action-projection"", ""cap.factory.run-thought""]",,,,,agent-inference,ProjectCentral/user/factory.html#whole-whereby,,,factory.html#whole/whereby,"The person or authorised governing locus determines consequential direction and recognises outcomes. Agents and AgentSets carry Journeys through bounded Runs. Factory supplies developmental continuity; Actuation supplies authority, AIKit the operative context and body, Workcell material execution, and Central durable source ground.",,"{""basis"": ""Exact overview seed text. Capability links follow their existing governing expanded account units; cell placement is editorial inference."", ""seed_ref"": ""factory:seed:q3"", ""source_unit"": ""whole-whereby"", ""seed_sha256"": ""52ca82a7c392196d52e9edf26966ba7751cd894be01bc5a8f13d58793eba4ac2"", ""source_standing"": ""agent-inference"", ""reconciled_change_ref"": ""codex:thread:01a07608-d2ec-7b10-9713-74c445adf8a5"", ""maintenance"": {""updated_at"": ""2026-09-06"", ""change_refs"": [""codex:thread:01a07608-d2ec-7b10-9713-74c445adf8a5""]}, ""last_reconciled_at"": ""2026-09-06T14:30:24.173993+00:00""}",Who / Whereby?
software-factory,product:software-factory,product:software-factory:ProjectCentral/user/capability-matrix.csv,product:software-factory:ProjectCentral/user/capability-matrix.json,13183c744134562428668e23a1f67dc8a20c4f436417de053fe521281f0b3a7c,877f6692c56b4bbf82df85f9eebaae9dfbda8f1ec4fcf4278b264a245b50d4bb,factory,oi <namespace> forwards the native leaf path unchanged,[],rel.factory.q4.S,relation,product-field,q4,S,"[""cap.factory.development-persistence"", ""cap.factory.praxis-fitness""]",,,,,agent-inference,ProjectCentral/user/factory.html#whole-context,,,factory.html#whole/context,"Factory operates where software development needs continuity beyond a terminal or conversation. A Journey can span Runs and absences; a Run keeps its identity across execution changes. Native CLI, Build and external projections read the same developmental subjects. Ordinary projects remain valid without a special ontology or QL runtime.",,"{""basis"": ""Exact overview seed text. Capability links follow their existing governing expanded account units; cell placement is editorial inference."", ""seed_ref"": ""factory:seed:q4"", ""source_unit"": ""whole-context"", ""seed_sha256"": ""d11fa2c433bf3c28eb4aba45f33627584afaf5cba3c87ad0bf5146ee492f0467"", ""source_standing"": ""agent-inference"", ""reconciled_change_ref"": ""codex:thread:01a07608-d2ec-7b10-9713-74c445adf8a5"", ""maintenance"": {""updated_at"": ""2026-09-06"", ""change_refs"": [""codex:thread:01a07608-d2ec-7b10-9713-74c445adf8a5""]}, ""last_reconciled_at"": ""2026-09-06T14:30:24.173993+00:00""}",Where / When?
software-factory,product:software-factory,product:software-factory:ProjectCentral/user/capability-matrix.csv,product:software-factory:ProjectCentral/user/capability-matrix.json,13183c744134562428668e23a1f67dc8a20c4f436417de053fe521281f0b3a7c,877f6692c56b4bbf82df85f9eebaae9dfbda8f1ec4fcf4278b264a245b50d4bb,factory,oi <namespace> forwards the native leaf path unchanged,[],rel.factory.q5.S,relation,product-field,q5,S,[],,,,,agent-inference,ProjectCentral/user/factory.html#whole-purpose,,,factory.html#whole/purpose,"Success means a person can commission meaningful work, leave routine development to capable collaborators, and return to a clear result or consequential decision. The Project retains why its reality changed and what it learned. Evidence can improve implementation, methods or intention through the owner responsible for each.",,"{""basis"": ""Exact overview seed text. Capability links follow their existing governing expanded account units; cell placement is editorial inference."", ""seed_ref"": ""factory:seed:q5"", ""source_unit"": ""whole-purpose"", ""seed_sha256"": ""521f80aaca94d8145ab65b945cc6cce65817a9a5f88045953fc356eebe563476"", ""source_standing"": ""agent-inference"", ""reconciled_change_ref"": ""codex:thread:01a07608-d2ec-7b10-9713-74c445adf8a5"", ""maintenance"": {""updated_at"": ""2026-09-06"", ""change_refs"": [""codex:thread:01a07608-d2ec-7b10-9713-74c445adf8a5""]}, ""last_reconciled_at"": ""2026-09-06T14:30:24.173993+00:00""}",Why-For?
software-factory,product:software-factory,product:software-factory:ProjectCentral/user/capability-matrix.csv,product:software-factory:ProjectCentral/user/capability-matrix.json,13183c744134562428668e23a1f67dc8a20c4f436417de053fe521281f0b3a7c,877f6692c56b4bbf82df85f9eebaae9dfbda8f1ec4fcf4278b264a245b50d4bb,factory,oi <namespace> forwards the native leaf path unchanged,[],rel.factory.q4.S0,relation,product-field,q4,S0,"[""cap.factory.praxis-fitness""]",,,,,agent-inference,ProjectCentral/user/factory.html#q4-routines,,,factory.html#q4/routines,AIKit owns operative Method/Routine resolution and provider handoff; Central owns saved profile source; Workcell supplies material scheduling conditions.,,"{""basis"": ""Exact account sentence; cell placement is editorial inference."", ""source_unit"": ""q4-routines"", ""maintenance"": {""updated_at"": ""2026-09-06"", ""change_refs"": [""codex:thread:01a07608-d2ec-7b10-9713-74c445adf8a5""]}, ""last_reconciled_at"": ""2026-09-06T14:30:24.173993+00:00""}",
software-factory,product:software-factory,product:software-factory:ProjectCentral/user/capability-matrix.csv,product:software-factory:ProjectCentral/user/capability-matrix.json,13183c744134562428668e23a1f67dc8a20c4f436417de053fe521281f0b3a7c,877f6692c56b4bbf82df85f9eebaae9dfbda8f1ec4fcf4278b264a245b50d4bb,factory,oi <namespace> forwards the native leaf path unchanged,[],rel.factory.q3.S1,relation,product-field,q3,S1,"[""cap.factory.praxis-condition""]",,,,,agent-inference,ProjectCentral/user/factory.html#q3-owners,,,factory.html#q3/owners,"AIKit resolves the operative context, knowledge and praxis; Actuation determines situated Agency and authority; Workcell supplies material execution and lifecycle.",,"{""basis"": ""Exact account sentence; cell placement is editorial inference."", ""source_unit"": ""q3-owners"", ""maintenance"": {""updated_at"": ""2026-09-06"", ""change_refs"": [""codex:thread:01a07608-d2ec-7b10-9713-74c445adf8a5""]}, ""last_reconciled_at"": ""2026-09-06T14:30:24.173993+00:00""}",
software-factory,product:software-factory,product:software-factory:ProjectCentral/user/capability-matrix.csv,product:software-factory:ProjectCentral/user/capability-matrix.json,13183c744134562428668e23a1f67dc8a20c4f436417de053fe521281f0b3a7c,877f6692c56b4bbf82df85f9eebaae9dfbda8f1ec4fcf4278b264a245b50d4bb,factory,oi <namespace> forwards the native leaf path unchanged,[],rel.factory.q2.S2,relation,product-field,q2,S2,"[""cap.factory.bounded-intent"", ""cap.factory.git-development"", ""cap.factory.intent-return""]",,,,,agent-inference,ProjectCentral/user/factory.html#q2-implement,,,factory.html#q2/implement,"The entering Agent reads the relevant intent source, success conditions and exact AIKit ContextResolution reference.",,"{""basis"": ""Exact account sentence; cell placement is editorial inference."", ""source_unit"": ""q2-implement"", ""maintenance"": {""updated_at"": ""2026-09-06"", ""change_refs"": [""codex:thread:01a07608-d2ec-7b10-9713-74c445adf8a5""]}, ""last_reconciled_at"": ""2026-09-06T14:30:24.173993+00:00""}",
software-factory,product:software-factory,product:software-factory:ProjectCentral/user/capability-matrix.csv,product:software-factory:ProjectCentral/user/capability-matrix.json,13183c744134562428668e23a1f67dc8a20c4f436417de053fe521281f0b3a7c,877f6692c56b4bbf82df85f9eebaae9dfbda8f1ec4fcf4278b264a245b50d4bb,factory,oi <namespace> forwards the native leaf path unchanged,[],rel.factory.q3.S4,relation,product-field,q3,S4,"[""cap.factory.praxis-condition""]",,,,,agent-inference,ProjectCentral/user/factory.html#q3-owners,,,factory.html#q3/owners,"AIKit resolves the operative context, knowledge and praxis; Actuation determines situated Agency and authority; Workcell supplies material execution and lifecycle.",,"{""basis"": ""Exact account sentence; cell placement is editorial inference."", ""source_unit"": ""q3-owners"", ""maintenance"": {""updated_at"": ""2026-09-06"", ""change_refs"": [""codex:thread:01a07608-d2ec-7b10-9713-74c445adf8a5""]}, ""last_reconciled_at"": ""2026-09-06T14:30:24.173993+00:00""}",
software-factory,product:software-factory,product:software-factory:ProjectCentral/user/capability-matrix.csv,product:software-factory:ProjectCentral/user/capability-matrix.json,13183c744134562428668e23a1f67dc8a20c4f436417de053fe521281f0b3a7c,877f6692c56b4bbf82df85f9eebaae9dfbda8f1ec4fcf4278b264a245b50d4bb,factory,oi <namespace> forwards the native leaf path unchanged,[],rel.factory.q3.S5,relation,product-field,q3,S5,"[""cap.factory.praxis-condition""]",,,,,agent-inference,ProjectCentral/user/factory.html#q3-owners,,,factory.html#q3/owners,QL-MEF supplies optional formal orientation and refraction.,,"{""basis"": ""Exact account sentence; cell placement is editorial inference."", ""source_unit"": ""q3-owners"", ""maintenance"": {""updated_at"": ""2026-09-06"", ""change_refs"": [""codex:thread:01a07608-d2ec-7b10-9713-74c445adf8a5""]}, ""last_reconciled_at"": ""2026-09-06T14:30:24.173993+00:00""}",
workcell,product:workcell,product:workcell:ProjectCentral/user/capability-matrix.csv,product:workcell:ProjectCentral/user/capability-matrix.json,69d23352f942eeb2870e85586eb166e65ef056da73290d52c5b48f8bb780f10f,002afaef8d37a31ceffd8edc2e4e7f074e830f406a437281ad1e6252aa5b5c20,workcell,oi <namespace> forwards the native leaf path unchanged,"[""status"",""discover"",""providers"",""doctor""]",cap.workcell.discovery,capability,,,,[],Know which material capabilities are available here,discover; providers; status; doctor,Structured provider offers and local readiness,Observed in selected native CLI tests,agent-inference,docs/WAYFINDER.md,crates/workcell-cli/src/bin/workcell.rs,crates/workcell-cli/tests/cli.rs,workcell.html#q0/need,,,"{""basis"": ""Source-recovered capability account; original verification limits retained in Markdown."", ""cli_commands"": [""status"", ""discover"", ""providers"", ""doctor""], ""cli_exposure"": {""kind"": ""direct"", ""reason"": ""The top-level commands directly return local readiness, offers, provider inventory, and baseline diagnostics.""}, ""converted_from_sha256"": ""de34514a63382d808794e42728a3b1212ccd224b09b4220837c0e0e3fde0db2e"", ""maintenance"": {""change_refs"": [""codex:thread:01a07608-d2ec-7b10-9713-74c445adf8a5"", ""docs/WAYFINDER.md"", ""ticket:43"", ""reconcile:workcell-pr-60""], ""code_basis"": {""crates/workcell-cli/src/bin/workcell.rs"": ""67c762429b371bf66bd699631517e22ad2db6341753d74c0fb0150cc26e43a5a""}, ""updated_at"": ""2026-09-08""}, ""last_reconciled_at"": ""2026-09-08T11:58:31.404727+00:00""}",
workcell,product:workcell,product:workcell:ProjectCentral/user/capability-matrix.csv,product:workcell:ProjectCentral/user/capability-matrix.json,69d23352f942eeb2870e85586eb166e65ef056da73290d52c5b48f8bb780f10f,002afaef8d37a31ceffd8edc2e4e7f074e830f406a437281ad1e6252aa5b5c20,workcell,oi <namespace> forwards the native leaf path unchanged,"[""plan""]",cap.workcell.planning,capability,,,,[],Determine whether requested conditions can be met before allocation,plan ExecutionDemand against offers and necessity,"Feasible allocation or explicit required failure, degradation and omission",Observed required/preferred local planning; broader composition source-inspected,agent-inference,docs/ARCHITECTURE.md,crates/workcell-core/src/contract/planning.rs,crates/workcell-core/tests/planning_degradation.rs;crates/workcell-cli/tests/cli.rs,workcell.html#q1/requirements,,,"{""basis"": ""Source-recovered capability account; original verification limits retained in Markdown."", ""cli_commands"": [""plan""], ""cli_exposure"": {""kind"": ""direct"", ""reason"": ""The top-level plan command parses an ExecutionDemand and returns a materialisation plan.""}, ""converted_from_sha256"": ""de34514a63382d808794e42728a3b1212ccd224b09b4220837c0e0e3fde0db2e"", ""maintenance"": {""change_refs"": [""codex:thread:01a07608-d2ec-7b10-9713-74c445adf8a5"", ""docs/WAYFINDER.md"", ""ticket:43"", ""reconcile:workcell-pr-60""], ""code_basis"": {""crates/workcell-core/src/contract/planning.rs"": ""543746d47369b0cf8ce27d40e186318524461acdbe01d7c34b1648c50d15006f""}, ""updated_at"": ""2026-09-08""}, ""last_reconciled_at"": ""2026-09-08T11:58:31.404727+00:00""}",
workcell,product:workcell,product:workcell:ProjectCentral/user/capability-matrix.csv,product:workcell:ProjectCentral/user/capability-matrix.json,69d23352f942eeb2870e85586eb166e65ef056da73290d52c5b48f8bb780f10f,002afaef8d37a31ceffd8edc2e4e7f074e830f406a437281ad1e6252aa5b5c20,workcell,oi <namespace> forwards the native leaf path unchanged,"[""status"",""discover"",""plan"",""prepare"",""observe"",""expose"",""collect"",""release"",""reconcile"",""providers"",""doctor""]",cap.workcell.cli,capability,,,,[],Operate material worlds from human and Agent tools,Native local and remote CLI operations with structured output,Usable material operations across process boundaries,Observed local and remote CLI tests,agent-inference,docs/WAYFINDER.md,crates/workcell-cli/src/bin/workcell_entry.rs;crates/workcell-cli/src/bin/workcell.rs,crates/workcell-cli/tests/cli.rs;crates/workcell-cli/tests/remote_cli.rs,workcell.html#q1/product,,,"{""basis"": ""Source-recovered capability account; original verification limits retained in Markdown."", ""cli_commands"": [""status"", ""discover"", ""plan"", ""prepare"", ""observe"", ""expose"", ""collect"", ""release"", ""reconcile"", ""providers"", ""doctor""], ""cli_exposure"": {""kind"": ""direct"", ""reason"": ""This capability is the native command surface itself.""}, ""converted_from_sha256"": ""de34514a63382d808794e42728a3b1212ccd224b09b4220837c0e0e3fde0db2e"", ""maintenance"": {""change_refs"": [""codex:thread:01a07608-d2ec-7b10-9713-74c445adf8a5"", ""docs/WAYFINDER.md"", ""ticket:43"", ""reconcile:workcell-pr-60""], ""code_basis"": {""crates/workcell-cli/src/bin/workcell.rs"": ""67c762429b371bf66bd699631517e22ad2db6341753d74c0fb0150cc26e43a5a"", ""crates/workcell-cli/src/bin/workcell_entry.rs"": ""20c1a9d755a8db5730f2847845ed7cd690ed32e9ece8ce9795cf888ab4c626e8""}, ""updated_at"": ""2026-09-08""}, ""last_reconciled_at"": ""2026-09-08T11:58:31.404727+00:00""}",
workcell,product:workcell,product:workcell:ProjectCentral/user/capability-matrix.csv,product:workcell:ProjectCentral/user/capability-matrix.json,69d23352f942eeb2870e85586eb166e65ef056da73290d52c5b48f8bb780f10f,002afaef8d37a31ceffd8edc2e4e7f074e830f406a437281ad1e6252aa5b5c20,workcell,oi <namespace> forwards the native leaf path unchanged,"[""prepare""]",cap.workcell.local-world,capability,,,,[],Begin work on an ordinary computer,"CollapsedLocalWorkcell prepares host execution, directory workspace and artifact channels",A usable local material world and durable receipt,Observed in collapsed_local and CLI tests,agent-inference,docs/DEPLOYMENT-PROFILES.md,crates/workcell-runtime/src/local.rs,crates/workcell-runtime/tests/collapsed_local.rs,workcell.html#q2/local-journey,,,"{""basis"": ""Source-recovered capability account; original verification limits retained in Markdown."", ""cli_commands"": [""prepare""], ""cli_exposure"": {""kind"": ""direct"", ""reason"": ""The collapsed-local prepare path materialises the local world and persists its receipt.""}, ""converted_from_sha256"": ""de34514a63382d808794e42728a3b1212ccd224b09b4220837c0e0e3fde0db2e"", ""maintenance"": {""change_refs"": [""codex:thread:01a07608-d2ec-7b10-9713-74c445adf8a5"", ""docs/WAYFINDER.md"", ""ticket:43"", ""reconcile:workcell-pr-60""], ""code_basis"": {""crates/workcell-runtime/src/local.rs"": ""aaf9c45b35b345e0d6ba1147fcfabb596a657666dee656a70aefbc13f4c3d0aa""}, ""updated_at"": ""2026-09-08""}, ""last_reconciled_at"": ""2026-09-08T11:58:31.404727+00:00""}",
workcell,product:workcell,product:workcell:ProjectCentral/user/capability-matrix.csv,product:workcell:ProjectCentral/user/capability-matrix.json,69d23352f942eeb2870e85586eb166e65ef056da73290d52c5b48f8bb780f10f,002afaef8d37a31ceffd8edc2e4e7f074e830f406a437281ad1e6252aa5b5c20,workcell,oi <namespace> forwards the native leaf path unchanged,"[""prepare"",""observe"",""release""]",cap.workcell.workspace,capability,,,,[],Work with source at the intended revision and access mode,"Directory or Git worktree workspace prepare, observe and release","Material source workspace with revision, access and dirty-state account","Observed real directory, Git and restart tests",agent-inference,docs/ARCHITECTURE.md,crates/workcell-workspace/src/lib.rs,crates/workcell-workspace/tests/directory_provider.rs;crates/workcell-workspace/tests/git_worktree_provider.rs;crates/workcell-workspace/tests/restart_recovery.rs,workcell.html#q2/local-journey,,,"{""basis"": ""Source-recovered capability account; original verification limits retained in Markdown."", ""cli_commands"": [""prepare"", ""observe"", ""release""], ""cli_exposure"": {""kind"": ""composed"", ""reason"": ""These commands operate the workspace as one binding in a material world; no workspace-only leaf command exists.""}, ""converted_from_sha256"": ""de34514a63382d808794e42728a3b1212ccd224b09b4220837c0e0e3fde0db2e"", ""maintenance"": {""change_refs"": [""codex:thread:01a07608-d2ec-7b10-9713-74c445adf8a5"", ""docs/WAYFINDER.md"", ""ticket:43"", ""reconcile:workcell-pr-60""], ""code_basis"": {""crates/workcell-workspace/src/lib.rs"": ""7dac059378256629975290ee4f6fcc87acec89bc385fabb6a313580162473c05""}, ""updated_at"": ""2026-09-08""}, ""last_reconciled_at"": ""2026-09-08T11:58:31.404727+00:00""}",
workcell,product:workcell,product:workcell:ProjectCentral/user/capability-matrix.csv,product:workcell:ProjectCentral/user/capability-matrix.json,69d23352f942eeb2870e85586eb166e65ef056da73290d52c5b48f8bb780f10f,002afaef8d37a31ceffd8edc2e4e7f074e830f406a437281ad1e6252aa5b5c20,workcell,oi <namespace> forwards the native leaf path unchanged,"[""prepare"",""observe""]",cap.workcell.bindings,capability,,,,[],Inspect which resources jointly realise a demand,compose_world and BindingGraph construction,Stable material-world relation with caller and provider provenance,Source-inspected; local world construction exercised in selected tests,agent-inference,docs/ARCHITECTURE.md,crates/workcell-core/src/world/compose.rs,crates/workcell-core/tests/material_world.rs,workcell.html#q1/world,,,"{""basis"": ""Source-recovered capability account; original verification limits retained in Markdown."", ""cli_commands"": [""prepare"", ""observe""], ""cli_exposure"": {""kind"": ""composed"", ""reason"": ""Preparation returns composed bindings and observation reads them; the CLI has no BindingGraph-only leaf command.""}, ""converted_from_sha256"": ""de34514a63382d808794e42728a3b1212ccd224b09b4220837c0e0e3fde0db2e"", ""maintenance"": {""change_refs"": [""codex:thread:01a07608-d2ec-7b10-9713-74c445adf8a5"", ""docs/WAYFINDER.md"", ""ticket:43"", ""reconcile:workcell-pr-60""], ""code_basis"": {""crates/workcell-core/src/world/compose.rs"": ""eb24ef29ffb9739d526f2903ff23e91ca8bba1f919d6fc63ddacf3a9e1a14129""}, ""updated_at"": ""2026-09-08""}, ""last_reconciled_at"": ""2026-09-08T11:58:31.404727+00:00""}",
workcell,product:workcell,product:workcell:ProjectCentral/user/capability-matrix.csv,product:workcell:ProjectCentral/user/capability-matrix.json,69d23352f942eeb2870e85586eb166e65ef056da73290d52c5b48f8bb780f10f,002afaef8d37a31ceffd8edc2e4e7f074e830f406a437281ad1e6252aa5b5c20,workcell,oi <namespace> forwards the native leaf path unchanged,"[""prepare"",""observe"",""release""]",cap.workcell.services,capability,,,,[],Keep a process-backed service reachable and inspectable,ServiceProvider and ManagedHostServiceProvider lifecycle/readiness,Logical service endpoint with material process and health information,Observed: managed_host_service.rs (6/6) and hosting_conformance.rs (4/4) pass,agent-inference,docs/CONTROL-SERVICE-AND-AGENT-HOSTING.md,crates/workcell-runtime/src/service.rs;crates/workcell-runtime/src/host.rs,crates/workcell-runtime/tests/managed_host_service.rs;crates/workcell-runtime/tests/hosting_conformance.rs,workcell.html#q2/service-journey,,,"{""basis"": ""Source-recovered capability account; original verification limits retained in Markdown."", ""cli_commands"": [""prepare"", ""observe"", ""release""], ""cli_exposure"": {""kind"": ""composed"", ""reason"": ""Service lifecycle is provider-composed through world operations rather than a service-only leaf command.""}, ""converted_from_sha256"": ""de34514a63382d808794e42728a3b1212ccd224b09b4220837c0e0e3fde0db2e"", ""maintenance"": {""change_refs"": [""codex:thread:01a07608-d2ec-7b10-9713-74c445adf8a5"", ""docs/WAYFINDER.md"", ""ticket:43"", ""reconcile:workcell-pr-60""], ""code_basis"": {""crates/workcell-runtime/src/host.rs"": ""b01293184aa8cde3e84cb3f2e70500ea5699bb17677d261e2e84335bd88715df"", ""crates/workcell-runtime/src/service.rs"": ""9055c902827d54a3b0b90703b7358ee7cdd1429264ab24774a272c2e4a2c99c3""}, ""updated_at"": ""2026-09-08""}, ""last_reconciled_at"": ""2026-09-08T11:58:31.404727+00:00""}",
workcell,product:workcell,product:workcell:ProjectCentral/user/capability-matrix.csv,product:workcell:ProjectCentral/user/capability-matrix.json,69d23352f942eeb2870e85586eb166e65ef056da73290d52c5b48f8bb780f10f,002afaef8d37a31ceffd8edc2e4e7f074e830f406a437281ad1e6252aa5b5c20,workcell,oi <namespace> forwards the native leaf path unchanged,"[""observe""]",cap.workcell.observation,capability,,,,[],Know what remains usable in a prepared environment,observe existing world and provider allocations,Live binding observations and unavailable or degraded conditions,Observed local workspace/world paths; wider health cases source-inspected,agent-inference,docs/LIFECYCLE-RECONCILIATION.md,crates/workcell-core/src/world/mod.rs,crates/workcell-core/tests/lifecycle_reconciliation.rs;crates/workcell-runtime/tests/collapsed_local.rs,workcell.html#q0/experience,,,"{""basis"": ""Source-recovered capability account; original verification limits retained in Markdown."", ""cli_commands"": [""observe""], ""cli_exposure"": {""kind"": ""direct"", ""reason"": ""The top-level observe command reads a prepared world from its receipt.""}, ""converted_from_sha256"": ""de34514a63382d808794e42728a3b1212ccd224b09b4220837c0e0e3fde0db2e"", ""maintenance"": {""change_refs"": [""codex:thread:01a07608-d2ec-7b10-9713-74c445adf8a5"", ""docs/WAYFINDER.md"", ""ticket:43"", ""reconcile:workcell-pr-60""], ""code_basis"": {""crates/workcell-core/src/world/mod.rs"": ""8ada2c91cf95ac10bb9003740ab11f8cece99a75163da8256faa10c30176ea7c""}, ""updated_at"": ""2026-09-08""}, ""last_reconciled_at"": ""2026-09-08T11:58:31.404727+00:00""}",
workcell,product:workcell,product:workcell:ProjectCentral/user/capability-matrix.csv,product:workcell:ProjectCentral/user/capability-matrix.json,69d23352f942eeb2870e85586eb166e65ef056da73290d52c5b48f8bb780f10f,002afaef8d37a31ceffd8edc2e4e7f074e830f406a437281ad1e6252aa5b5c20,workcell,oi <namespace> forwards the native leaf path unchanged,"[""collect""]",cap.workcell.collection,capability,,,,[],Retain useful material outputs of an activity,collect via artifact/storage provider,Collection bundle pointing to outputs and provenance,Source-inspected; full expose_collect suite not run in this pass,agent-inference,docs/ARCHITECTURE.md,crates/workcell-artifact/src/directory.rs,crates/workcell-runtime/tests/expose_collect.rs,workcell.html#q5/return,,,"{""basis"": ""Source-recovered capability account; original verification limits retained in Markdown."", ""cli_commands"": [""collect""], ""cli_exposure"": {""kind"": ""direct"", ""reason"": ""The top-level collect command collects prepared output channels.""}, ""converted_from_sha256"": ""de34514a63382d808794e42728a3b1212ccd224b09b4220837c0e0e3fde0db2e"", ""maintenance"": {""change_refs"": [""codex:thread:01a07608-d2ec-7b10-9713-74c445adf8a5"", ""docs/WAYFINDER.md"", ""ticket:43"", ""reconcile:workcell-pr-60""], ""code_basis"": {""crates/workcell-artifact/src/directory.rs"": ""2fead2a2a47fc096ec6db5ef445a15878567a198724699857fca4cf50c4b33a6""}, ""updated_at"": ""2026-09-08""}, ""last_reconciled_at"": ""2026-09-08T11:58:31.404727+00:00""}",
workcell,product:workcell,product:workcell:ProjectCentral/user/capability-matrix.csv,product:workcell:ProjectCentral/user/capability-matrix.json,69d23352f942eeb2870e85586eb166e65ef056da73290d52c5b48f8bb780f10f,002afaef8d37a31ceffd8edc2e4e7f074e830f406a437281ad1e6252aa5b5c20,workcell,oi <namespace> forwards the native leaf path unchanged,"[""release""]",cap.workcell.release,capability,,,,[],End or retain an environment with visible consequences,release and retention disposition per binding,Released or preserved material with explicit partial outcomes,Observed local and workspace release; extended lifecycle source-inspected,agent-inference,docs/LIFECYCLE-RECONCILIATION.md,crates/workcell-core/src/world/mod.rs,crates/workcell-core/tests/lifecycle_reconciliation.rs;crates/workcell-runtime/tests/collapsed_local.rs,workcell.html#q2/recovery-journey,,,"{""basis"": ""Source-recovered capability account; original verification limits retained in Markdown."", ""cli_commands"": [""release""], ""cli_exposure"": {""kind"": ""direct"", ""reason"": ""The top-level release command releases or preserves a prepared world.""}, ""converted_from_sha256"": ""de34514a63382d808794e42728a3b1212ccd224b09b4220837c0e0e3fde0db2e"", ""maintenance"": {""change_refs"": [""codex:thread:01a07608-d2ec-7b10-9713-74c445adf8a5"", ""docs/WAYFINDER.md"", ""ticket:43"", ""reconcile:workcell-pr-60""], ""code_basis"": {""crates/workcell-core/src/world/mod.rs"": ""8ada2c91cf95ac10bb9003740ab11f8cece99a75163da8256faa10c30176ea7c""}, ""updated_at"": ""2026-09-08""}, ""last_reconciled_at"": ""2026-09-08T11:58:31.404727+00:00""}",
workcell,product:workcell,product:workcell:ProjectCentral/user/capability-matrix.csv,product:workcell:ProjectCentral/user/capability-matrix.json,69d23352f942eeb2870e85586eb166e65ef056da73290d52c5b48f8bb780f10f,002afaef8d37a31ceffd8edc2e4e7f074e830f406a437281ad1e6252aa5b5c20,workcell,oi <namespace> forwards the native leaf path unchanged,"[""reconcile""]",cap.workcell.reconciliation,capability,,,,[],Compare persisted expectations with current material state,Register durable world and reconcile desired material state,"Explicit missing, stale, recover, resume or rematerialise differences",Source-inspected; workspace restart reconstruction observed,agent-inference,docs/LIFECYCLE-RECONCILIATION.md,crates/workcell-core/src/world/mod.rs,crates/workcell-core/tests/lifecycle_reconciliation.rs;crates/workcell-workspace/tests/restart_recovery.rs,workcell.html#q2/recovery-journey,,,"{""basis"": ""Source-recovered capability account; original verification limits retained in Markdown."", ""cli_commands"": [""reconcile""], ""cli_exposure"": {""kind"": ""direct"", ""reason"": ""The top-level reconcile command compares desired material state with a receipt-backed world.""}, ""converted_from_sha256"": ""de34514a63382d808794e42728a3b1212ccd224b09b4220837c0e0e3fde0db2e"", ""maintenance"": {""change_refs"": [""codex:thread:01a07608-d2ec-7b10-9713-74c445adf8a5"", ""docs/WAYFINDER.md"", ""ticket:43"", ""reconcile:workcell-pr-60""], ""code_basis"": {""crates/workcell-core/src/world/mod.rs"": ""8ada2c91cf95ac10bb9003740ab11f8cece99a75163da8256faa10c30176ea7c""}, ""updated_at"": ""2026-09-08""}, ""last_reconciled_at"": ""2026-09-08T11:58:31.404727+00:00""}",
workcell,product:workcell,product:workcell:ProjectCentral/user/capability-matrix.csv,product:workcell:ProjectCentral/user/capability-matrix.json,69d23352f942eeb2870e85586eb166e65ef056da73290d52c5b48f8bb780f10f,002afaef8d37a31ceffd8edc2e4e7f074e830f406a437281ad1e6252aa5b5c20,workcell,oi <namespace> forwards the native leaf path unchanged,"[""status"",""discover"",""plan"",""prepare"",""observe"",""expose"",""collect"",""release"",""reconcile"",""providers"",""doctor""]",cap.workcell.remote-control,capability,,,,[],Use the same material operations on a remote Workcell,Authenticated control service and client transport,Native operation results with distinct transport and authentication failures,Observed real local remote-CLI/service tests; physical remote host unrun,agent-inference,docs/CONTROL-SERVICE-AND-AGENT-HOSTING.md,crates/workcell-control/src/service.rs;crates/workcell-control/src/network.rs,crates/workcell-cli/tests/remote_cli.rs;crates/workcell-control/tests/tcp.rs,workcell.html#q4/deployment,,,"{""basis"": ""Source-recovered capability account; original verification limits retained in Markdown."", ""cli_commands"": [""status"", ""discover"", ""plan"", ""prepare"", ""observe"", ""expose"", ""collect"", ""release"", ""reconcile"", ""providers"", ""doctor""], ""cli_exposure"": {""kind"": ""composed"", ""reason"": ""Each listed command is routed through the control service only when --endpoint or its environment default selects a remote backend.""}, ""converted_from_sha256"": ""de34514a63382d808794e42728a3b1212ccd224b09b4220837c0e0e3fde0db2e"", ""maintenance"": {""change_refs"": [""codex:thread:01a07608-d2ec-7b10-9713-74c445adf8a5"", ""docs/WAYFINDER.md"", ""ticket:43"", ""reconcile:workcell-pr-60""], ""code_basis"": {""crates/workcell-control/src/network.rs"": ""9e093acb560a851a73354189bf01ee7ab008edab3aef12b4618cde363866671e"", ""crates/workcell-control/src/service.rs"": ""3d6100feeda385de10310e2903f149b41998b20298d1c9ecda48c02fb61f09ae""}, ""updated_at"": ""2026-09-08""}, ""last_reconciled_at"": ""2026-09-08T11:58:31.404727+00:00""}",
workcell,product:workcell,product:workcell:ProjectCentral/user/capability-matrix.csv,product:workcell:ProjectCentral/user/capability-matrix.json,69d23352f942eeb2870e85586eb166e65ef056da73290d52c5b48f8bb780f10f,002afaef8d37a31ceffd8edc2e4e7f074e830f406a437281ad1e6252aa5b5c20,workcell,oi <namespace> forwards the native leaf path unchanged,[],cap.workcell.placement,capability,,,,[],Choose material location without changing client identity,Multi-Workcell offer and placement seam,Placement provenance and provider-neutral demand continuity,Source-inspected; physical multi-host acceptance unrun,agent-inference,docs/MULTI-WORKCELL-PLACEMENT.md,crates/workcell-placement/src/lib.rs,crates/workcell-placement/tests/multi_workcell.rs,workcell.html#q4/deployment,,,"{""basis"": ""Source-recovered capability account; original verification limits retained in Markdown."", ""cli_commands"": [], ""cli_exposure"": {""kind"": ""library"", ""reason"": ""Placement is a library seam; this CLI does not expose a placement-selection leaf command.""}, ""converted_from_sha256"": ""de34514a63382d808794e42728a3b1212ccd224b09b4220837c0e0e3fde0db2e"", ""maintenance"": {""change_refs"": [""codex:thread:01a07608-d2ec-7b10-9713-74c445adf8a5"", ""docs/WAYFINDER.md"", ""ticket:43"", ""reconcile:workcell-pr-60""], ""code_basis"": {""crates/workcell-placement/src/lib.rs"": ""da3215691e70358d81e6de4cc690abfc63d25b4e2e74583343e2241e5248b455""}, ""updated_at"": ""2026-09-08""}, ""last_reconciled_at"": ""2026-09-08T11:58:31.404727+00:00""}",
workcell,product:workcell,product:workcell:ProjectCentral/user/capability-matrix.csv,product:workcell:ProjectCentral/user/capability-matrix.json,69d23352f942eeb2870e85586eb166e65ef056da73290d52c5b48f8bb780f10f,002afaef8d37a31ceffd8edc2e4e7f074e830f406a437281ad1e6252aa5b5c20,workcell,oi <namespace> forwards the native leaf path unchanged,[],cap.workcell.connectivity,capability,,,,[],Make logical service relationships materially feasible,Fabric relationship planning and Tailscale reference bindings,"Inspectable reachability, path and policy relations",Source-inspected; live Tailscale and private workstation-server path unrun,agent-inference,docs/CONNECTIVITY-FABRIC.md,crates/workcell-fabric/src/lib.rs;crates/workcell-tailscale/src/lib.rs,crates/workcell-tailscale/tests/aikit_gateway_fabric.rs,workcell.html#q3/access,,,"{""basis"": ""Source-recovered capability account; original verification limits retained in Markdown."", ""cli_commands"": [], ""cli_exposure"": {""kind"": ""library"", ""reason"": ""Fabric and Tailscale bindings are provider/library capabilities without a dedicated current CLI leaf command.""}, ""converted_from_sha256"": ""de34514a63382d808794e42728a3b1212ccd224b09b4220837c0e0e3fde0db2e"", ""maintenance"": {""change_refs"": [""codex:thread:01a07608-d2ec-7b10-9713-74c445adf8a5"", ""docs/WAYFINDER.md"", ""ticket:43"", ""reconcile:workcell-pr-60""], ""code_basis"": {""crates/workcell-fabric/src/lib.rs"": ""d4f68d4f1184b39185218e257eed90052bbc752ad17b81971e8368573fc9d8ce"", ""crates/workcell-tailscale/src/lib.rs"": ""ddb2b8deed2b61f24b73c6c7129786175f98bf808e1ecff26567c4db3b7ed65d""}, ""updated_at"": ""2026-09-08""}, ""last_reconciled_at"": ""2026-09-08T11:58:31.404727+00:00""}",
workcell,product:workcell,product:workcell:ProjectCentral/user/capability-matrix.csv,product:workcell:ProjectCentral/user/capability-matrix.json,69d23352f942eeb2870e85586eb166e65ef056da73290d52c5b48f8bb780f10f,002afaef8d37a31ceffd8edc2e4e7f074e830f406a437281ad1e6252aa5b5c20,workcell,oi <namespace> forwards the native leaf path unchanged,[],cap.workcell.candidates,capability,,,,[],Replace a candidate environment while retaining developmental identity,Candidate materialisation adapter using opaque client references,Disposable or retained material bindings related to a stable candidate,Source-inspected; candidate conformance not executed here,agent-inference,docs/CANDIDATE-MATERIALISATION.md,crates/workcell-candidate/src/lib.rs,crates/workcell-candidate/tests/candidate_materialisation.rs,workcell.html#q0/continuity,,,"{""basis"": ""Source-recovered capability account; original verification limits retained in Markdown."", ""cli_commands"": [], ""cli_exposure"": {""kind"": ""library"", ""reason"": ""Candidate materialisation is an adapter/library capability without a dedicated current CLI leaf command.""}, ""converted_from_sha256"": ""de34514a63382d808794e42728a3b1212ccd224b09b4220837c0e0e3fde0db2e"", ""maintenance"": {""change_refs"": [""codex:thread:01a07608-d2ec-7b10-9713-74c445adf8a5"", ""docs/WAYFINDER.md"", ""ticket:43"", ""reconcile:workcell-pr-60""], ""code_basis"": {""crates/workcell-candidate/src/lib.rs"": ""9288041a634b6d609829228326499b7a3401594304b236ff1e51b9f72c4ed377""}, ""updated_at"": ""2026-09-08""}, ""last_reconciled_at"": ""2026-09-08T11:58:31.404727+00:00""}",
workcell,product:workcell,product:workcell:ProjectCentral/user/capability-matrix.csv,product:workcell:ProjectCentral/user/capability-matrix.json,69d23352f942eeb2870e85586eb166e65ef056da73290d52c5b48f8bb780f10f,002afaef8d37a31ceffd8edc2e4e7f074e830f406a437281ad1e6252aa5b5c20,workcell,oi <namespace> forwards the native leaf path unchanged,"[""providers""]",cap.workcell.provider-extension,capability,,,,[],Add material capabilities through a public contract,Client/provider SDK contracts and conformance support,Replaceable provider implementations and attributable failures,Source-inspected; SDK conformance not executed here,agent-inference,crates/workcell-sdk/README.md,crates/workcell-sdk/src/lib.rs,crates/workcell-sdk/tests/sdk_conformance.rs,workcell.html#q3/providers,,,"{""basis"": ""Source-recovered capability account; original verification limits retained in Markdown."", ""cli_commands"": [""providers""], ""cli_exposure"": {""kind"": ""composed"", ""reason"": ""providers lists the inventory supplied through the extension contract; provider authoring remains a library capability.""}, ""converted_from_sha256"": ""de34514a63382d808794e42728a3b1212ccd224b09b4220837c0e0e3fde0db2e"", ""maintenance"": {""change_refs"": [""codex:thread:01a07608-d2ec-7b10-9713-74c445adf8a5"", ""docs/WAYFINDER.md"", ""ticket:43"", ""reconcile:workcell-pr-60""], ""code_basis"": {""crates/workcell-sdk/src/lib.rs"": ""fb968235760e31271ee7f09679adbc58358929ec4144ed5dc00f1a506f99a9d8""}, ""updated_at"": ""2026-09-08""}, ""last_reconciled_at"": ""2026-09-08T11:58:31.404727+00:00""}",
workcell,product:workcell,product:workcell:ProjectCentral/user/capability-matrix.csv,product:workcell:ProjectCentral/user/capability-matrix.json,69d23352f942eeb2870e85586eb166e65ef056da73290d52c5b48f8bb780f10f,002afaef8d37a31ceffd8edc2e4e7f074e830f406a437281ad1e6252aa5b5c20,workcell,oi <namespace> forwards the native leaf path unchanged,"[""prepare"",""observe"",""expose"",""collect"",""release""]",cap.workcell.rich-provider,capability,,,,[],"Compose isolated execution, storage and endpoints for a working world",OpenSandbox lifecycle adapter and material composition,Separate bindings with shared physical provenance and native endpoint access,Protocol adapter source-inspected; fixture conformance is not live provider proof,agent-inference,docs/OPENSANDBOX-SOURCE-INTEGRATION.md;../github-recovery-mirror/mirror/Workcell/issues/43.comments.json,crates/workcell-opensandbox/src/composition.rs;crates/workcell-opensandbox/src/project_world.rs,crates/workcell-opensandbox/tests/opensandbox_conformance.rs,workcell.html#q3/access,,,"{""basis"": ""Source-recovered capability account; original verification limits retained in Markdown."", ""cli_commands"": [""prepare"", ""observe"", ""expose"", ""collect"", ""release""], ""cli_exposure"": {""kind"": ""composed"", ""reason"": ""These world commands can use rich providers, but they do not select or prove an OpenSandbox-specific provider.""}, ""converted_from_sha256"": ""de34514a63382d808794e42728a3b1212ccd224b09b4220837c0e0e3fde0db2e"", ""maintenance"": {""change_refs"": [""codex:thread:01a07608-d2ec-7b10-9713-74c445adf8a5"", ""docs/WAYFINDER.md"", ""ticket:43"", ""reconcile:workcell-pr-60""], ""code_basis"": {""crates/workcell-opensandbox/src/composition.rs"": ""5a945f9c935741508d72da20eda675c19351863fb017780d0689a2f27a3efc13"", ""crates/workcell-opensandbox/src/project_world.rs"": ""377c0c3c0d5b7051c7389f0db244bf637925d7d8a2f56976db5193ac0592a8e1""}, ""updated_at"": ""2026-09-08""}, ""last_reconciled_at"": ""2026-09-08T11:58:31.404727+00:00""}",
workcell,product:workcell,product:workcell:ProjectCentral/user/capability-matrix.csv,product:workcell:ProjectCentral/user/capability-matrix.json,69d23352f942eeb2870e85586eb166e65ef056da73290d52c5b48f8bb780f10f,002afaef8d37a31ceffd8edc2e4e7f074e830f406a437281ad1e6252aa5b5c20,workcell,oi <namespace> forwards the native leaf path unchanged,[],cap.workcell.checkpoints,capability,,,,[],Handle provider lifetime separately from durable retention,Observe or renew lease and request reusable material checkpoint,Explicit expiry and provider-local restore reference,Source-inspected OpenSandbox protocol implementation; physical restore unrun,agent-inference,docs/OPENSANDBOX-SOURCE-INTEGRATION.md,crates/workcell-opensandbox/src/lib.rs;crates/workcell-core/src/contract/material.rs,crates/workcell-opensandbox/src/lib.rs;crates/workcell-opensandbox/tests/opensandbox_conformance.rs,workcell.html#q2/recovery-journey,,,"{""basis"": ""Source-recovered capability account; original verification limits retained in Markdown."", ""cli_commands"": [], ""cli_exposure"": {""kind"": ""gap"", ""reason"": ""The current help has no checkpoint, lease-renewal, or restore leaf command.""}, ""converted_from_sha256"": ""de34514a63382d808794e42728a3b1212ccd224b09b4220837c0e0e3fde0db2e"", ""maintenance"": {""change_refs"": [""codex:thread:01a07608-d2ec-7b10-9713-74c445adf8a5"", ""docs/WAYFINDER.md"", ""ticket:43"", ""pull:56"", ""suite-change:git-lifecycle-and-product-ground-2026-09-08"", ""reconcile:workcell-pr-60""], ""code_basis"": {""crates/workcell-core/src/contract/material.rs"": ""71d6431c8ac5642e79814af0dae7daa5ffa76fc49b7ee063035e53702c324fb1"", ""crates/workcell-opensandbox/src/lib.rs"": ""786073e8cfb83fa9a1d9e999fee9d3bcc73a6a161dc88e7870221afbb2a8285d""}, ""updated_at"": ""2026-09-08""}, ""last_reconciled_at"": ""2026-09-08T11:58:31.404727+00:00""}",
workcell,product:workcell,product:workcell:ProjectCentral/user/capability-matrix.csv,product:workcell:ProjectCentral/user/capability-matrix.json,69d23352f942eeb2870e85586eb166e65ef056da73290d52c5b48f8bb780f10f,002afaef8d37a31ceffd8edc2e4e7f074e830f406a437281ad1e6252aa5b5c20,workcell,oi <namespace> forwards the native leaf path unchanged,[],cap.workcell.credentials,capability,,,,[],Make a credential usable within bounded material access,Secret materialisation and OpenSandbox credential broker adapter,Use-only credential relation with redacted material receipts,Source-inspected; live credential broker acceptance unrun,agent-inference,docs/OPENSANDBOX-SOURCE-INTEGRATION.md,crates/workcell-opensandbox/src/credential.rs;crates/workcell-core/src/secret.rs,crates/workcell-opensandbox/src/credential.rs,workcell.html#q3/access,,,"{""basis"": ""Source-recovered capability account; original verification limits retained in Markdown."", ""cli_commands"": [], ""cli_exposure"": {""kind"": ""gap"", ""reason"": ""The current help has no credential-materialisation leaf command.""}, ""converted_from_sha256"": ""de34514a63382d808794e42728a3b1212ccd224b09b4220837c0e0e3fde0db2e"", ""maintenance"": {""change_refs"": [""codex:thread:01a07608-d2ec-7b10-9713-74c445adf8a5"", ""docs/WAYFINDER.md"", ""ticket:43"", ""reconcile:workcell-pr-60""], ""code_basis"": {""crates/workcell-core/src/secret.rs"": ""d584f1cd980b7bc0318ed51effdb9cb2df86840fec0d4c1288a6287d966adf51"", ""crates/workcell-opensandbox/src/credential.rs"": ""bbd61b0e230169edd460e247839428fe22bbe5e45350722215485e3fc3ef9fcb""}, ""updated_at"": ""2026-09-08""}, ""last_reconciled_at"": ""2026-09-08T11:58:31.404727+00:00""}",
workcell,product:workcell,product:workcell:ProjectCentral/user/capability-matrix.csv,product:workcell:ProjectCentral/user/capability-matrix.json,69d23352f942eeb2870e85586eb166e65ef056da73290d52c5b48f8bb780f10f,002afaef8d37a31ceffd8edc2e4e7f074e830f406a437281ad1e6252aa5b5c20,workcell,oi <namespace> forwards the native leaf path unchanged,"[""instances""]",cap.workcell.instance-registry,capability,,,,[],Know which harness processes are materially present and what bounded resource conditions they disclose,"Persist, scan, declare and adopt harness-instance records; observe one bound PID over a bounded interval",A conflict-safe live/stale registry plus an exact-provenance CPU/memory reading with independent unsupported metrics,Observed in native registry/scanner tests and real macOS Codex process usage after actual-executable binding; unsupported metrics remain explicit,agent-inference,README.md;docs/RESOURCE-USAGE.md,crates/workcell-runtime/src/instance_registry.rs;crates/workcell-runtime/src/instance_scan.rs;crates/workcell-runtime/src/instance_projection.rs;crates/workcell-runtime/src/resource_usage.rs;crates/workcell-runtime/src/lib.rs;crates/workcell-cli/src/main.rs,crates/workcell-runtime/src/instance_registry.rs;crates/workcell-runtime/src/instance_scan.rs;crates/workcell-cli/tests/cli.rs,workcell.html#q0/continuity,,,"{""basis"": ""Reconciled against the live HarnessInstance registry and bounded local resource-usage implementation."", ""cli_commands"": [""instances""], ""cli_exposure"": {""kind"": ""direct"", ""reason"": ""The instances command exposes list, show, register, declare, live scan and bounded usage operations.""}, ""maintenance"": {""change_refs"": [""pull:53"", ""pull:54"", ""pull:55"", ""suite-change:git-lifecycle-and-product-ground-2026-09-08"", ""reconcile:workcell-pr-60"", ""workcell:#62"", ""workcell:#65""], ""code_basis"": {""crates/workcell-runtime/src/instance_registry.rs"": ""bea19e93d8d9ebce8e1bda8863a9102ad73975d46f56de7f7a0076b7f7b51213"", ""crates/workcell-runtime/src/instance_scan.rs"": ""d5a978bc5946eb1083af2da11b577e11b252467177836fab73375c5e07e3e396"", ""crates/workcell-runtime/src/instance_projection.rs"": ""a245ea9af0e6fafb72bb05582c167504fe254470d25c9b8981394c85d4325b92"", ""crates/workcell-runtime/src/resource_usage.rs"": ""f9a7e5f89c4fbd1c5647b478a281e509a30255f8797c7939b4159f82b557d825"", ""crates/workcell-runtime/src/lib.rs"": ""0a9bbbf02c8cba26f9ef426c74bb5c771e893ea77d334ef3ae579d6cc9244494"", ""crates/workcell-cli/src/main.rs"": ""2056777851697f29b1c3f0310009bb59bda323d16a29fc96214419c484ac2f20""}, ""updated_at"": ""2026-09-09""}, ""last_reconciled_at"": ""2026-09-09T13:21:33.193543+00:00""}",
workcell,product:workcell,product:workcell:ProjectCentral/user/capability-matrix.csv,product:workcell:ProjectCentral/user/capability-matrix.json,69d23352f942eeb2870e85586eb166e65ef056da73290d52c5b48f8bb780f10f,002afaef8d37a31ceffd8edc2e4e7f074e830f406a437281ad1e6252aa5b5c20,workcell,oi <namespace> forwards the native leaf path unchanged,"[""sandboxes""]",cap.workcell.sandbox-reconciliation,capability,,,,[],Keep provider-owned sandboxes aligned with Workcell lease records,List and classify server-side OpenSandbox material; optionally release expired or explicitly selected orphans,An inspectable reconciliation report with idempotent cleanup outcomes,Observed in native reconciliation transport tests; live provider acceptance remains unrun,agent-inference,docs/OPENSANDBOX-SOURCE-INTEGRATION.md,crates/workcell-opensandbox/src/reconcile.rs,crates/workcell-opensandbox/src/reconcile.rs,workcell.html#q2/recovery-journey,,,"{""basis"": ""Reconciled against the server-side sandbox reconciler landed on Workcell main."", ""cli_commands"": [""sandboxes""], ""cli_exposure"": {""kind"": ""direct"", ""reason"": ""The sandboxes reconcile command reports and optionally releases provider-side orphan material.""}, ""maintenance"": {""change_refs"": [""pull:56"", ""suite-change:git-lifecycle-and-product-ground-2026-09-08"", ""reconcile:workcell-pr-60""], ""code_basis"": {""crates/workcell-opensandbox/src/reconcile.rs"": ""cfd4e027dc1d3efc885b03464422b7021453114a900cb6b1b4e504c10c82d3cb""}, ""updated_at"": ""2026-09-08""}, ""last_reconciled_at"": ""2026-09-08T11:58:31.404727+00:00""}",
workcell,product:workcell,product:workcell:ProjectCentral/user/capability-matrix.csv,product:workcell:ProjectCentral/user/capability-matrix.json,69d23352f942eeb2870e85586eb166e65ef056da73290d52c5b48f8bb780f10f,002afaef8d37a31ceffd8edc2e4e7f074e830f406a437281ad1e6252aa5b5c20,workcell,oi <namespace> forwards the native leaf path unchanged,"[""prepare"",""observe"",""expose"",""release""]",cap.workcell.model-hosting,capability,,,,[],Supply material conditions for an inference service,"Managed host process/service with readiness, endpoint and resource requirements",A reachable service with client-owned model meaning and explicit lifecycle,Source-inspected; real Ollama/llama.cpp/vLLM physical acceptance unrun,agent-inference,docs/MODEL-SERVING-CONFORMANCE.md,crates/workcell-runtime/src/service.rs;crates/workcell-runtime/src/host.rs,crates/workcell-runtime/tests/model_serving_conformance.rs,workcell.html#q2/service-journey,,,"{""basis"": ""Source-recovered capability account; original verification limits retained in Markdown."", ""cli_commands"": [""prepare"", ""observe"", ""expose"", ""release""], ""cli_exposure"": {""kind"": ""composed"", ""reason"": ""World commands can manage a requested service, but no model-serving-specific leaf command exists.""}, ""converted_from_sha256"": ""de34514a63382d808794e42728a3b1212ccd224b09b4220837c0e0e3fde0db2e"", ""maintenance"": {""change_refs"": [""codex:thread:01a07608-d2ec-7b10-9713-74c445adf8a5"", ""docs/WAYFINDER.md"", ""ticket:43"", ""reconcile:workcell-pr-60""], ""code_basis"": {""crates/workcell-runtime/src/host.rs"": ""b01293184aa8cde3e84cb3f2e70500ea5699bb17677d261e2e84335bd88715df"", ""crates/workcell-runtime/src/service.rs"": ""9055c902827d54a3b0b90703b7358ee7cdd1429264ab24774a272c2e4a2c99c3""}, ""updated_at"": ""2026-09-08""}, ""last_reconciled_at"": ""2026-09-08T11:58:31.404727+00:00""}",
workcell,product:workcell,product:workcell:ProjectCentral/user/capability-matrix.csv,product:workcell:ProjectCentral/user/capability-matrix.json,69d23352f942eeb2870e85586eb166e65ef056da73290d52c5b48f8bb780f10f,002afaef8d37a31ceffd8edc2e4e7f074e830f406a437281ad1e6252aa5b5c20,workcell,oi <namespace> forwards the native leaf path unchanged,"[""expose""]",cap.workcell.exposure,capability,,,,[],Reach a prepared application through an appropriate material endpoint,expose through prepared-world provider bindings,Exposure bundle with endpoint and policy-relevant material information,Source-inspected; expose_collect suite not run in this pass,agent-inference,docs/ARCHITECTURE.md,crates/workcell-core/src/world/mod.rs,crates/workcell-runtime/tests/expose_collect.rs,workcell.html#q1/world,,,"{""basis"": ""Source-recovered capability account; original verification limits retained in Markdown."", ""cli_commands"": [""expose""], ""cli_exposure"": {""kind"": ""direct"", ""reason"": ""The top-level expose command resolves prepared exposure surfaces.""}, ""converted_from_sha256"": ""de34514a63382d808794e42728a3b1212ccd224b09b4220837c0e0e3fde0db2e"", ""maintenance"": {""change_refs"": [""codex:thread:01a07608-d2ec-7b10-9713-74c445adf8a5"", ""docs/WAYFINDER.md"", ""ticket:43"", ""reconcile:workcell-pr-60""], ""code_basis"": {""crates/workcell-core/src/world/mod.rs"": ""8ada2c91cf95ac10bb9003740ab11f8cece99a75163da8256faa10c30176ea7c""}, ""updated_at"": ""2026-09-08""}, ""last_reconciled_at"": ""2026-09-08T11:58:31.404727+00:00""}",
workcell,product:workcell,product:workcell:ProjectCentral/user/capability-matrix.csv,product:workcell:ProjectCentral/user/capability-matrix.json,69d23352f942eeb2870e85586eb166e65ef056da73290d52c5b48f8bb780f10f,002afaef8d37a31ceffd8edc2e4e7f074e830f406a437281ad1e6252aa5b5c20,workcell,oi <namespace> forwards the native leaf path unchanged,[],H0->H4,relation,suite-relations,H0,H4,[],,,,,agent-inference,O-I:docs/CANONICAL-PRODUCT-FIELD.md|QL-MEF#19(PR),,,,04:ground-materialisation,W,"{""src_product"": ""Central"", ""dst_product"": ""Workcell"", ""ql"": """", ""cf_view"": ""CF5/CF6-field"", ""seam"": ""04:ground-materialisation"", ""defined_in"": ""O-I:docs/CANONICAL-PRODUCT-FIELD.md|QL-MEF#19(PR)"", ""tracked_by"": ""EpiLogos/O-I#29;EpiLogos/Central#24(PR);EpiLogos/Workcell#18(PR)"", ""maintenance"": {""updated_at"": ""2026-09-06"", ""change_refs"": [""codex:thread:01a07608-d2ec-7b10-9713-74c445adf8a5""]}, ""last_reconciled_at"": ""2026-09-06T14:30:24.356014+00:00""}",
workcell,product:workcell,product:workcell:ProjectCentral/user/capability-matrix.csv,product:workcell:ProjectCentral/user/capability-matrix.json,69d23352f942eeb2870e85586eb166e65ef056da73290d52c5b48f8bb780f10f,002afaef8d37a31ceffd8edc2e4e7f074e830f406a437281ad1e6252aa5b5c20,workcell,oi <namespace> forwards the native leaf path unchanged,[],H0->A4,relation,suite-relations,H0,A4,[],,,,,agent-inference,O-I:docs/CANONICAL-PRODUCT-FIELD.md|QL-MEF#19(PR),,,,04:ground-materialisation,W,"{""src_product"": ""Central"", ""dst_product"": ""Workcell"", ""ql"": """", ""cf_view"": ""CF5/CF6-field"", ""seam"": ""04:ground-materialisation"", ""defined_in"": ""O-I:docs/CANONICAL-PRODUCT-FIELD.md|QL-MEF#19(PR)"", ""tracked_by"": ""EpiLogos/O-I#29;EpiLogos/Central#24(PR);EpiLogos/Workcell#18(PR)"", ""maintenance"": {""updated_at"": ""2026-09-06"", ""change_refs"": [""codex:thread:01a07608-d2ec-7b10-9713-74c445adf8a5""]}, ""last_reconciled_at"": ""2026-09-06T14:30:24.356014+00:00""}",
workcell,product:workcell,product:workcell:ProjectCentral/user/capability-matrix.csv,product:workcell:ProjectCentral/user/capability-matrix.json,69d23352f942eeb2870e85586eb166e65ef056da73290d52c5b48f8bb780f10f,002afaef8d37a31ceffd8edc2e4e7f074e830f406a437281ad1e6252aa5b5c20,workcell,oi <namespace> forwards the native leaf path unchanged,[],H1->H4,relation,suite-relations,H1,H4,[],,,,,agent-inference,O-I:docs/CANONICAL-PRODUCT-FIELD.md|QL-MEF#19(PR),,,,14:agency-embodiment,H,"{""src_product"": ""Actuation"", ""dst_product"": ""Workcell"", ""ql"": ""C2"", ""cf_view"": ""CF5-field"", ""seam"": ""14:agency-embodiment"", ""defined_in"": ""O-I:docs/CANONICAL-PRODUCT-FIELD.md|QL-MEF#19(PR)"", ""tracked_by"": ""EpiLogos/O-I#29;EpiLogos/Actuation#1;EpiLogos/Workcell#18(PR)"", ""maintenance"": {""updated_at"": ""2026-09-06"", ""change_refs"": [""codex:thread:01a07608-d2ec-7b10-9713-74c445adf8a5""]}, ""last_reconciled_at"": ""2026-09-06T14:30:24.356014+00:00""}",
workcell,product:workcell,product:workcell:ProjectCentral/user/capability-matrix.csv,product:workcell:ProjectCentral/user/capability-matrix.json,69d23352f942eeb2870e85586eb166e65ef056da73290d52c5b48f8bb780f10f,002afaef8d37a31ceffd8edc2e4e7f074e830f406a437281ad1e6252aa5b5c20,workcell,oi <namespace> forwards the native leaf path unchanged,[],H1->A4,relation,suite-relations,H1,A4,[],,,,,agent-inference,O-I:docs/CANONICAL-PRODUCT-FIELD.md|QL-MEF#19(PR),,,,14:agency-embodiment,H,"{""src_product"": ""Actuation"", ""dst_product"": ""Workcell"", ""ql"": ""D2-complete"", ""cf_view"": ""CF5-field"", ""seam"": ""14:agency-embodiment"", ""defined_in"": ""O-I:docs/CANONICAL-PRODUCT-FIELD.md|QL-MEF#19(PR)"", ""tracked_by"": ""EpiLogos/O-I#29;EpiLogos/Actuation#1;EpiLogos/Workcell#18(PR)"", ""maintenance"": {""updated_at"": ""2026-09-06"", ""change_refs"": [""codex:thread:01a07608-d2ec-7b10-9713-74c445adf8a5""]}, ""last_reconciled_at"": ""2026-09-06T14:30:24.356014+00:00""}",
workcell,product:workcell,product:workcell:ProjectCentral/user/capability-matrix.csv,product:workcell:ProjectCentral/user/capability-matrix.json,69d23352f942eeb2870e85586eb166e65ef056da73290d52c5b48f8bb780f10f,002afaef8d37a31ceffd8edc2e4e7f074e830f406a437281ad1e6252aa5b5c20,workcell,oi <namespace> forwards the native leaf path unchanged,[],H2->H4,relation,suite-relations,H2,H4,[],,,,,agent-inference,O-I:docs/CANONICAL-PRODUCT-FIELD.md|QL-MEF#19(PR),,,,24:context-materialisation,S,"{""src_product"": ""AIKit"", ""dst_product"": ""Workcell"", ""ql"": """", ""cf_view"": ""CF5-field"", ""seam"": ""24:context-materialisation"", ""defined_in"": ""O-I:docs/CANONICAL-PRODUCT-FIELD.md|QL-MEF#19(PR)"", ""tracked_by"": ""EpiLogos/O-I#29;EpiLogos/ai-kit#58(PR);EpiLogos/Workcell#18(PR)"", ""maintenance"": {""updated_at"": ""2026-09-06"", ""change_refs"": [""codex:thread:01a07608-d2ec-7b10-9713-74c445adf8a5""]}, ""last_reconciled_at"": ""2026-09-06T14:30:24.356014+00:00""}",
workcell,product:workcell,product:workcell:ProjectCentral/user/capability-matrix.csv,product:workcell:ProjectCentral/user/capability-matrix.json,69d23352f942eeb2870e85586eb166e65ef056da73290d52c5b48f8bb780f10f,002afaef8d37a31ceffd8edc2e4e7f074e830f406a437281ad1e6252aa5b5c20,workcell,oi <namespace> forwards the native leaf path unchanged,[],H2->A4,relation,suite-relations,H2,A4,[],,,,,agent-inference,O-I:docs/CANONICAL-PRODUCT-FIELD.md|QL-MEF#19(PR),,,,24:context-materialisation,S,"{""src_product"": ""AIKit"", ""dst_product"": ""Workcell"", ""ql"": """", ""cf_view"": ""CF5-field"", ""seam"": ""24:context-materialisation"", ""defined_in"": ""O-I:docs/CANONICAL-PRODUCT-FIELD.md|QL-MEF#19(PR)"", ""tracked_by"": ""EpiLogos/O-I#29;EpiLogos/ai-kit#58(PR);EpiLogos/Workcell#18(PR)"", ""maintenance"": {""updated_at"": ""2026-09-06"", ""change_refs"": [""codex:thread:01a07608-d2ec-7b10-9713-74c445adf8a5""]}, ""last_reconciled_at"": ""2026-09-06T14:30:24.356014+00:00""}",
workcell,product:workcell,product:workcell:ProjectCentral/user/capability-matrix.csv,product:workcell:ProjectCentral/user/capability-matrix.json,69d23352f942eeb2870e85586eb166e65ef056da73290d52c5b48f8bb780f10f,002afaef8d37a31ceffd8edc2e4e7f074e830f406a437281ad1e6252aa5b5c20,workcell,oi <namespace> forwards the native leaf path unchanged,[],H3->H4,relation,suite-relations,H3,H4,[],,,,,agent-inference,O-I:docs/CANONICAL-PRODUCT-FIELD.md|QL-MEF#19(PR),,,,34:development-materialisation,H,"{""src_product"": ""Factory"", ""dst_product"": ""Workcell"", ""ql"": ""B2"", ""cf_view"": ""CF5-field"", ""seam"": ""34:development-materialisation"", ""defined_in"": ""O-I:docs/CANONICAL-PRODUCT-FIELD.md|QL-MEF#19(PR)"", ""tracked_by"": ""EpiLogos/O-I#29;EpiLogos/agent-system-design#142(PR);EpiLogos/Workcell#18(PR)"", ""maintenance"": {""updated_at"": ""2026-09-06"", ""change_refs"": [""codex:thread:01a07608-d2ec-7b10-9713-74c445adf8a5""]}, ""last_reconciled_at"": ""2026-09-06T14:30:24.356014+00:00""}",
workcell,product:workcell,product:workcell:ProjectCentral/user/capability-matrix.csv,product:workcell:ProjectCentral/user/capability-matrix.json,69d23352f942eeb2870e85586eb166e65ef056da73290d52c5b48f8bb780f10f,002afaef8d37a31ceffd8edc2e4e7f074e830f406a437281ad1e6252aa5b5c20,workcell,oi <namespace> forwards the native leaf path unchanged,[],H3->A4,relation,suite-relations,H3,A4,[],,,,,agent-inference,O-I:docs/CANONICAL-PRODUCT-FIELD.md|QL-MEF#19(PR),,,,34:development-materialisation,H,"{""src_product"": ""Factory"", ""dst_product"": ""Workcell"", ""ql"": ""D2-transform"", ""cf_view"": ""CF5-field"", ""seam"": ""34:development-materialisation"", ""defined_in"": ""O-I:docs/CANONICAL-PRODUCT-FIELD.md|QL-MEF#19(PR)"", ""tracked_by"": ""EpiLogos/O-I#29;EpiLogos/agent-system-design#142(PR);EpiLogos/Workcell#18(PR)"", ""maintenance"": {""updated_at"": ""2026-09-06"", ""change_refs"": [""codex:thread:01a07608-d2ec-7b10-9713-74c445adf8a5""]}, ""last_reconciled_at"": ""2026-09-06T14:30:24.356014+00:00""}",
workcell,product:workcell,product:workcell:ProjectCentral/user/capability-matrix.csv,product:workcell:ProjectCentral/user/capability-matrix.json,69d23352f942eeb2870e85586eb166e65ef056da73290d52c5b48f8bb780f10f,002afaef8d37a31ceffd8edc2e4e7f074e830f406a437281ad1e6252aa5b5c20,workcell,oi <namespace> forwards the native leaf path unchanged,[],H4->H0,relation,suite-relations,H4,H0,[],,,,,agent-inference,O-I:docs/CANONICAL-PRODUCT-FIELD.md|QL-MEF#19(PR),,,,04:ground-materialisation,W,"{""src_product"": ""Workcell"", ""dst_product"": ""Central"", ""ql"": """", ""cf_view"": ""CF5/CF6-field"", ""seam"": ""04:ground-materialisation"", ""defined_in"": ""O-I:docs/CANONICAL-PRODUCT-FIELD.md|QL-MEF#19(PR)"", ""tracked_by"": ""EpiLogos/O-I#29;EpiLogos/Central#24(PR);EpiLogos/Workcell#18(PR)"", ""maintenance"": {""updated_at"": ""2026-09-06"", ""change_refs"": [""codex:thread:01a07608-d2ec-7b10-9713-74c445adf8a5""]}, ""last_reconciled_at"": ""2026-09-06T14:30:24.356014+00:00""}",
workcell,product:workcell,product:workcell:ProjectCentral/user/capability-matrix.csv,product:workcell:ProjectCentral/user/capability-matrix.json,69d23352f942eeb2870e85586eb166e65ef056da73290d52c5b48f8bb780f10f,002afaef8d37a31ceffd8edc2e4e7f074e830f406a437281ad1e6252aa5b5c20,workcell,oi <namespace> forwards the native leaf path unchanged,[],H4->H1,relation,suite-relations,H4,H1,[],,,,,agent-inference,O-I:docs/CANONICAL-PRODUCT-FIELD.md|QL-MEF#19(PR),,,,14:agency-embodiment,H,"{""src_product"": ""Workcell"", ""dst_product"": ""Actuation"", ""ql"": ""C2"", ""cf_view"": ""CF5-field"", ""seam"": ""14:agency-embodiment"", ""defined_in"": ""O-I:docs/CANONICAL-PRODUCT-FIELD.md|QL-MEF#19(PR)"", ""tracked_by"": ""EpiLogos/O-I#29;EpiLogos/Actuation#1;EpiLogos/Workcell#18(PR)"", ""maintenance"": {""updated_at"": ""2026-09-06"", ""change_refs"": [""codex:thread:01a07608-d2ec-7b10-9713-74c445adf8a5""]}, ""last_reconciled_at"": ""2026-09-06T14:30:24.356014+00:00""}",
workcell,product:workcell,product:workcell:ProjectCentral/user/capability-matrix.csv,product:workcell:ProjectCentral/user/capability-matrix.json,69d23352f942eeb2870e85586eb166e65ef056da73290d52c5b48f8bb780f10f,002afaef8d37a31ceffd8edc2e4e7f074e830f406a437281ad1e6252aa5b5c20,workcell,oi <namespace> forwards the native leaf path unchanged,[],H4->H2,relation,suite-relations,H4,H2,[],,,,,agent-inference,O-I:docs/CANONICAL-PRODUCT-FIELD.md|QL-MEF#19(PR),,,,24:context-materialisation,S,"{""src_product"": ""Workcell"", ""dst_product"": ""AIKit"", ""ql"": """", ""cf_view"": ""CF5-field"", ""seam"": ""24:context-materialisation"", ""defined_in"": ""O-I:docs/CANONICAL-PRODUCT-FIELD.md|QL-MEF#19(PR)"", ""tracked_by"": ""EpiLogos/O-I#29;EpiLogos/ai-kit#58(PR);EpiLogos/Workcell#18(PR)"", ""maintenance"": {""updated_at"": ""2026-09-06"", ""change_refs"": [""codex:thread:01a07608-d2ec-7b10-9713-74c445adf8a5""]}, ""last_reconciled_at"": ""2026-09-06T14:30:24.356014+00:00""}",
workcell,product:workcell,product:workcell:ProjectCentral/user/capability-matrix.csv,product:workcell:ProjectCentral/user/capability-matrix.json,69d23352f942eeb2870e85586eb166e65ef056da73290d52c5b48f8bb780f10f,002afaef8d37a31ceffd8edc2e4e7f074e830f406a437281ad1e6252aa5b5c20,workcell,oi <namespace> forwards the native leaf path unchanged,[],H4->H3,relation,suite-relations,H4,H3,[],,,,,agent-inference,O-I:docs/CANONICAL-PRODUCT-FIELD.md|QL-MEF#19(PR),,,,34:development-materialisation,H,"{""src_product"": ""Workcell"", ""dst_product"": ""Factory"", ""ql"": ""B2"", ""cf_view"": ""CF5-field"", ""seam"": ""34:development-materialisation"", ""defined_in"": ""O-I:docs/CANONICAL-PRODUCT-FIELD.md|QL-MEF#19(PR)"", ""tracked_by"": ""EpiLogos/O-I#29;EpiLogos/agent-system-design#142(PR);EpiLogos/Workcell#18(PR)"", ""maintenance"": {""updated_at"": ""2026-09-06"", ""change_refs"": [""codex:thread:01a07608-d2ec-7b10-9713-74c445adf8a5""]}, ""last_reconciled_at"": ""2026-09-06T14:30:24.356014+00:00""}",
workcell,product:workcell,product:workcell:ProjectCentral/user/capability-matrix.csv,product:workcell:ProjectCentral/user/capability-matrix.json,69d23352f942eeb2870e85586eb166e65ef056da73290d52c5b48f8bb780f10f,002afaef8d37a31ceffd8edc2e4e7f074e830f406a437281ad1e6252aa5b5c20,workcell,oi <namespace> forwards the native leaf path unchanged,[],H4->H4,relation,suite-relations,H4,H4,[],,,,,agent-inference,O-I:docs/CANONICAL-PRODUCT-FIELD.md|QL-MEF#19(PR),,,,self:Workcell,I,"{""src_product"": ""Workcell"", ""dst_product"": ""Workcell"", ""ql"": """", ""cf_view"": ""CF5-field"", ""seam"": ""self:Workcell"", ""defined_in"": ""O-I:docs/CANONICAL-PRODUCT-FIELD.md|QL-MEF#19(PR)"", ""tracked_by"": ""EpiLogos/O-I#29;EpiLogos/Workcell#18(PR)"", ""maintenance"": {""updated_at"": ""2026-09-06"", ""change_refs"": [""codex:thread:01a07608-d2ec-7b10-9713-74c445adf8a5""]}, ""last_reconciled_at"": ""2026-09-06T14:30:24.356014+00:00""}",
workcell,product:workcell,product:workcell:ProjectCentral/user/capability-matrix.csv,product:workcell:ProjectCentral/user/capability-matrix.json,69d23352f942eeb2870e85586eb166e65ef056da73290d52c5b48f8bb780f10f,002afaef8d37a31ceffd8edc2e4e7f074e830f406a437281ad1e6252aa5b5c20,workcell,oi <namespace> forwards the native leaf path unchanged,[],H4->H5,relation,suite-relations,H4,H5,[],,,,,agent-inference,O-I:docs/CANONICAL-PRODUCT-FIELD.md|QL-MEF#19(PR),,,,45:actuality-formal-intelligence,H,"{""src_product"": ""Workcell"", ""dst_product"": ""QL"", ""ql"": ""A3"", ""cf_view"": ""CF5/CF6-field"", ""seam"": ""45:actuality-formal-intelligence"", ""defined_in"": ""O-I:docs/CANONICAL-PRODUCT-FIELD.md|QL-MEF#19(PR)"", ""tracked_by"": ""EpiLogos/O-I#29;EpiLogos/Workcell#18(PR);EpiLogos/QL-MEF#19(PR)"", ""maintenance"": {""updated_at"": ""2026-09-06"", ""change_refs"": [""codex:thread:01a07608-d2ec-7b10-9713-74c445adf8a5""]}, ""last_reconciled_at"": ""2026-09-06T14:30:24.356014+00:00""}",
workcell,product:workcell,product:workcell:ProjectCentral/user/capability-matrix.csv,product:workcell:ProjectCentral/user/capability-matrix.json,69d23352f942eeb2870e85586eb166e65ef056da73290d52c5b48f8bb780f10f,002afaef8d37a31ceffd8edc2e4e7f074e830f406a437281ad1e6252aa5b5c20,workcell,oi <namespace> forwards the native leaf path unchanged,[],H4->A0,relation,suite-relations,H4,A0,[],,,,,agent-inference,O-I:docs/CANONICAL-PRODUCT-FIELD.md|QL-MEF#19(PR),,,,04:ground-materialisation,W,"{""src_product"": ""Workcell"", ""dst_product"": ""Central"", ""ql"": """", ""cf_view"": ""CF5/CF6-field"", ""seam"": ""04:ground-materialisation"", ""defined_in"": ""O-I:docs/CANONICAL-PRODUCT-FIELD.md|QL-MEF#19(PR)"", ""tracked_by"": ""EpiLogos/O-I#29;EpiLogos/Central#24(PR);EpiLogos/Workcell#18(PR)"", ""maintenance"": {""updated_at"": ""2026-09-06"", ""change_refs"": [""codex:thread:01a07608-d2ec-7b10-9713-74c445adf8a5""]}, ""last_reconciled_at"": ""2026-09-06T14:30:24.356014+00:00""}",
workcell,product:workcell,product:workcell:ProjectCentral/user/capability-matrix.csv,product:workcell:ProjectCentral/user/capability-matrix.json,69d23352f942eeb2870e85586eb166e65ef056da73290d52c5b48f8bb780f10f,002afaef8d37a31ceffd8edc2e4e7f074e830f406a437281ad1e6252aa5b5c20,workcell,oi <namespace> forwards the native leaf path unchanged,[],H4->A1,relation,suite-relations,H4,A1,[],,,,,agent-inference,O-I:docs/CANONICAL-PRODUCT-FIELD.md|QL-MEF#19(PR),,,,14:agency-embodiment,H,"{""src_product"": ""Workcell"", ""dst_product"": ""Actuation"", ""ql"": ""D2-complete"", ""cf_view"": ""CF5-field"", ""seam"": ""14:agency-embodiment"", ""defined_in"": ""O-I:docs/CANONICAL-PRODUCT-FIELD.md|QL-MEF#19(PR)"", ""tracked_by"": ""EpiLogos/O-I#29;EpiLogos/Actuation#1;EpiLogos/Workcell#18(PR)"", ""maintenance"": {""updated_at"": ""2026-09-06"", ""change_refs"": [""codex:thread:01a07608-d2ec-7b10-9713-74c445adf8a5""]}, ""last_reconciled_at"": ""2026-09-06T14:30:24.356014+00:00""}",
workcell,product:workcell,product:workcell:ProjectCentral/user/capability-matrix.csv,product:workcell:ProjectCentral/user/capability-matrix.json,69d23352f942eeb2870e85586eb166e65ef056da73290d52c5b48f8bb780f10f,002afaef8d37a31ceffd8edc2e4e7f074e830f406a437281ad1e6252aa5b5c20,workcell,oi <namespace> forwards the native leaf path unchanged,[],H4->A2,relation,suite-relations,H4,A2,[],,,,,agent-inference,O-I:docs/CANONICAL-PRODUCT-FIELD.md|QL-MEF#19(PR),,,,24:context-materialisation,S,"{""src_product"": ""Workcell"", ""dst_product"": ""AIKit"", ""ql"": """", ""cf_view"": ""CF5-field"", ""seam"": ""24:context-materialisation"", ""defined_in"": ""O-I:docs/CANONICAL-PRODUCT-FIELD.md|QL-MEF#19(PR)"", ""tracked_by"": ""EpiLogos/O-I#29;EpiLogos/ai-kit#58(PR);EpiLogos/Workcell#18(PR)"", ""maintenance"": {""updated_at"": ""2026-09-06"", ""change_refs"": [""codex:thread:01a07608-d2ec-7b10-9713-74c445adf8a5""]}, ""last_reconciled_at"": ""2026-09-06T14:30:24.356014+00:00""}",
workcell,product:workcell,product:workcell:ProjectCentral/user/capability-matrix.csv,product:workcell:ProjectCentral/user/capability-matrix.json,69d23352f942eeb2870e85586eb166e65ef056da73290d52c5b48f8bb780f10f,002afaef8d37a31ceffd8edc2e4e7f074e830f406a437281ad1e6252aa5b5c20,workcell,oi <namespace> forwards the native leaf path unchanged,[],H4->A3,relation,suite-relations,H4,A3,[],,,,,agent-inference,O-I:docs/CANONICAL-PRODUCT-FIELD.md|QL-MEF#19(PR),,,,34:development-materialisation,H,"{""src_product"": ""Workcell"", ""dst_product"": ""Factory"", ""ql"": ""D2-require"", ""cf_view"": ""CF5-field"", ""seam"": ""34:development-materialisation"", ""defined_in"": ""O-I:docs/CANONICAL-PRODUCT-FIELD.md|QL-MEF#19(PR)"", ""tracked_by"": ""EpiLogos/O-I#29;EpiLogos/agent-system-design#142(PR);EpiLogos/Workcell#18(PR)"", ""maintenance"": {""updated_at"": ""2026-09-06"", ""change_refs"": [""codex:thread:01a07608-d2ec-7b10-9713-74c445adf8a5""]}, ""last_reconciled_at"": ""2026-09-06T14:30:24.356014+00:00""}",
workcell,product:workcell,product:workcell:ProjectCentral/user/capability-matrix.csv,product:workcell:ProjectCentral/user/capability-matrix.json,69d23352f942eeb2870e85586eb166e65ef056da73290d52c5b48f8bb780f10f,002afaef8d37a31ceffd8edc2e4e7f074e830f406a437281ad1e6252aa5b5c20,workcell,oi <namespace> forwards the native leaf path unchanged,[],H4->A4,relation,suite-relations,H4,A4,[],,,,,agent-inference,O-I:docs/CANONICAL-PRODUCT-FIELD.md|QL-MEF#19(PR),,,,conjugation:Workcell,H,"{""src_product"": ""Workcell"", ""dst_product"": ""Workcell"", ""ql"": ""D1"", ""cf_view"": ""CF5-field"", ""seam"": ""conjugation:Workcell"", ""defined_in"": ""O-I:docs/CANONICAL-PRODUCT-FIELD.md|QL-MEF#19(PR)"", ""tracked_by"": ""EpiLogos/O-I#29;EpiLogos/Workcell#18(PR)"", ""maintenance"": {""updated_at"": ""2026-09-06"", ""change_refs"": [""codex:thread:01a07608-d2ec-7b10-9713-74c445adf8a5""]}, ""last_reconciled_at"": ""2026-09-06T14:30:24.356014+00:00""}",
workcell,product:workcell,product:workcell:ProjectCentral/user/capability-matrix.csv,product:workcell:ProjectCentral/user/capability-matrix.json,69d23352f942eeb2870e85586eb166e65ef056da73290d52c5b48f8bb780f10f,002afaef8d37a31ceffd8edc2e4e7f074e830f406a437281ad1e6252aa5b5c20,workcell,oi <namespace> forwards the native leaf path unchanged,[],H4->A5,relation,suite-relations,H4,A5,[],,,,,agent-inference,O-I:docs/CANONICAL-PRODUCT-FIELD.md|QL-MEF#19(PR),,,,45:actuality-formal-intelligence,H,"{""src_product"": ""Workcell"", ""dst_product"": ""QL"", ""ql"": ""D2-transform"", ""cf_view"": ""CF5/CF6-field"", ""seam"": ""45:actuality-formal-intelligence"", ""defined_in"": ""O-I:docs/CANONICAL-PRODUCT-FIELD.md|QL-MEF#19(PR)"", ""tracked_by"": ""EpiLogos/O-I#29;EpiLogos/Workcell#18(PR);EpiLogos/QL-MEF#19(PR)"", ""maintenance"": {""updated_at"": ""2026-09-06"", ""change_refs"": [""codex:thread:01a07608-d2ec-7b10-9713-74c445adf8a5""]}, ""last_reconciled_at"": ""2026-09-06T14:30:24.356014+00:00""}",
workcell,product:workcell,product:workcell:ProjectCentral/user/capability-matrix.csv,product:workcell:ProjectCentral/user/capability-matrix.json,69d23352f942eeb2870e85586eb166e65ef056da73290d52c5b48f8bb780f10f,002afaef8d37a31ceffd8edc2e4e7f074e830f406a437281ad1e6252aa5b5c20,workcell,oi <namespace> forwards the native leaf path unchanged,[],H5->H4,relation,suite-relations,H5,H4,[],,,,,agent-inference,O-I:docs/CANONICAL-PRODUCT-FIELD.md|QL-MEF#19(PR),,,,45:actuality-formal-intelligence,H,"{""src_product"": ""QL"", ""dst_product"": ""Workcell"", ""ql"": ""A3"", ""cf_view"": ""CF5/CF6-field"", ""seam"": ""45:actuality-formal-intelligence"", ""defined_in"": ""O-I:docs/CANONICAL-PRODUCT-FIELD.md|QL-MEF#19(PR)"", ""tracked_by"": ""EpiLogos/O-I#29;EpiLogos/Workcell#18(PR);EpiLogos/QL-MEF#19(PR)"", ""maintenance"": {""updated_at"": ""2026-09-06"", ""change_refs"": [""codex:thread:01a07608-d2ec-7b10-9713-74c445adf8a5""]}, ""last_reconciled_at"": ""2026-09-06T14:30:24.356014+00:00""}",
workcell,product:workcell,product:workcell:ProjectCentral/user/capability-matrix.csv,product:workcell:ProjectCentral/user/capability-matrix.json,69d23352f942eeb2870e85586eb166e65ef056da73290d52c5b48f8bb780f10f,002afaef8d37a31ceffd8edc2e4e7f074e830f406a437281ad1e6252aa5b5c20,workcell,oi <namespace> forwards the native leaf path unchanged,[],H5->A4,relation,suite-relations,H5,A4,[],,,,,agent-inference,O-I:docs/CANONICAL-PRODUCT-FIELD.md|QL-MEF#19(PR),,,,45:actuality-formal-intelligence,H,"{""src_product"": ""QL"", ""dst_product"": ""Workcell"", ""ql"": ""D2-require"", ""cf_view"": ""CF5/CF6-field"", ""seam"": ""45:actuality-formal-intelligence"", ""defined_in"": ""O-I:docs/CANONICAL-PRODUCT-FIELD.md|QL-MEF#19(PR)"", ""tracked_by"": ""EpiLogos/O-I#29;EpiLogos/Workcell#18(PR);EpiLogos/QL-MEF#19(PR)"", ""maintenance"": {""updated_at"": ""2026-09-06"", ""change_refs"": [""codex:thread:01a07608-d2ec-7b10-9713-74c445adf8a5""]}, ""last_reconciled_at"": ""2026-09-06T14:30:24.356014+00:00""}",
workcell,product:workcell,product:workcell:ProjectCentral/user/capability-matrix.csv,product:workcell:ProjectCentral/user/capability-matrix.json,69d23352f942eeb2870e85586eb166e65ef056da73290d52c5b48f8bb780f10f,002afaef8d37a31ceffd8edc2e4e7f074e830f406a437281ad1e6252aa5b5c20,workcell,oi <namespace> forwards the native leaf path unchanged,[],A0->H4,relation,suite-relations,A0,H4,[],,,,,agent-inference,O-I:docs/CANONICAL-PRODUCT-FIELD.md|QL-MEF#19(PR),,,,04:ground-materialisation,W,"{""src_product"": ""Central"", ""dst_product"": ""Workcell"", ""ql"": """", ""cf_view"": ""CF5/CF6-field"", ""seam"": ""04:ground-materialisation"", ""defined_in"": ""O-I:docs/CANONICAL-PRODUCT-FIELD.md|QL-MEF#19(PR)"", ""tracked_by"": ""EpiLogos/O-I#29;EpiLogos/Central#24(PR);EpiLogos/Workcell#18(PR)"", ""maintenance"": {""updated_at"": ""2026-09-06"", ""change_refs"": [""codex:thread:01a07608-d2ec-7b10-9713-74c445adf8a5""]}, ""last_reconciled_at"": ""2026-09-06T14:30:24.356014+00:00""}",
workcell,product:workcell,product:workcell:ProjectCentral/user/capability-matrix.csv,product:workcell:ProjectCentral/user/capability-matrix.json,69d23352f942eeb2870e85586eb166e65ef056da73290d52c5b48f8bb780f10f,002afaef8d37a31ceffd8edc2e4e7f074e830f406a437281ad1e6252aa5b5c20,workcell,oi <namespace> forwards the native leaf path unchanged,[],A0->A4,relation,suite-relations,A0,A4,[],,,,,agent-inference,O-I:docs/CANONICAL-PRODUCT-FIELD.md|QL-MEF#19(PR),,,,04:ground-materialisation,W,"{""src_product"": ""Central"", ""dst_product"": ""Workcell"", ""ql"": """", ""cf_view"": ""CF5/CF6-field"", ""seam"": ""04:ground-materialisation"", ""defined_in"": ""O-I:docs/CANONICAL-PRODUCT-FIELD.md|QL-MEF#19(PR)"", ""tracked_by"": ""EpiLogos/O-I#29;EpiLogos/Central#24(PR);EpiLogos/Workcell#18(PR)"", ""maintenance"": {""updated_at"": ""2026-09-06"", ""change_refs"": [""codex:thread:01a07608-d2ec-7b10-9713-74c445adf8a5""]}, ""last_reconciled_at"": ""2026-09-06T14:30:24.356014+00:00""}",
workcell,product:workcell,product:workcell:ProjectCentral/user/capability-matrix.csv,product:workcell:ProjectCentral/user/capability-matrix.json,69d23352f942eeb2870e85586eb166e65ef056da73290d52c5b48f8bb780f10f,002afaef8d37a31ceffd8edc2e4e7f074e830f406a437281ad1e6252aa5b5c20,workcell,oi <namespace> forwards the native leaf path unchanged,[],A1->H4,relation,suite-relations,A1,H4,[],,,,,agent-inference,O-I:docs/CANONICAL-PRODUCT-FIELD.md|QL-MEF#19(PR),,,,14:agency-embodiment,H,"{""src_product"": ""Actuation"", ""dst_product"": ""Workcell"", ""ql"": ""D2-complete.inverse"", ""cf_view"": ""CF5-field"", ""seam"": ""14:agency-embodiment"", ""defined_in"": ""O-I:docs/CANONICAL-PRODUCT-FIELD.md|QL-MEF#19(PR)"", ""tracked_by"": ""EpiLogos/O-I#29;EpiLogos/Actuation#1;EpiLogos/Workcell#18(PR)"", ""maintenance"": {""updated_at"": ""2026-09-06"", ""change_refs"": [""codex:thread:01a07608-d2ec-7b10-9713-74c445adf8a5""]}, ""last_reconciled_at"": ""2026-09-06T14:30:24.356014+00:00""}",
workcell,product:workcell,product:workcell:ProjectCentral/user/capability-matrix.csv,product:workcell:ProjectCentral/user/capability-matrix.json,69d23352f942eeb2870e85586eb166e65ef056da73290d52c5b48f8bb780f10f,002afaef8d37a31ceffd8edc2e4e7f074e830f406a437281ad1e6252aa5b5c20,workcell,oi <namespace> forwards the native leaf path unchanged,[],A1->A4,relation,suite-relations,A1,A4,[],,,,,agent-inference,O-I:docs/CANONICAL-PRODUCT-FIELD.md|QL-MEF#19(PR),,,,14:agency-embodiment,H,"{""src_product"": ""Actuation"", ""dst_product"": ""Workcell"", ""ql"": ""D3:C2"", ""cf_view"": ""CF5-field"", ""seam"": ""14:agency-embodiment"", ""defined_in"": ""O-I:docs/CANONICAL-PRODUCT-FIELD.md|QL-MEF#19(PR)"", ""tracked_by"": ""EpiLogos/O-I#29;EpiLogos/Actuation#1;EpiLogos/Workcell#18(PR)"", ""maintenance"": {""updated_at"": ""2026-09-06"", ""change_refs"": [""codex:thread:01a07608-d2ec-7b10-9713-74c445adf8a5""]}, ""last_reconciled_at"": ""2026-09-06T14:30:24.356014+00:00""}",
workcell,product:workcell,product:workcell:ProjectCentral/user/capability-matrix.csv,product:workcell:ProjectCentral/user/capability-matrix.json,69d23352f942eeb2870e85586eb166e65ef056da73290d52c5b48f8bb780f10f,002afaef8d37a31ceffd8edc2e4e7f074e830f406a437281ad1e6252aa5b5c20,workcell,oi <namespace> forwards the native leaf path unchanged,[],A2->H4,relation,suite-relations,A2,H4,[],,,,,agent-inference,O-I:docs/CANONICAL-PRODUCT-FIELD.md|QL-MEF#19(PR),,,,24:context-materialisation,S,"{""src_product"": ""AIKit"", ""dst_product"": ""Workcell"", ""ql"": """", ""cf_view"": ""CF5-field"", ""seam"": ""24:context-materialisation"", ""defined_in"": ""O-I:docs/CANONICAL-PRODUCT-FIELD.md|QL-MEF#19(PR)"", ""tracked_by"": ""EpiLogos/O-I#29;EpiLogos/ai-kit#58(PR);EpiLogos/Workcell#18(PR)"", ""maintenance"": {""updated_at"": ""2026-09-06"", ""change_refs"": [""codex:thread:01a07608-d2ec-7b10-9713-74c445adf8a5""]}, ""last_reconciled_at"": ""2026-09-06T14:30:24.356014+00:00""}",
workcell,product:workcell,product:workcell:ProjectCentral/user/capability-matrix.csv,product:workcell:ProjectCentral/user/capability-matrix.json,69d23352f942eeb2870e85586eb166e65ef056da73290d52c5b48f8bb780f10f,002afaef8d37a31ceffd8edc2e4e7f074e830f406a437281ad1e6252aa5b5c20,workcell,oi <namespace> forwards the native leaf path unchanged,[],A2->A4,relation,suite-relations,A2,A4,[],,,,,agent-inference,O-I:docs/CANONICAL-PRODUCT-FIELD.md|QL-MEF#19(PR),,,,24:context-materialisation,S,"{""src_product"": ""AIKit"", ""dst_product"": ""Workcell"", ""ql"": """", ""cf_view"": ""CF5-field"", ""seam"": ""24:context-materialisation"", ""defined_in"": ""O-I:docs/CANONICAL-PRODUCT-FIELD.md|QL-MEF#19(PR)"", ""tracked_by"": ""EpiLogos/O-I#29;EpiLogos/ai-kit#58(PR);EpiLogos/Workcell#18(PR)"", ""maintenance"": {""updated_at"": ""2026-09-06"", ""change_refs"": [""codex:thread:01a07608-d2ec-7b10-9713-74c445adf8a5""]}, ""last_reconciled_at"": ""2026-09-06T14:30:24.356014+00:00""}",
workcell,product:workcell,product:workcell:ProjectCentral/user/capability-matrix.csv,product:workcell:ProjectCentral/user/capability-matrix.json,69d23352f942eeb2870e85586eb166e65ef056da73290d52c5b48f8bb780f10f,002afaef8d37a31ceffd8edc2e4e7f074e830f406a437281ad1e6252aa5b5c20,workcell,oi <namespace> forwards the native leaf path unchanged,[],A3->H4,relation,suite-relations,A3,H4,[],,,,,agent-inference,O-I:docs/CANONICAL-PRODUCT-FIELD.md|QL-MEF#19(PR),,,,34:development-materialisation,H,"{""src_product"": ""Factory"", ""dst_product"": ""Workcell"", ""ql"": ""D2-require.inverse"", ""cf_view"": ""CF5-field"", ""seam"": ""34:development-materialisation"", ""defined_in"": ""O-I:docs/CANONICAL-PRODUCT-FIELD.md|QL-MEF#19(PR)"", ""tracked_by"": ""EpiLogos/O-I#29;EpiLogos/agent-system-design#142(PR);EpiLogos/Workcell#18(PR)"", ""maintenance"": {""updated_at"": ""2026-09-06"", ""change_refs"": [""codex:thread:01a07608-d2ec-7b10-9713-74c445adf8a5""]}, ""last_reconciled_at"": ""2026-09-06T14:30:24.356014+00:00""}",
workcell,product:workcell,product:workcell:ProjectCentral/user/capability-matrix.csv,product:workcell:ProjectCentral/user/capability-matrix.json,69d23352f942eeb2870e85586eb166e65ef056da73290d52c5b48f8bb780f10f,002afaef8d37a31ceffd8edc2e4e7f074e830f406a437281ad1e6252aa5b5c20,workcell,oi <namespace> forwards the native leaf path unchanged,[],A3->A4,relation,suite-relations,A3,A4,[],,,,,agent-inference,O-I:docs/CANONICAL-PRODUCT-FIELD.md|QL-MEF#19(PR),,,,34:development-materialisation,H,"{""src_product"": ""Factory"", ""dst_product"": ""Workcell"", ""ql"": ""D3:B2"", ""cf_view"": ""CF5-field"", ""seam"": ""34:development-materialisation"", ""defined_in"": ""O-I:docs/CANONICAL-PRODUCT-FIELD.md|QL-MEF#19(PR)"", ""tracked_by"": ""EpiLogos/O-I#29;EpiLogos/agent-system-design#142(PR);EpiLogos/Workcell#18(PR)"", ""maintenance"": {""updated_at"": ""2026-09-06"", ""change_refs"": [""codex:thread:01a07608-d2ec-7b10-9713-74c445adf8a5""]}, ""last_reconciled_at"": ""2026-09-06T14:30:24.356014+00:00""}",
workcell,product:workcell,product:workcell:ProjectCentral/user/capability-matrix.csv,product:workcell:ProjectCentral/user/capability-matrix.json,69d23352f942eeb2870e85586eb166e65ef056da73290d52c5b48f8bb780f10f,002afaef8d37a31ceffd8edc2e4e7f074e830f406a437281ad1e6252aa5b5c20,workcell,oi <namespace> forwards the native leaf path unchanged,[],A4->H0,relation,suite-relations,A4,H0,[],,,,,agent-inference,O-I:docs/CANONICAL-PRODUCT-FIELD.md|QL-MEF#19(PR),,,,04:ground-materialisation,W,"{""src_product"": ""Workcell"", ""dst_product"": ""Central"", ""ql"": """", ""cf_view"": ""CF5/CF6-field"", ""seam"": ""04:ground-materialisation"", ""defined_in"": ""O-I:docs/CANONICAL-PRODUCT-FIELD.md|QL-MEF#19(PR)"", ""tracked_by"": ""EpiLogos/O-I#29;EpiLogos/Central#24(PR);EpiLogos/Workcell#18(PR)"", ""maintenance"": {""updated_at"": ""2026-09-06"", ""change_refs"": [""codex:thread:01a07608-d2ec-7b10-9713-74c445adf8a5""]}, ""last_reconciled_at"": ""2026-09-06T14:30:24.356014+00:00""}",
workcell,product:workcell,product:workcell:ProjectCentral/user/capability-matrix.csv,product:workcell:ProjectCentral/user/capability-matrix.json,69d23352f942eeb2870e85586eb166e65ef056da73290d52c5b48f8bb780f10f,002afaef8d37a31ceffd8edc2e4e7f074e830f406a437281ad1e6252aa5b5c20,workcell,oi <namespace> forwards the native leaf path unchanged,[],A4->H1,relation,suite-relations,A4,H1,[],,,,,agent-inference,O-I:docs/CANONICAL-PRODUCT-FIELD.md|QL-MEF#19(PR),,,,14:agency-embodiment,H,"{""src_product"": ""Workcell"", ""dst_product"": ""Actuation"", ""ql"": ""D2-complete.inverse"", ""cf_view"": ""CF5-field"", ""seam"": ""14:agency-embodiment"", ""defined_in"": ""O-I:docs/CANONICAL-PRODUCT-FIELD.md|QL-MEF#19(PR)"", ""tracked_by"": ""EpiLogos/O-I#29;EpiLogos/Actuation#1;EpiLogos/Workcell#18(PR)"", ""maintenance"": {""updated_at"": ""2026-09-06"", ""change_refs"": [""codex:thread:01a07608-d2ec-7b10-9713-74c445adf8a5""]}, ""last_reconciled_at"": ""2026-09-06T14:30:24.356014+00:00""}",
workcell,product:workcell,product:workcell:ProjectCentral/user/capability-matrix.csv,product:workcell:ProjectCentral/user/capability-matrix.json,69d23352f942eeb2870e85586eb166e65ef056da73290d52c5b48f8bb780f10f,002afaef8d37a31ceffd8edc2e4e7f074e830f406a437281ad1e6252aa5b5c20,workcell,oi <namespace> forwards the native leaf path unchanged,[],A4->H2,relation,suite-relations,A4,H2,[],,,,,agent-inference,O-I:docs/CANONICAL-PRODUCT-FIELD.md|QL-MEF#19(PR),,,,24:context-materialisation,S,"{""src_product"": ""Workcell"", ""dst_product"": ""AIKit"", ""ql"": """", ""cf_view"": ""CF5-field"", ""seam"": ""24:context-materialisation"", ""defined_in"": ""O-I:docs/CANONICAL-PRODUCT-FIELD.md|QL-MEF#19(PR)"", ""tracked_by"": ""EpiLogos/O-I#29;EpiLogos/ai-kit#58(PR);EpiLogos/Workcell#18(PR)"", ""maintenance"": {""updated_at"": ""2026-09-06"", ""change_refs"": [""codex:thread:01a07608-d2ec-7b10-9713-74c445adf8a5""]}, ""last_reconciled_at"": ""2026-09-06T14:30:24.356014+00:00""}",
workcell,product:workcell,product:workcell:ProjectCentral/user/capability-matrix.csv,product:workcell:ProjectCentral/user/capability-matrix.json,69d23352f942eeb2870e85586eb166e65ef056da73290d52c5b48f8bb780f10f,002afaef8d37a31ceffd8edc2e4e7f074e830f406a437281ad1e6252aa5b5c20,workcell,oi <namespace> forwards the native leaf path unchanged,[],A4->H3,relation,suite-relations,A4,H3,[],,,,,agent-inference,O-I:docs/CANONICAL-PRODUCT-FIELD.md|QL-MEF#19(PR),,,,34:development-materialisation,H,"{""src_product"": ""Workcell"", ""dst_product"": ""Factory"", ""ql"": ""D2-transform.inverse"", ""cf_view"": ""CF5-field"", ""seam"": ""34:development-materialisation"", ""defined_in"": ""O-I:docs/CANONICAL-PRODUCT-FIELD.md|QL-MEF#19(PR)"", ""tracked_by"": ""EpiLogos/O-I#29;EpiLogos/agent-system-design#142(PR);EpiLogos/Workcell#18(PR)"", ""maintenance"": {""updated_at"": ""2026-09-06"", ""change_refs"": [""codex:thread:01a07608-d2ec-7b10-9713-74c445adf8a5""]}, ""last_reconciled_at"": ""2026-09-06T14:30:24.356014+00:00""}",
workcell,product:workcell,product:workcell:ProjectCentral/user/capability-matrix.csv,product:workcell:ProjectCentral/user/capability-matrix.json,69d23352f942eeb2870e85586eb166e65ef056da73290d52c5b48f8bb780f10f,002afaef8d37a31ceffd8edc2e4e7f074e830f406a437281ad1e6252aa5b5c20,workcell,oi <namespace> forwards the native leaf path unchanged,[],A4->H4,relation,suite-relations,A4,H4,[],,,,,agent-inference,O-I:docs/CANONICAL-PRODUCT-FIELD.md|QL-MEF#19(PR),,,,conjugation:Workcell,H,"{""src_product"": ""Workcell"", ""dst_product"": ""Workcell"", ""ql"": ""D1.inverse"", ""cf_view"": ""CF5-field"", ""seam"": ""conjugation:Workcell"", ""defined_in"": ""O-I:docs/CANONICAL-PRODUCT-FIELD.md|QL-MEF#19(PR)"", ""tracked_by"": ""EpiLogos/O-I#29;EpiLogos/Workcell#18(PR)"", ""maintenance"": {""updated_at"": ""2026-09-06"", ""change_refs"": [""codex:thread:01a07608-d2ec-7b10-9713-74c445adf8a5""]}, ""last_reconciled_at"": ""2026-09-06T14:30:24.356014+00:00""}",
workcell,product:workcell,product:workcell:ProjectCentral/user/capability-matrix.csv,product:workcell:ProjectCentral/user/capability-matrix.json,69d23352f942eeb2870e85586eb166e65ef056da73290d52c5b48f8bb780f10f,002afaef8d37a31ceffd8edc2e4e7f074e830f406a437281ad1e6252aa5b5c20,workcell,oi <namespace> forwards the native leaf path unchanged,[],A4->H5,relation,suite-relations,A4,H5,[],,,,,agent-inference,O-I:docs/CANONICAL-PRODUCT-FIELD.md|QL-MEF#19(PR),,,,45:actuality-formal-intelligence,H,"{""src_product"": ""Workcell"", ""dst_product"": ""QL"", ""ql"": ""D2-require.inverse"", ""cf_view"": ""CF5/CF6-field"", ""seam"": ""45:actuality-formal-intelligence"", ""defined_in"": ""O-I:docs/CANONICAL-PRODUCT-FIELD.md|QL-MEF#19(PR)"", ""tracked_by"": ""EpiLogos/O-I#29;EpiLogos/Workcell#18(PR);EpiLogos/QL-MEF#19(PR)"", ""maintenance"": {""updated_at"": ""2026-09-06"", ""change_refs"": [""codex:thread:01a07608-d2ec-7b10-9713-74c445adf8a5""]}, ""last_reconciled_at"": ""2026-09-06T14:30:24.356014+00:00""}",
workcell,product:workcell,product:workcell:ProjectCentral/user/capability-matrix.csv,product:workcell:ProjectCentral/user/capability-matrix.json,69d23352f942eeb2870e85586eb166e65ef056da73290d52c5b48f8bb780f10f,002afaef8d37a31ceffd8edc2e4e7f074e830f406a437281ad1e6252aa5b5c20,workcell,oi <namespace> forwards the native leaf path unchanged,[],A4->A0,relation,suite-relations,A4,A0,[],,,,,agent-inference,O-I:docs/CANONICAL-PRODUCT-FIELD.md|QL-MEF#19(PR),,,,04:ground-materialisation,W,"{""src_product"": ""Workcell"", ""dst_product"": ""Central"", ""ql"": """", ""cf_view"": ""CF5/CF6-field"", ""seam"": ""04:ground-materialisation"", ""defined_in"": ""O-I:docs/CANONICAL-PRODUCT-FIELD.md|QL-MEF#19(PR)"", ""tracked_by"": ""EpiLogos/O-I#29;EpiLogos/Central#24(PR);EpiLogos/Workcell#18(PR)"", ""maintenance"": {""updated_at"": ""2026-09-06"", ""change_refs"": [""codex:thread:01a07608-d2ec-7b10-9713-74c445adf8a5""]}, ""last_reconciled_at"": ""2026-09-06T14:30:24.356014+00:00""}",
workcell,product:workcell,product:workcell:ProjectCentral/user/capability-matrix.csv,product:workcell:ProjectCentral/user/capability-matrix.json,69d23352f942eeb2870e85586eb166e65ef056da73290d52c5b48f8bb780f10f,002afaef8d37a31ceffd8edc2e4e7f074e830f406a437281ad1e6252aa5b5c20,workcell,oi <namespace> forwards the native leaf path unchanged,[],A4->A1,relation,suite-relations,A4,A1,[],,,,,agent-inference,O-I:docs/CANONICAL-PRODUCT-FIELD.md|QL-MEF#19(PR),,,,14:agency-embodiment,H,"{""src_product"": ""Workcell"", ""dst_product"": ""Actuation"", ""ql"": ""D3:C2"", ""cf_view"": ""CF5-field"", ""seam"": ""14:agency-embodiment"", ""defined_in"": ""O-I:docs/CANONICAL-PRODUCT-FIELD.md|QL-MEF#19(PR)"", ""tracked_by"": ""EpiLogos/O-I#29;EpiLogos/Actuation#1;EpiLogos/Workcell#18(PR)"", ""maintenance"": {""updated_at"": ""2026-09-06"", ""change_refs"": [""codex:thread:01a07608-d2ec-7b10-9713-74c445adf8a5""]}, ""last_reconciled_at"": ""2026-09-06T14:30:24.356014+00:00""}",
workcell,product:workcell,product:workcell:ProjectCentral/user/capability-matrix.csv,product:workcell:ProjectCentral/user/capability-matrix.json,69d23352f942eeb2870e85586eb166e65ef056da73290d52c5b48f8bb780f10f,002afaef8d37a31ceffd8edc2e4e7f074e830f406a437281ad1e6252aa5b5c20,workcell,oi <namespace> forwards the native leaf path unchanged,[],A4->A2,relation,suite-relations,A4,A2,[],,,,,agent-inference,O-I:docs/CANONICAL-PRODUCT-FIELD.md|QL-MEF#19(PR),,,,24:context-materialisation,S,"{""src_product"": ""Workcell"", ""dst_product"": ""AIKit"", ""ql"": """", ""cf_view"": ""CF5-field"", ""seam"": ""24:context-materialisation"", ""defined_in"": ""O-I:docs/CANONICAL-PRODUCT-FIELD.md|QL-MEF#19(PR)"", ""tracked_by"": ""EpiLogos/O-I#29;EpiLogos/ai-kit#58(PR);EpiLogos/Workcell#18(PR)"", ""maintenance"": {""updated_at"": ""2026-09-06"", ""change_refs"": [""codex:thread:01a07608-d2ec-7b10-9713-74c445adf8a5""]}, ""last_reconciled_at"": ""2026-09-06T14:30:24.356014+00:00""}",
workcell,product:workcell,product:workcell:ProjectCentral/user/capability-matrix.csv,product:workcell:ProjectCentral/user/capability-matrix.json,69d23352f942eeb2870e85586eb166e65ef056da73290d52c5b48f8bb780f10f,002afaef8d37a31ceffd8edc2e4e7f074e830f406a437281ad1e6252aa5b5c20,workcell,oi <namespace> forwards the native leaf path unchanged,[],A4->A3,relation,suite-relations,A4,A3,[],,,,,agent-inference,O-I:docs/CANONICAL-PRODUCT-FIELD.md|QL-MEF#19(PR),,,,34:development-materialisation,H,"{""src_product"": ""Workcell"", ""dst_product"": ""Factory"", ""ql"": ""D3:B2"", ""cf_view"": ""CF5-field"", ""seam"": ""34:development-materialisation"", ""defined_in"": ""O-I:docs/CANONICAL-PRODUCT-FIELD.md|QL-MEF#19(PR)"", ""tracked_by"": ""EpiLogos/O-I#29;EpiLogos/agent-system-design#142(PR);EpiLogos/Workcell#18(PR)"", ""maintenance"": {""updated_at"": ""2026-09-06"", ""change_refs"": [""codex:thread:01a07608-d2ec-7b10-9713-74c445adf8a5""]}, ""last_reconciled_at"": ""2026-09-06T14:30:24.356014+00:00""}",
workcell,product:workcell,product:workcell:ProjectCentral/user/capability-matrix.csv,product:workcell:ProjectCentral/user/capability-matrix.json,69d23352f942eeb2870e85586eb166e65ef056da73290d52c5b48f8bb780f10f,002afaef8d37a31ceffd8edc2e4e7f074e830f406a437281ad1e6252aa5b5c20,workcell,oi <namespace> forwards the native leaf path unchanged,[],A4->A4,relation,suite-relations,A4,A4,[],,,,,agent-inference,O-I:docs/CANONICAL-PRODUCT-FIELD.md|QL-MEF#19(PR),,,,self:Workcell,I,"{""src_product"": ""Workcell"", ""dst_product"": ""Workcell"", ""ql"": """", ""cf_view"": ""CF5-field"", ""seam"": ""self:Workcell"", ""defined_in"": ""O-I:docs/CANONICAL-PRODUCT-FIELD.md|QL-MEF#19(PR)"", ""tracked_by"": ""EpiLogos/O-I#29;EpiLogos/Workcell#18(PR)"", ""maintenance"": {""updated_at"": ""2026-09-06"", ""change_refs"": [""codex:thread:01a07608-d2ec-7b10-9713-74c445adf8a5""]}, ""last_reconciled_at"": ""2026-09-06T14:30:24.356014+00:00""}",
workcell,product:workcell,product:workcell:ProjectCentral/user/capability-matrix.csv,product:workcell:ProjectCentral/user/capability-matrix.json,69d23352f942eeb2870e85586eb166e65ef056da73290d52c5b48f8bb780f10f,002afaef8d37a31ceffd8edc2e4e7f074e830f406a437281ad1e6252aa5b5c20,workcell,oi <namespace> forwards the native leaf path unchanged,[],A4->A5,relation,suite-relations,A4,A5,[],,,,,agent-inference,O-I:docs/CANONICAL-PRODUCT-FIELD.md|QL-MEF#19(PR),,,,45:actuality-formal-intelligence,H,"{""src_product"": ""Workcell"", ""dst_product"": ""QL"", ""ql"": ""D3:A3"", ""cf_view"": ""CF5/CF6-field"", ""seam"": ""45:actuality-formal-intelligence"", ""defined_in"": ""O-I:docs/CANONICAL-PRODUCT-FIELD.md|QL-MEF#19(PR)"", ""tracked_by"": ""EpiLogos/O-I#29;EpiLogos/Workcell#18(PR);EpiLogos/QL-MEF#19(PR)"", ""maintenance"": {""updated_at"": ""2026-09-06"", ""change_refs"": [""codex:thread:01a07608-d2ec-7b10-9713-74c445adf8a5""]}, ""last_reconciled_at"": ""2026-09-06T14:30:24.356014+00:00""}",
workcell,product:workcell,product:workcell:ProjectCentral/user/capability-matrix.csv,product:workcell:ProjectCentral/user/capability-matrix.json,69d23352f942eeb2870e85586eb166e65ef056da73290d52c5b48f8bb780f10f,002afaef8d37a31ceffd8edc2e4e7f074e830f406a437281ad1e6252aa5b5c20,workcell,oi <namespace> forwards the native leaf path unchanged,[],A5->H4,relation,suite-relations,A5,H4,[],,,,,agent-inference,O-I:docs/CANONICAL-PRODUCT-FIELD.md|QL-MEF#19(PR),,,,45:actuality-formal-intelligence,H,"{""src_product"": ""QL"", ""dst_product"": ""Workcell"", ""ql"": ""D2-transform.inverse"", ""cf_view"": ""CF5/CF6-field"", ""seam"": ""45:actuality-formal-intelligence"", ""defined_in"": ""O-I:docs/CANONICAL-PRODUCT-FIELD.md|QL-MEF#19(PR)"", ""tracked_by"": ""EpiLogos/O-I#29;EpiLogos/Workcell#18(PR);EpiLogos/QL-MEF#19(PR)"", ""maintenance"": {""updated_at"": ""2026-09-06"", ""change_refs"": [""codex:thread:01a07608-d2ec-7b10-9713-74c445adf8a5""]}, ""last_reconciled_at"": ""2026-09-06T14:30:24.356014+00:00""}",
workcell,product:workcell,product:workcell:ProjectCentral/user/capability-matrix.csv,product:workcell:ProjectCentral/user/capability-matrix.json,69d23352f942eeb2870e85586eb166e65ef056da73290d52c5b48f8bb780f10f,002afaef8d37a31ceffd8edc2e4e7f074e830f406a437281ad1e6252aa5b5c20,workcell,oi <namespace> forwards the native leaf path unchanged,[],A5->A4,relation,suite-relations,A5,A4,[],,,,,agent-inference,O-I:docs/CANONICAL-PRODUCT-FIELD.md|QL-MEF#19(PR),,,,45:actuality-formal-intelligence,H,"{""src_product"": ""QL"", ""dst_product"": ""Workcell"", ""ql"": ""D3:A3"", ""cf_view"": ""CF5/CF6-field"", ""seam"": ""45:actuality-formal-intelligence"", ""defined_in"": ""O-I:docs/CANONICAL-PRODUCT-FIELD.md|QL-MEF#19(PR)"", ""tracked_by"": ""EpiLogos/O-I#29;EpiLogos/Workcell#18(PR);EpiLogos/QL-MEF#19(PR)"", ""maintenance"": {""updated_at"": ""2026-09-06"", ""change_refs"": [""codex:thread:01a07608-d2ec-7b10-9713-74c445adf8a5""]}, ""last_reconciled_at"": ""2026-09-06T14:30:24.356014+00:00""}",
workcell,product:workcell,product:workcell:ProjectCentral/user/capability-matrix.csv,product:workcell:ProjectCentral/user/capability-matrix.json,69d23352f942eeb2870e85586eb166e65ef056da73290d52c5b48f8bb780f10f,002afaef8d37a31ceffd8edc2e4e7f074e830f406a437281ad1e6252aa5b5c20,workcell,oi <namespace> forwards the native leaf path unchanged,[],rel.workcell.q0.S,relation,product-field,q0,S,"[""cap.workcell.discovery"", ""cap.workcell.observation"", ""cap.workcell.candidates""]",,,,,agent-inference,ProjectCentral/user/workcell.html#whole-why,,,workcell.html#whole/why,"An Agent can understand a task and still lack the material conditions to carry it out: a writable workspace, a running service, a reachable endpoint or enough resources. Workcell closes that gap. It gives human and Agent work an inspectable computational home, so the purpose of an activity can survive changes in the machinery that makes it possible.",,"{""basis"": ""Exact overview seed text. Capability links follow their existing governing expanded account units; cell placement is editorial inference."", ""seed_ref"": ""workcell:seed:q0"", ""source_unit"": ""whole-why"", ""seed_sha256"": ""55ba602c6410bd60dfc79b3b7717d56e19e1bccb72647a96112dae72181c2423"", ""source_standing"": ""agent-inference"", ""maintenance"": {""updated_at"": ""2026-09-06"", ""change_refs"": [""codex:thread:01a07608-d2ec-7b10-9713-74c445adf8a5""]}, ""last_reconciled_at"": ""2026-09-06T14:30:24.356014+00:00""}",Why?
workcell,product:workcell,product:workcell:ProjectCentral/user/capability-matrix.csv,product:workcell:ProjectCentral/user/capability-matrix.json,69d23352f942eeb2870e85586eb166e65ef056da73290d52c5b48f8bb780f10f,002afaef8d37a31ceffd8edc2e4e7f074e830f406a437281ad1e6252aa5b5c20,workcell,oi <namespace> forwards the native leaf path unchanged,[],rel.workcell.q1.S,relation,product-field,q1,S,"[""cap.workcell.planning"", ""cap.workcell.cli"", ""cap.workcell.bindings"", ""cap.workcell.exposure""]",,,,,agent-inference,ProjectCentral/user/workcell.html#whole-what,,,workcell.html#whole/what,"Workcell is a Rust CLI, library and optional control service that prepares and manages computational environments. It turns requirements for workspaces, processes, services, storage and connectivity into provider-backed resources, records how they are bound together, and provides operations to inspect, expose, collect from and release them.",,"{""basis"": ""Exact overview seed text. Capability links follow their existing governing expanded account units; cell placement is editorial inference."", ""seed_ref"": ""workcell:seed:q1"", ""source_unit"": ""whole-what"", ""seed_sha256"": ""0287b28cc09bf4940cb6dcb75ddd963379027f65295a19d005801e5fa08267a0"", ""source_standing"": ""agent-inference"", ""maintenance"": {""updated_at"": ""2026-09-06"", ""change_refs"": [""codex:thread:01a07608-d2ec-7b10-9713-74c445adf8a5""]}, ""last_reconciled_at"": ""2026-09-06T14:30:24.356014+00:00""}",What?
workcell,product:workcell,product:workcell:ProjectCentral/user/capability-matrix.csv,product:workcell:ProjectCentral/user/capability-matrix.json,69d23352f942eeb2870e85586eb166e65ef056da73290d52c5b48f8bb780f10f,002afaef8d37a31ceffd8edc2e4e7f074e830f406a437281ad1e6252aa5b5c20,workcell,oi <namespace> forwards the native leaf path unchanged,[],rel.workcell.q2.S,relation,product-field,q2,S,"[""cap.workcell.local-world"", ""cap.workcell.workspace"", ""cap.workcell.services"", ""cap.workcell.release"", ""cap.workcell.reconciliation"", ""cap.workcell.checkpoints"", ""cap.workcell.model-hosting""]",,,,,agent-inference,ProjectCentral/user/workcell.html#whole-how,,,workcell.html#whole/how,"A client describes the material conditions it needs. Workcell discovers available providers, plans a feasible composition and prepares the resulting environment. It returns durable references and bindings through which the client can use native processes and services. Observation and reconciliation show what remains available, what changed and what needs recovery.",,"{""basis"": ""Exact overview seed text. Capability links follow their existing governing expanded account units; cell placement is editorial inference."", ""seed_ref"": ""workcell:seed:q2"", ""source_unit"": ""whole-how"", ""seed_sha256"": ""1fd223c6c0b6b2ea68e8dd04a346a0dfb938f7155d6d4996b58169bf782db6e0"", ""source_standing"": ""agent-inference"", ""maintenance"": {""updated_at"": ""2026-09-06"", ""change_refs"": [""codex:thread:01a07608-d2ec-7b10-9713-74c445adf8a5""]}, ""last_reconciled_at"": ""2026-09-06T14:30:24.356014+00:00""}",How?
workcell,product:workcell,product:workcell:ProjectCentral/user/capability-matrix.csv,product:workcell:ProjectCentral/user/capability-matrix.json,69d23352f942eeb2870e85586eb166e65ef056da73290d52c5b48f8bb780f10f,002afaef8d37a31ceffd8edc2e4e7f074e830f406a437281ad1e6252aa5b5c20,workcell,oi <namespace> forwards the native leaf path unchanged,[],rel.workcell.q3.S,relation,product-field,q3,S,"[""cap.workcell.connectivity"", ""cap.workcell.provider-extension"", ""cap.workcell.rich-provider"", ""cap.workcell.credentials""]",,,,,agent-inference,ProjectCentral/user/workcell.html#whole-whereby,,,workcell.html#whole/whereby,Workcell serves people who need understandable infrastructure and clients that need reliable material operations. A person can inspect a plan or a running environment; an Agent can use the same operations through structured interfaces. Replaceable providers supply the physical capabilities while the calling product retains the purpose and identity of its work.,,"{""basis"": ""Exact overview seed text. Capability links follow their existing governing expanded account units; cell placement is editorial inference."", ""seed_ref"": ""workcell:seed:q3"", ""source_unit"": ""whole-whereby"", ""seed_sha256"": ""d82818aae51fbb3b839dc27c9532412271994b8a8c0295e68405deb64b4a0c4c"", ""source_standing"": ""agent-inference"", ""maintenance"": {""updated_at"": ""2026-09-06"", ""change_refs"": [""codex:thread:01a07608-d2ec-7b10-9713-74c445adf8a5""]}, ""last_reconciled_at"": ""2026-09-06T14:30:24.356014+00:00""}",Who / Whereby?
workcell,product:workcell,product:workcell:ProjectCentral/user/capability-matrix.csv,product:workcell:ProjectCentral/user/capability-matrix.json,69d23352f942eeb2870e85586eb166e65ef056da73290d52c5b48f8bb780f10f,002afaef8d37a31ceffd8edc2e4e7f074e830f406a437281ad1e6252aa5b5c20,workcell,oi <namespace> forwards the native leaf path unchanged,[],rel.workcell.q4.S,relation,product-field,q4,S,"[""cap.workcell.remote-control"", ""cap.workcell.placement""]",,,,,agent-inference,ProjectCentral/user/workcell.html#whole-context,,,workcell.html#whole/context,"Workcell begins on an ordinary computer with filesystem and host-process facilities. Richer deployments can supply containers, persistent services, remote control, private connectivity and isolated execution. The same material questions apply before work begins, while it runs, after interruption and when resources are retained or released.",,"{""basis"": ""Exact overview seed text. Capability links follow their existing governing expanded account units; cell placement is editorial inference."", ""seed_ref"": ""workcell:seed:q4"", ""source_unit"": ""whole-context"", ""seed_sha256"": ""63cc211dff1f5f956a35cddb45e72a0bde54bd76f0adcdf96d8e1720579ff7e1"", ""source_standing"": ""agent-inference"", ""maintenance"": {""updated_at"": ""2026-09-06"", ""change_refs"": [""codex:thread:01a07608-d2ec-7b10-9713-74c445adf8a5""]}, ""last_reconciled_at"": ""2026-09-06T14:30:24.356014+00:00""}",Where / When?
workcell,product:workcell,product:workcell:ProjectCentral/user/capability-matrix.csv,product:workcell:ProjectCentral/user/capability-matrix.json,69d23352f942eeb2870e85586eb166e65ef056da73290d52c5b48f8bb780f10f,002afaef8d37a31ceffd8edc2e4e7f074e830f406a437281ad1e6252aa5b5c20,workcell,oi <namespace> forwards the native leaf path unchanged,[],rel.workcell.q5.S,relation,product-field,q5,S,"[""cap.workcell.collection""]",,,,,agent-inference,ProjectCentral/user/workcell.html#whole-purpose,,,workcell.html#whole/purpose,"Workcell lets the O:I products make their intended activities real without rebuilding infrastructure management inside each product. Central provides durable source and placement intention; AIKit resolves operative requirements; Factory relates environments to developmental work. Workcell returns the material facts of what was prepared and what happened, helping people maintain continuity, inspect consequences and improve the next arrangement.",,"{""basis"": ""Exact overview seed text. Capability links follow their existing governing expanded account units; cell placement is editorial inference."", ""seed_ref"": ""workcell:seed:q5"", ""source_unit"": ""whole-purpose"", ""seed_sha256"": ""1d1c14281caf5dcec9244f6685ebf9a3ecaffd67194e1874c9a76ad1db8d41a9"", ""source_standing"": ""agent-inference"", ""maintenance"": {""updated_at"": ""2026-09-06"", ""change_refs"": [""codex:thread:01a07608-d2ec-7b10-9713-74c445adf8a5""]}, ""last_reconciled_at"": ""2026-09-06T14:30:24.356014+00:00""}",Why-For?
workcell,product:workcell,product:workcell:ProjectCentral/user/capability-matrix.csv,product:workcell:ProjectCentral/user/capability-matrix.json,69d23352f942eeb2870e85586eb166e65ef056da73290d52c5b48f8bb780f10f,002afaef8d37a31ceffd8edc2e4e7f074e830f406a437281ad1e6252aa5b5c20,workcell,oi <namespace> forwards the native leaf path unchanged,[],rel.workcell.q3.S0,relation,product-field,q3,S0,"[""cap.workcell.bindings"", ""cap.workcell.candidates""]",,,,,agent-inference,ProjectCentral/user/workcell.html#q3-ownership,,,workcell.html#q3/ownership,Central can preserve source and placement intention while a Workcell reports changed material availability.,,"{""basis"": ""Exact account sentence; cell placement is editorial inference."", ""source_unit"": ""q3-ownership"", ""maintenance"": {""updated_at"": ""2026-09-06"", ""change_refs"": [""codex:thread:01a07608-d2ec-7b10-9713-74c445adf8a5""]}, ""last_reconciled_at"": ""2026-09-06T14:30:24.356014+00:00""}",
workcell,product:workcell,product:workcell:ProjectCentral/user/capability-matrix.csv,product:workcell:ProjectCentral/user/capability-matrix.json,69d23352f942eeb2870e85586eb166e65ef056da73290d52c5b48f8bb780f10f,002afaef8d37a31ceffd8edc2e4e7f074e830f406a437281ad1e6252aa5b5c20,workcell,oi <namespace> forwards the native leaf path unchanged,[],rel.workcell.q3.S2,relation,product-field,q3,S2,"[""cap.workcell.bindings"", ""cap.workcell.candidates""]",,,,,agent-inference,ProjectCentral/user/workcell.html#q3-ownership,,,workcell.html#q3/ownership,AIKit can alter its operative deployment choice and keep the Agent relation intact.,,"{""basis"": ""Exact account sentence; cell placement is editorial inference."", ""source_unit"": ""q3-ownership"", ""maintenance"": {""updated_at"": ""2026-09-06"", ""change_refs"": [""codex:thread:01a07608-d2ec-7b10-9713-74c445adf8a5""]}, ""last_reconciled_at"": ""2026-09-06T14:30:24.356014+00:00""}",
workcell,product:workcell,product:workcell:ProjectCentral/user/capability-matrix.csv,product:workcell:ProjectCentral/user/capability-matrix.json,69d23352f942eeb2870e85586eb166e65ef056da73290d52c5b48f8bb780f10f,002afaef8d37a31ceffd8edc2e4e7f074e830f406a437281ad1e6252aa5b5c20,workcell,oi <namespace> forwards the native leaf path unchanged,[],rel.workcell.q3.S3,relation,product-field,q3,S3,"[""cap.workcell.bindings"", ""cap.workcell.candidates""]",,,,,agent-inference,ProjectCentral/user/workcell.html#q3-ownership,,,workcell.html#q3/ownership,Factory can destroy a candidate environment and retain the candidate's developmental history.,,"{""basis"": ""Exact account sentence; cell placement is editorial inference."", ""source_unit"": ""q3-ownership"", ""maintenance"": {""updated_at"": ""2026-09-06"", ""change_refs"": [""codex:thread:01a07608-d2ec-7b10-9713-74c445adf8a5""]}, ""last_reconciled_at"": ""2026-09-06T14:30:24.356014+00:00""}",
quaternal-logic,product:quaternal-logic,product:quaternal-logic:ProjectCentral/user/capability-matrix.csv,product:quaternal-logic:ProjectCentral/user/capability-matrix.json,0a0fd90223d831f9b3bcd7b994c43e129c7caf6feb3cc3446b13d3a9bb67d125,589d30ef4ec74bc4a6d330759a521c6d4ef3545460a6dff2f448b179dedadafa,ql,oi <namespace> forwards the native leaf path unchanged,"[""kernel.capabilities"",""matheme.derive"",""matheme.shadow"",""kernel.apply"",""mef.lenses"",""context-frame.list"",""vak.capabilities"",""vak.locate"",""vak.context"",""service.capabilities"",""service.negotiate"",""verify""]",cap.ql.cli-discovery,capability,,,,[],Find a usable operation,ql capabilities and version,Versioned command and kernel/service inventory,implemented; selected native tests passed 2026-09-06,agent-inference,../github-recovery-mirror/mirror/QL-MEF/issues/87.json,crates/ql-cli/src/lib.rs,crates/ql-cli/src/lib.rs,ql.html#q1/product,,,"{""basis"": ""Source-recovered capability account; original verification limits retained in Markdown."", ""cli_commands"": [""kernel.capabilities"", ""matheme.derive"", ""matheme.shadow"", ""kernel.apply"", ""mef.lenses"", ""context-frame.list"", ""vak.capabilities"", ""vak.locate"", ""vak.context"", ""service.capabilities"", ""service.negotiate"", ""verify""], ""cli_exposure"": {""kind"": ""direct"", ""reason"": ""The native capabilities response advertises this complete emitted command catalog.""}, ""converted_from_sha256"": ""86d000724352ae0b39b4a596596bd181b78a9f5b53435404b7d851d90e22920a"", ""maintenance"": {""change_refs"": [""codex:thread:01a07608-d2ec-7b10-9713-74c445adf8a5"", ""QL-MEF#87"", ""QL-MEF:agent/ql-multi-matrix-profile""], ""code_basis"": {""crates/ql-cli/src/lib.rs"": ""012922d73ae798df7ea3a88ba3194c9e7987c9c96525c395892aabbe3e28a215""}, ""updated_at"": ""2026-09-08""}, ""last_reconciled_at"": ""2026-09-08T10:44:17.878137+00:00""}",
quaternal-logic,product:quaternal-logic,product:quaternal-logic:ProjectCentral/user/capability-matrix.csv,product:quaternal-logic:ProjectCentral/user/capability-matrix.json,0a0fd90223d831f9b3bcd7b994c43e129c7caf6feb3cc3446b13d3a9bb67d125,589d30ef4ec74bc4a6d330759a521c6d4ef3545460a6dff2f448b179dedadafa,ql,oi <namespace> forwards the native leaf path unchanged,"[""kernel.capabilities"",""kernel.apply""]",cap.ql.kernel-operators,capability,,,,[],Obtain a reproducible structural result,ql kernel apply; apply_operator,Typed result with input/output and operation version,implemented; selected native tests passed 2026-09-06,agent-inference,docs/HOLOGRAPHIC-KERNEL-FORMAL-REFERENCE.md,crates/ql-core/src/apply.rs,crates/ql-core/tests/operator_invariants.rs,ql.html#q1/kernel,,,"{""basis"": ""Source-recovered capability account; original verification limits retained in Markdown."", ""cli_commands"": [""kernel.capabilities"", ""kernel.apply""], ""cli_exposure"": {""kind"": ""direct"", ""reason"": ""The CLI reports kernel operations and applies advertised deterministic address operators.""}, ""converted_from_sha256"": ""86d000724352ae0b39b4a596596bd181b78a9f5b53435404b7d851d90e22920a"", ""maintenance"": {""change_refs"": [""codex:thread:01a07608-d2ec-7b10-9713-74c445adf8a5"", ""QL-MEF#87""], ""code_basis"": {""crates/ql-core/src/apply.rs"": ""20db087667368b6e80541792105408b72f595b6a9611557628b3b2f2a4380bd1""}, ""updated_at"": ""2026-09-06""}, ""last_reconciled_at"": ""2026-09-06T14:30:24.557139+00:00""}",
quaternal-logic,product:quaternal-logic,product:quaternal-logic:ProjectCentral/user/capability-matrix.csv,product:quaternal-logic:ProjectCentral/user/capability-matrix.json,0a0fd90223d831f9b3bcd7b994c43e129c7caf6feb3cc3446b13d3a9bb67d125,589d30ef4ec74bc4a6d330759a521c6d4ef3545460a6dff2f448b179dedadafa,ql,oi <namespace> forwards the native leaf path unchanged,[],cap.ql.pairing,capability,,,,[],Distinguish constructions with coincident vertices,A/B/C pairing and D1/D2/D3 completion,Pair family and derivation retained,implemented; selected native tests passed 2026-09-06,agent-inference,docs/HOLOGRAPHIC-KERNEL-FORMAL-REFERENCE.md,crates/ql-core/src/pairing.rs,crates/ql-core/tests/pairing_grammar.rs,ql.html#q1/kernel,,,"{""basis"": ""Source-recovered capability account; original verification limits retained in Markdown."", ""cli_commands"": [], ""cli_exposure"": {""kind"": ""library"", ""reason"": ""Pair-family construction is implemented through the ql-core library; the CLI does not emit a pairing command.""}, ""converted_from_sha256"": ""86d000724352ae0b39b4a596596bd181b78a9f5b53435404b7d851d90e22920a"", ""maintenance"": {""change_refs"": [""codex:thread:01a07608-d2ec-7b10-9713-74c445adf8a5"", ""QL-MEF#87""], ""code_basis"": {""crates/ql-core/src/pairing.rs"": ""480e0ec36ed4a5fe6cbe14d3a91af71cf32772a3ef7c6dd30257af47be975df9""}, ""updated_at"": ""2026-09-06""}, ""last_reconciled_at"": ""2026-09-06T14:30:24.557139+00:00""}",
quaternal-logic,product:quaternal-logic,product:quaternal-logic:ProjectCentral/user/capability-matrix.csv,product:quaternal-logic:ProjectCentral/user/capability-matrix.json,0a0fd90223d831f9b3bcd7b994c43e129c7caf6feb3cc3446b13d3a9bb67d125,589d30ef4ec74bc4a6d330759a521c6d4ef3545460a6dff2f448b179dedadafa,ql,oi <namespace> forwards the native leaf path unchanged,[],cap.ql.shape,capability,,,,[],Work with the actual available structure,QlShape and versioned shape contracts,Valid partials; 4x4/6x6 and relational-sixfold fields,implemented; selected native tests passed 2026-09-06,agent-inference,fixtures/kernel/ql-shape-contract-v1.json,crates/ql-core/src/shape.rs,crates/ql-core/tests/wiki_structural_contract.rs,ql.html#q3/structure,,,"{""basis"": ""Source-recovered capability account; original verification limits retained in Markdown."", ""cli_commands"": [], ""cli_exposure"": {""kind"": ""library"", ""reason"": ""QlShape contracts are native library APIs; the CLI does not emit a shape command.""}, ""converted_from_sha256"": ""86d000724352ae0b39b4a596596bd181b78a9f5b53435404b7d851d90e22920a"", ""maintenance"": {""change_refs"": [""codex:thread:01a07608-d2ec-7b10-9713-74c445adf8a5"", ""QL-MEF#87""], ""code_basis"": {""crates/ql-core/src/shape.rs"": ""d08444485d431fe75e85c9d7e81078d9e44c132acdcdf4afe7326990d9dcaa8b""}, ""updated_at"": ""2026-09-06""}, ""last_reconciled_at"": ""2026-09-06T14:30:24.557139+00:00""}",
quaternal-logic,product:quaternal-logic,product:quaternal-logic:ProjectCentral/user/capability-matrix.csv,product:quaternal-logic:ProjectCentral/user/capability-matrix.json,0a0fd90223d831f9b3bcd7b994c43e129c7caf6feb3cc3446b13d3a9bb67d125,589d30ef4ec74bc4a6d330759a521c6d4ef3545460a6dff2f448b179dedadafa,ql,oi <namespace> forwards the native leaf path unchanged,"[""mef.lenses""]",cap.ql.lens-registry,capability,,,,[],Inspect available lenses before reading,ql mef lenses; MEF registry,Twelve lens identities with face and square,implemented; selected native tests passed 2026-09-06,agent-inference,skills/ql-foundations/SKILL.md,crates/ql-mef/src/registry.rs,crates/ql-mef/tests/identity_and_provenance.rs,ql.html#q1/readings,,,"{""basis"": ""Source-recovered capability account; original verification limits retained in Markdown."", ""cli_commands"": [""mef.lenses""], ""cli_exposure"": {""kind"": ""direct"", ""reason"": ""The CLI emits the MEF lens registry.""}, ""converted_from_sha256"": ""86d000724352ae0b39b4a596596bd181b78a9f5b53435404b7d851d90e22920a"", ""maintenance"": {""change_refs"": [""codex:thread:01a07608-d2ec-7b10-9713-74c445adf8a5"", ""QL-MEF#87""], ""code_basis"": {""crates/ql-mef/src/registry.rs"": ""646385949853bd05f2b9daac49539f07147f1ccf65d591290d4e3533434ceef7""}, ""updated_at"": ""2026-09-06""}, ""last_reconciled_at"": ""2026-09-06T14:30:24.557139+00:00""}",
quaternal-logic,product:quaternal-logic,product:quaternal-logic:ProjectCentral/user/capability-matrix.csv,product:quaternal-logic:ProjectCentral/user/capability-matrix.json,0a0fd90223d831f9b3bcd7b994c43e129c7caf6feb3cc3446b13d3a9bb67d125,589d30ef4ec74bc4a6d330759a521c6d4ef3545460a6dff2f448b179dedadafa,ql,oi <namespace> forwards the native leaf path unchanged,"[""context-frame.list""]",cap.ql.context-frames,capability,,,,[],Select a defined cut of a relation,ql context-frame list; ContextFrameId,Named CF1-CF7 grammar and selected/unselected partitions,implemented; selected native tests passed 2026-09-06,agent-inference,docs/HOLOGRAPHIC-KERNEL-FORMAL-REFERENCE.md,crates/ql-mef/src/context_frame.rs,crates/ql-mef/tests/context_frame_promotion.rs,ql.html#q1/readings,,,"{""basis"": ""Source-recovered capability account; original verification limits retained in Markdown."", ""cli_commands"": [""context-frame.list""], ""cli_exposure"": {""kind"": ""direct"", ""reason"": ""The CLI emits the named Context Frame registry.""}, ""converted_from_sha256"": ""86d000724352ae0b39b4a596596bd181b78a9f5b53435404b7d851d90e22920a"", ""maintenance"": {""change_refs"": [""codex:thread:01a07608-d2ec-7b10-9713-74c445adf8a5"", ""QL-MEF#87""], ""code_basis"": {""crates/ql-mef/src/context_frame.rs"": ""cd4b2fef86a3f8b604b0048608d5946543ac2ce3cb6786c5272a744a6cc1b15c""}, ""updated_at"": ""2026-09-06""}, ""last_reconciled_at"": ""2026-09-06T14:30:24.557139+00:00""}",
quaternal-logic,product:quaternal-logic,product:quaternal-logic:ProjectCentral/user/capability-matrix.csv,product:quaternal-logic:ProjectCentral/user/capability-matrix.json,0a0fd90223d831f9b3bcd7b994c43e129c7caf6feb3cc3446b13d3a9bb67d125,589d30ef4ec74bc4a6d330759a521c6d4ef3545460a6dff2f448b179dedadafa,ql,oi <namespace> forwards the native leaf path unchanged,[],cap.ql.external-frame,capability,,,,[],Compare a domain composition with formal context,External Context Frame reading,Exact partial ambiguous or no reading with mapping provenance,implemented; selected native tests passed 2026-09-06,agent-inference,../github-recovery-mirror/mirror/QL-MEF/issues/66.json,crates/ql-mef/src/context_frame_target.rs,crates/ql-mef/tests/context_frame_external_reading.rs,ql.html#q3/identity,,,"{""basis"": ""Source-recovered capability account; original verification limits retained in Markdown."", ""cli_commands"": [], ""cli_exposure"": {""kind"": ""library"", ""reason"": ""External Context Frame readings are library contracts; the CLI does not emit an external-frame command.""}, ""converted_from_sha256"": ""86d000724352ae0b39b4a596596bd181b78a9f5b53435404b7d851d90e22920a"", ""maintenance"": {""change_refs"": [""codex:thread:01a07608-d2ec-7b10-9713-74c445adf8a5"", ""QL-MEF#87""], ""code_basis"": {""crates/ql-mef/src/context_frame_target.rs"": ""0394a6f9604024ce2d92908d6950c289b454d771e5a4b26536d2ce6754fb3b9c""}, ""updated_at"": ""2026-09-06""}, ""last_reconciled_at"": ""2026-09-06T14:30:24.557139+00:00""}",
quaternal-logic,product:quaternal-logic,product:quaternal-logic:ProjectCentral/user/capability-matrix.csv,product:quaternal-logic:ProjectCentral/user/capability-matrix.json,0a0fd90223d831f9b3bcd7b994c43e129c7caf6feb3cc3446b13d3a9bb67d125,589d30ef4ec74bc4a6d330759a521c6d4ef3545460a6dff2f448b179dedadafa,ql,oi <namespace> forwards the native leaf path unchanged,"[""vak.capabilities"",""vak.locate""]",cap.ql.vak-source,capability,,,,[],Keep research language attributable,ql vak locate,Source-locked entry with coordinate and provenance,implemented; selected native tests passed 2026-09-06,agent-inference,../github-recovery-mirror/mirror/QL-MEF/issues/87.json,crates/ql-mef/src/vak.rs,crates/ql-cli/src/lib.rs,ql.html#q1/readings,,,"{""basis"": ""Source-recovered capability account; original verification limits retained in Markdown."", ""cli_commands"": [""vak.capabilities"", ""vak.locate""], ""cli_exposure"": {""kind"": ""direct"", ""reason"": ""The CLI reports and locates source-locked Vāk entries.""}, ""converted_from_sha256"": ""86d000724352ae0b39b4a596596bd181b78a9f5b53435404b7d851d90e22920a"", ""maintenance"": {""change_refs"": [""codex:thread:01a07608-d2ec-7b10-9713-74c445adf8a5"", ""QL-MEF#87""], ""code_basis"": {""crates/ql-mef/src/vak.rs"": ""6345a97753399a325c0a3b7f821ebf67b552888445fb0d13410b6177f0d63de7""}, ""updated_at"": ""2026-09-06""}, ""last_reconciled_at"": ""2026-09-06T14:30:24.557139+00:00""}",
quaternal-logic,product:quaternal-logic,product:quaternal-logic:ProjectCentral/user/capability-matrix.csv,product:quaternal-logic:ProjectCentral/user/capability-matrix.json,0a0fd90223d831f9b3bcd7b994c43e129c7caf6feb3cc3446b13d3a9bb67d125,589d30ef4ec74bc4a6d330759a521c6d4ef3545460a6dff2f448b179dedadafa,ql,oi <namespace> forwards the native leaf path unchanged,"[""vak.context""]",cap.ql.vak-context,capability,,,,[],Recover relevant formulation relationships,ql vak context with depth zero through two,Bounded source entries and relations,implemented; selected native tests passed 2026-09-06,agent-inference,../github-recovery-mirror/mirror/QL-MEF/issues/87.json,crates/ql-cli/src/lib.rs,crates/ql-cli/src/lib.rs,ql.html#q4/deployment,,,"{""basis"": ""Source-recovered capability account; original verification limits retained in Markdown."", ""cli_commands"": [""vak.context""], ""cli_exposure"": {""kind"": ""direct"", ""reason"": ""The CLI emits bounded source-locked Vāk context readings.""}, ""converted_from_sha256"": ""86d000724352ae0b39b4a596596bd181b78a9f5b53435404b7d851d90e22920a"", ""maintenance"": {""change_refs"": [""codex:thread:01a07608-d2ec-7b10-9713-74c445adf8a5"", ""QL-MEF#87"", ""QL-MEF:agent/ql-multi-matrix-profile""], ""code_basis"": {""crates/ql-cli/src/lib.rs"": ""012922d73ae798df7ea3a88ba3194c9e7987c9c96525c395892aabbe3e28a215""}, ""updated_at"": ""2026-09-08""}, ""last_reconciled_at"": ""2026-09-08T10:44:17.878137+00:00""}",
quaternal-logic,product:quaternal-logic,product:quaternal-logic:ProjectCentral/user/capability-matrix.csv,product:quaternal-logic:ProjectCentral/user/capability-matrix.json,0a0fd90223d831f9b3bcd7b994c43e129c7caf6feb3cc3446b13d3a9bb67d125,589d30ef4ec74bc4a6d330759a521c6d4ef3545460a6dff2f448b179dedadafa,ql,oi <namespace> forwards the native leaf path unchanged,"[""service.capabilities"",""service.negotiate""]",cap.ql.service-negotiation,capability,,,,[],Know what a provider can actually supply,ql service capabilities/negotiate; QlService,Support deterministic flag and provider state,implemented contracts; source-inspected 2026-09-06; provider/runtime acceptance not exercised,agent-inference,skills/ql-operation/SKILL.md,crates/ql-service/src/negotiation.rs,crates/ql-service/tests/provider_service.rs,ql.html#q1/services,,,"{""basis"": ""Source-recovered capability account; original verification limits retained in Markdown."", ""cli_commands"": [""service.capabilities"", ""service.negotiate""], ""cli_exposure"": {""kind"": ""direct"", ""reason"": ""The CLI reports provider state and negotiates the advertised service operations.""}, ""converted_from_sha256"": ""86d000724352ae0b39b4a596596bd181b78a9f5b53435404b7d851d90e22920a"", ""maintenance"": {""change_refs"": [""codex:thread:01a07608-d2ec-7b10-9713-74c445adf8a5"", ""QL-MEF#87""], ""code_basis"": {""crates/ql-service/src/negotiation.rs"": ""a06f9a97dbe4bafcca41575ea2909acea9770554f35f4581b2515badf6edf79e""}, ""updated_at"": ""2026-09-06""}, ""last_reconciled_at"": ""2026-09-06T14:30:24.557139+00:00""}",
quaternal-logic,product:quaternal-logic,product:quaternal-logic:ProjectCentral/user/capability-matrix.csv,product:quaternal-logic:ProjectCentral/user/capability-matrix.json,0a0fd90223d831f9b3bcd7b994c43e129c7caf6feb3cc3446b13d3a9bb67d125,589d30ef4ec74bc4a6d330759a521c6d4ef3545460a6dff2f448b179dedadafa,ql,oi <namespace> forwards the native leaf path unchanged,[],cap.ql.service-readings,capability,,,,[],Locate refract relate or synthesise a subject,QlService ServiceRequest dispatch,Reading preserving subject provider and result provenance,implemented contracts; source-inspected 2026-09-06; provider/runtime acceptance not exercised,agent-inference,skills/ql-operation/SKILL.md,crates/ql-service/src/service.rs,crates/ql-service/tests/provider_service.rs,ql.html#q2/refract,,,"{""basis"": ""Source-recovered capability account; original verification limits retained in Markdown."", ""cli_commands"": [], ""cli_exposure"": {""kind"": ""gap"", ""reason"": ""The service contract exists, but this CLI only negotiates availability and the observed provider is absent; it does not execute readings.""}, ""converted_from_sha256"": ""86d000724352ae0b39b4a596596bd181b78a9f5b53435404b7d851d90e22920a"", ""maintenance"": {""change_refs"": [""codex:thread:01a07608-d2ec-7b10-9713-74c445adf8a5"", ""QL-MEF#87""], ""code_basis"": {""crates/ql-service/src/service.rs"": ""c51aed38de62fd2152308c69ac02b55c3dfbb8dc8216e0dfeb2bbaf6be695884""}, ""updated_at"": ""2026-09-06""}, ""last_reconciled_at"": ""2026-09-06T14:30:24.557139+00:00""}",
quaternal-logic,product:quaternal-logic,product:quaternal-logic:ProjectCentral/user/capability-matrix.csv,product:quaternal-logic:ProjectCentral/user/capability-matrix.json,0a0fd90223d831f9b3bcd7b994c43e129c7caf6feb3cc3446b13d3a9bb67d125,589d30ef4ec74bc4a6d330759a521c6d4ef3545460a6dff2f448b179dedadafa,ql,oi <namespace> forwards the native leaf path unchanged,[],cap.ql.client-modes,capability,,,,[],Continue ordinary work when reading is optional,Disabled Optional Required adapter modes,Native subject preserved and availability handled explicitly,implemented contracts; source-inspected 2026-09-06; provider/runtime acceptance not exercised,agent-inference,skills/ql-operation/SKILL.md,crates/ql-adapters/src/core.rs,crates/ql-adapters/tests/noql_matrix.rs,ql.html#q1/services,,,"{""basis"": ""Source-recovered capability account; original verification limits retained in Markdown."", ""cli_commands"": [], ""cli_exposure"": {""kind"": ""library"", ""reason"": ""Disabled, optional, and required adapter modes are ql-adapters library contracts.""}, ""converted_from_sha256"": ""86d000724352ae0b39b4a596596bd181b78a9f5b53435404b7d851d90e22920a"", ""maintenance"": {""change_refs"": [""codex:thread:01a07608-d2ec-7b10-9713-74c445adf8a5"", ""QL-MEF#87""], ""code_basis"": {""crates/ql-adapters/src/core.rs"": ""95996a65e0aab39f6990c45889b271b912239f123c9078fbda5c407aaa978ad0""}, ""updated_at"": ""2026-09-06""}, ""last_reconciled_at"": ""2026-09-06T14:30:24.557139+00:00""}",
quaternal-logic,product:quaternal-logic,product:quaternal-logic:ProjectCentral/user/capability-matrix.csv,product:quaternal-logic:ProjectCentral/user/capability-matrix.json,0a0fd90223d831f9b3bcd7b994c43e129c7caf6feb3cc3446b13d3a9bb67d125,589d30ef4ec74bc4a6d330759a521c6d4ef3545460a6dff2f448b179dedadafa,ql,oi <namespace> forwards the native leaf path unchanged,[],cap.ql.wiki-structure,capability,,,,[],Use ordinary nodes and disclosed partial wholes,Wiki structural contracts and anchor relations,Stable structural representation without completeness gating,implemented; selected native tests passed 2026-09-06,agent-inference,docs/wiki-structural-contract-v2.md,crates/ql-core/src/structural.rs,crates/ql-core/tests/wiki_structural_contract.rs,ql.html#q3/structure,,,"{""basis"": ""Source-recovered capability account; original verification limits retained in Markdown."", ""cli_commands"": [], ""cli_exposure"": {""kind"": ""library"", ""reason"": ""Wiki structural contracts are exposed by ql-core libraries, with no emitted CLI command.""}, ""converted_from_sha256"": ""86d000724352ae0b39b4a596596bd181b78a9f5b53435404b7d851d90e22920a"", ""maintenance"": {""change_refs"": [""codex:thread:01a07608-d2ec-7b10-9713-74c445adf8a5"", ""QL-MEF#87""], ""code_basis"": {""crates/ql-core/src/structural.rs"": ""e725fc99652b4f25b80cbc82e86b8c99faf5c1be6ae3bd9c1e188150f5a2c1f3""}, ""updated_at"": ""2026-09-06""}, ""last_reconciled_at"": ""2026-09-06T14:30:24.557139+00:00""}",
quaternal-logic,product:quaternal-logic,product:quaternal-logic:ProjectCentral/user/capability-matrix.csv,product:quaternal-logic:ProjectCentral/user/capability-matrix.json,0a0fd90223d831f9b3bcd7b994c43e129c7caf6feb3cc3446b13d3a9bb67d125,589d30ef4ec74bc4a6d330759a521c6d4ef3545460a6dff2f448b179dedadafa,ql,oi <namespace> forwards the native leaf path unchanged,[],cap.ql.wiki-refraction,capability,,,,[],Inspect selected wiki relationships formally,WikiFrame refraction,Derived reading with target revision and operator basis,implemented contracts; source-inspected 2026-09-06; provider/runtime acceptance not exercised,agent-inference,docs/wiki-structural-contract-v2.md,crates/ql-wiki/src/refraction.rs,crates/ql-wiki/tests/wiki_refraction.rs,ql.html#q2/wiki-encounter,,,"{""basis"": ""Source-recovered capability account; original verification limits retained in Markdown."", ""cli_commands"": [], ""cli_exposure"": {""kind"": ""library"", ""reason"": ""WikiFrame refraction is a ql-wiki library contract, with no emitted CLI command.""}, ""converted_from_sha256"": ""86d000724352ae0b39b4a596596bd181b78a9f5b53435404b7d851d90e22920a"", ""maintenance"": {""change_refs"": [""codex:thread:01a07608-d2ec-7b10-9713-74c445adf8a5"", ""QL-MEF#87""], ""code_basis"": {""crates/ql-wiki/src/refraction.rs"": ""52cf52cd79f77bb7a31f36b1a547103ea9361653aefc60c7dbac2a1319d8729a""}, ""updated_at"": ""2026-09-06""}, ""last_reconciled_at"": ""2026-09-06T14:30:24.557139+00:00""}",
quaternal-logic,product:quaternal-logic,product:quaternal-logic:ProjectCentral/user/capability-matrix.csv,product:quaternal-logic:ProjectCentral/user/capability-matrix.json,0a0fd90223d831f9b3bcd7b994c43e129c7caf6feb3cc3446b13d3a9bb67d125,589d30ef4ec74bc4a6d330759a521c6d4ef3545460a6dff2f448b179dedadafa,ql,oi <namespace> forwards the native leaf path unchanged,[],cap.ql.wiki-portals,capability,,,,[],Traverse explicit cross-wiki relationships,MetaBinding and portal traversal,Cross-wiki traversal preserving identities,implemented contracts; source-inspected 2026-09-06; provider/runtime acceptance not exercised,agent-inference,docs/wiki-structural-contract-v2.md,crates/ql-wiki/src/portal.rs,crates/ql-wiki/tests/meta_portal.rs,ql.html#q2/wiki-encounter,,,"{""basis"": ""Source-recovered capability account; original verification limits retained in Markdown."", ""cli_commands"": [], ""cli_exposure"": {""kind"": ""library"", ""reason"": ""Portal traversal is a ql-wiki library contract, with no emitted CLI command.""}, ""converted_from_sha256"": ""86d000724352ae0b39b4a596596bd181b78a9f5b53435404b7d851d90e22920a"", ""maintenance"": {""change_refs"": [""codex:thread:01a07608-d2ec-7b10-9713-74c445adf8a5"", ""QL-MEF#87""], ""code_basis"": {""crates/ql-wiki/src/portal.rs"": ""919ce316d0f35420202426ffbb76de04b72dfd0668845fcd16bb2be420b07908""}, ""updated_at"": ""2026-09-06""}, ""last_reconciled_at"": ""2026-09-06T14:30:24.557139+00:00""}",
quaternal-logic,product:quaternal-logic,product:quaternal-logic:ProjectCentral/user/capability-matrix.csv,product:quaternal-logic:ProjectCentral/user/capability-matrix.json,0a0fd90223d831f9b3bcd7b994c43e129c7caf6feb3cc3446b13d3a9bb67d125,589d30ef4ec74bc4a6d330759a521c6d4ef3545460a6dff2f448b179dedadafa,ql,oi <namespace> forwards the native leaf path unchanged,[],cap.ql.living-wiki,capability,,,,[],Orient and expand within a bounded knowledge field,Living-wiki methods and entry aperture,Attributable partial or qualified contextual reading,implemented contracts; source-inspected 2026-09-06; provider/runtime acceptance not exercised,agent-inference,../github-recovery-mirror/mirror/QL-MEF/issues/79.json,crates/ql-wiki/src/living_methods.rs,crates/ql-wiki/src/living_methods.rs,ql.html#q2/wiki-encounter,,,"{""basis"": ""Source-recovered capability account; original verification limits retained in Markdown."", ""cli_commands"": [], ""cli_exposure"": {""kind"": ""library"", ""reason"": ""Living-wiki methods are ql-wiki library contracts, with no emitted CLI command.""}, ""converted_from_sha256"": ""86d000724352ae0b39b4a596596bd181b78a9f5b53435404b7d851d90e22920a"", ""maintenance"": {""change_refs"": [""codex:thread:01a07608-d2ec-7b10-9713-74c445adf8a5"", ""QL-MEF#87""], ""code_basis"": {""crates/ql-wiki/src/living_methods.rs"": ""bf594f7d398b5cac883c14f0739c35eb4d838f41db25571326ef6ef33c70a9e3""}, ""updated_at"": ""2026-09-06""}, ""last_reconciled_at"": ""2026-09-06T14:30:24.557139+00:00""}",
quaternal-logic,product:quaternal-logic,product:quaternal-logic:ProjectCentral/user/capability-matrix.csv,product:quaternal-logic:ProjectCentral/user/capability-matrix.json,0a0fd90223d831f9b3bcd7b994c43e129c7caf6feb3cc3446b13d3a9bb67d125,589d30ef4ec74bc4a6d330759a521c6d4ef3545460a6dff2f448b179dedadafa,ql,oi <namespace> forwards the native leaf path unchanged,"[""verify""]",cap.ql.cli-verification,capability,,,,[],Obtain a bounded local verification result,ql verify,Named deterministic verification checks,implemented; selected native tests passed 2026-09-06,agent-inference,../github-recovery-mirror/mirror/QL-MEF/issues/87.json,crates/ql-cli/src/lib.rs,crates/ql-cli/src/lib.rs,ql.html#q5/verification,,,"{""basis"": ""Source-recovered capability account; original verification limits retained in Markdown."", ""cli_commands"": [""verify""], ""cli_exposure"": {""kind"": ""direct"", ""reason"": ""The CLI emits its bounded native verification result.""}, ""converted_from_sha256"": ""86d000724352ae0b39b4a596596bd181b78a9f5b53435404b7d851d90e22920a"", ""maintenance"": {""change_refs"": [""codex:thread:01a07608-d2ec-7b10-9713-74c445adf8a5"", ""QL-MEF#87"", ""QL-MEF:agent/ql-multi-matrix-profile""], ""code_basis"": {""crates/ql-cli/src/lib.rs"": ""012922d73ae798df7ea3a88ba3194c9e7987c9c96525c395892aabbe3e28a215""}, ""updated_at"": ""2026-09-08""}, ""last_reconciled_at"": ""2026-09-08T10:44:17.878137+00:00""}",
quaternal-logic,product:quaternal-logic,product:quaternal-logic:ProjectCentral/user/capability-matrix.csv,product:quaternal-logic:ProjectCentral/user/capability-matrix.json,0a0fd90223d831f9b3bcd7b994c43e129c7caf6feb3cc3446b13d3a9bb67d125,589d30ef4ec74bc4a6d330759a521c6d4ef3545460a6dff2f448b179dedadafa,ql,oi <namespace> forwards the native leaf path unchanged,[],cap.ql.kernel-parity,capability,,,,[],Keep C and Rust relations aligned to one source,Shared holographic contract and parity fixtures,Explicit common relation identities and source provenance,implemented; selected native tests passed 2026-09-06,agent-inference,docs/HOLOGRAPHIC-KERNEL-FORMAL-REFERENCE.md,crates/ql-core/src/kernel.rs,crates/ql-mef/tests/holographic_kernel_contract.rs,ql.html#q0/provenance,,,"{""basis"": ""Source-recovered capability account; original verification limits retained in Markdown."", ""cli_commands"": [], ""cli_exposure"": {""kind"": ""library"", ""reason"": ""Kernel parity is maintained through ql-core and fixture contracts, with no emitted CLI command.""}, ""converted_from_sha256"": ""86d000724352ae0b39b4a596596bd181b78a9f5b53435404b7d851d90e22920a"", ""maintenance"": {""change_refs"": [""codex:thread:01a07608-d2ec-7b10-9713-74c445adf8a5"", ""QL-MEF#87""], ""code_basis"": {""crates/ql-core/src/kernel.rs"": ""d615307e8408749847707e60fae2aeb70d216ee710e0d0fb9a9dfe2861081156""}, ""updated_at"": ""2026-09-06""}, ""last_reconciled_at"": ""2026-09-06T14:30:24.557139+00:00""}",
quaternal-logic,product:quaternal-logic,product:quaternal-logic:ProjectCentral/user/capability-matrix.csv,product:quaternal-logic:ProjectCentral/user/capability-matrix.json,0a0fd90223d831f9b3bcd7b994c43e129c7caf6feb3cc3446b13d3a9bb67d125,589d30ef4ec74bc4a6d330759a521c6d4ef3545460a6dff2f448b179dedadafa,ql,oi <namespace> forwards the native leaf path unchanged,[],H0->H5,relation,suite-relations,H0,H5,[],,,,,agent-inference,O-I:docs/CANONICAL-PRODUCT-FIELD.md|QL-MEF#19(PR),,,,05/50:ground-synthesis,H,"{""src_product"": ""Central"", ""dst_product"": ""QL"", ""ql"": ""B3|C1"", ""cf_view"": ""CF7"", ""seam"": ""05/50:ground-synthesis"", ""defined_in"": ""O-I:docs/CANONICAL-PRODUCT-FIELD.md|QL-MEF#19(PR)"", ""tracked_by"": ""EpiLogos/O-I#29;EpiLogos/Central#24(PR);EpiLogos/QL-MEF#19(PR)"", ""maintenance"": {""updated_at"": ""2026-09-06"", ""change_refs"": [""codex:thread:01a07608-d2ec-7b10-9713-74c445adf8a5""]}, ""last_reconciled_at"": ""2026-09-06T14:30:24.557139+00:00""}",
quaternal-logic,product:quaternal-logic,product:quaternal-logic:ProjectCentral/user/capability-matrix.csv,product:quaternal-logic:ProjectCentral/user/capability-matrix.json,0a0fd90223d831f9b3bcd7b994c43e129c7caf6feb3cc3446b13d3a9bb67d125,589d30ef4ec74bc4a6d330759a521c6d4ef3545460a6dff2f448b179dedadafa,ql,oi <namespace> forwards the native leaf path unchanged,[],H0->A5,relation,suite-relations,H0,A5,[],,,,,agent-inference,O-I:docs/CANONICAL-PRODUCT-FIELD.md|QL-MEF#19(PR),,,,05/50:ground-synthesis,H,"{""src_product"": ""Central"", ""dst_product"": ""QL"", ""ql"": ""D2-require|D2-complete"", ""cf_view"": ""CF7"", ""seam"": ""05/50:ground-synthesis"", ""defined_in"": ""O-I:docs/CANONICAL-PRODUCT-FIELD.md|QL-MEF#19(PR)"", ""tracked_by"": ""EpiLogos/O-I#29;EpiLogos/Central#24(PR);EpiLogos/QL-MEF#19(PR)"", ""maintenance"": {""updated_at"": ""2026-09-06"", ""change_refs"": [""codex:thread:01a07608-d2ec-7b10-9713-74c445adf8a5""]}, ""last_reconciled_at"": ""2026-09-06T14:30:24.557139+00:00""}",
quaternal-logic,product:quaternal-logic,product:quaternal-logic:ProjectCentral/user/capability-matrix.csv,product:quaternal-logic:ProjectCentral/user/capability-matrix.json,0a0fd90223d831f9b3bcd7b994c43e129c7caf6feb3cc3446b13d3a9bb67d125,589d30ef4ec74bc4a6d330759a521c6d4ef3545460a6dff2f448b179dedadafa,ql,oi <namespace> forwards the native leaf path unchanged,[],H1->H5,relation,suite-relations,H1,H5,[],,,,,agent-inference,O-I:docs/CANONICAL-PRODUCT-FIELD.md|QL-MEF#19(PR),,,,15:agency-ql,S,"{""src_product"": ""Actuation"", ""dst_product"": ""QL"", ""ql"": """", ""cf_view"": """", ""seam"": ""15:agency-ql"", ""defined_in"": ""O-I:docs/CANONICAL-PRODUCT-FIELD.md|QL-MEF#19(PR)"", ""tracked_by"": ""EpiLogos/O-I#29;EpiLogos/Actuation#1;EpiLogos/QL-MEF#19(PR)"", ""maintenance"": {""updated_at"": ""2026-09-06"", ""change_refs"": [""codex:thread:01a07608-d2ec-7b10-9713-74c445adf8a5""]}, ""last_reconciled_at"": ""2026-09-06T14:30:24.557139+00:00""}",
quaternal-logic,product:quaternal-logic,product:quaternal-logic:ProjectCentral/user/capability-matrix.csv,product:quaternal-logic:ProjectCentral/user/capability-matrix.json,0a0fd90223d831f9b3bcd7b994c43e129c7caf6feb3cc3446b13d3a9bb67d125,589d30ef4ec74bc4a6d330759a521c6d4ef3545460a6dff2f448b179dedadafa,ql,oi <namespace> forwards the native leaf path unchanged,[],H1->A5,relation,suite-relations,H1,A5,[],,,,,agent-inference,O-I:docs/CANONICAL-PRODUCT-FIELD.md|QL-MEF#19(PR),,,,15:agency-ql,S,"{""src_product"": ""Actuation"", ""dst_product"": ""QL"", ""ql"": """", ""cf_view"": """", ""seam"": ""15:agency-ql"", ""defined_in"": ""O-I:docs/CANONICAL-PRODUCT-FIELD.md|QL-MEF#19(PR)"", ""tracked_by"": ""EpiLogos/O-I#29;EpiLogos/Actuation#1;EpiLogos/QL-MEF#19(PR)"", ""maintenance"": {""updated_at"": ""2026-09-06"", ""change_refs"": [""codex:thread:01a07608-d2ec-7b10-9713-74c445adf8a5""]}, ""last_reconciled_at"": ""2026-09-06T14:30:24.557139+00:00""}",
quaternal-logic,product:quaternal-logic,product:quaternal-logic:ProjectCentral/user/capability-matrix.csv,product:quaternal-logic:ProjectCentral/user/capability-matrix.json,0a0fd90223d831f9b3bcd7b994c43e129c7caf6feb3cc3446b13d3a9bb67d125,589d30ef4ec74bc4a6d330759a521c6d4ef3545460a6dff2f448b179dedadafa,ql,oi <namespace> forwards the native leaf path unchanged,[],H2->H5,relation,suite-relations,H2,H5,[],,,,,agent-inference,O-I:docs/CANONICAL-PRODUCT-FIELD.md|QL-MEF#19(PR),,,,25:context-ql,S,"{""src_product"": ""AIKit"", ""dst_product"": ""QL"", ""ql"": """", ""cf_view"": """", ""seam"": ""25:context-ql"", ""defined_in"": ""O-I:docs/CANONICAL-PRODUCT-FIELD.md|QL-MEF#19(PR)"", ""tracked_by"": ""EpiLogos/O-I#29;EpiLogos/ai-kit#58(PR);EpiLogos/QL-MEF#19(PR)"", ""maintenance"": {""updated_at"": ""2026-09-06"", ""change_refs"": [""codex:thread:01a07608-d2ec-7b10-9713-74c445adf8a5""]}, ""last_reconciled_at"": ""2026-09-06T14:30:24.557139+00:00""}",
quaternal-logic,product:quaternal-logic,product:quaternal-logic:ProjectCentral/user/capability-matrix.csv,product:quaternal-logic:ProjectCentral/user/capability-matrix.json,0a0fd90223d831f9b3bcd7b994c43e129c7caf6feb3cc3446b13d3a9bb67d125,589d30ef4ec74bc4a6d330759a521c6d4ef3545460a6dff2f448b179dedadafa,ql,oi <namespace> forwards the native leaf path unchanged,[],H2->A5,relation,suite-relations,H2,A5,[],,,,,agent-inference,O-I:docs/CANONICAL-PRODUCT-FIELD.md|QL-MEF#19(PR),,,,25:context-ql,S,"{""src_product"": ""AIKit"", ""dst_product"": ""QL"", ""ql"": """", ""cf_view"": """", ""seam"": ""25:context-ql"", ""defined_in"": ""O-I:docs/CANONICAL-PRODUCT-FIELD.md|QL-MEF#19(PR)"", ""tracked_by"": ""EpiLogos/O-I#29;EpiLogos/ai-kit#58(PR);EpiLogos/QL-MEF#19(PR)"", ""maintenance"": {""updated_at"": ""2026-09-06"", ""change_refs"": [""codex:thread:01a07608-d2ec-7b10-9713-74c445adf8a5""]}, ""last_reconciled_at"": ""2026-09-06T14:30:24.557139+00:00""}",
quaternal-logic,product:quaternal-logic,product:quaternal-logic:ProjectCentral/user/capability-matrix.csv,product:quaternal-logic:ProjectCentral/user/capability-matrix.json,0a0fd90223d831f9b3bcd7b994c43e129c7caf6feb3cc3446b13d3a9bb67d125,589d30ef4ec74bc4a6d330759a521c6d4ef3545460a6dff2f448b179dedadafa,ql,oi <namespace> forwards the native leaf path unchanged,[],H3->H5,relation,suite-relations,H3,H5,[],,,,,agent-inference,O-I:docs/CANONICAL-PRODUCT-FIELD.md|QL-MEF#19(PR),,,,35:development-ql,S,"{""src_product"": ""Factory"", ""dst_product"": ""QL"", ""ql"": """", ""cf_view"": """", ""seam"": ""35:development-ql"", ""defined_in"": ""O-I:docs/CANONICAL-PRODUCT-FIELD.md|QL-MEF#19(PR)"", ""tracked_by"": ""EpiLogos/O-I#29;EpiLogos/agent-system-design#132(PR);EpiLogos/QL-MEF#19(PR)"", ""maintenance"": {""updated_at"": ""2026-09-06"", ""change_refs"": [""codex:thread:01a07608-d2ec-7b10-9713-74c445adf8a5""]}, ""last_reconciled_at"": ""2026-09-06T14:30:24.557139+00:00""}",
quaternal-logic,product:quaternal-logic,product:quaternal-logic:ProjectCentral/user/capability-matrix.csv,product:quaternal-logic:ProjectCentral/user/capability-matrix.json,0a0fd90223d831f9b3bcd7b994c43e129c7caf6feb3cc3446b13d3a9bb67d125,589d30ef4ec74bc4a6d330759a521c6d4ef3545460a6dff2f448b179dedadafa,ql,oi <namespace> forwards the native leaf path unchanged,[],H3->A5,relation,suite-relations,H3,A5,[],,,,,agent-inference,O-I:docs/CANONICAL-PRODUCT-FIELD.md|QL-MEF#19(PR),,,,35:development-ql,S,"{""src_product"": ""Factory"", ""dst_product"": ""QL"", ""ql"": """", ""cf_view"": """", ""seam"": ""35:development-ql"", ""defined_in"": ""O-I:docs/CANONICAL-PRODUCT-FIELD.md|QL-MEF#19(PR)"", ""tracked_by"": ""EpiLogos/O-I#29;EpiLogos/agent-system-design#132(PR);EpiLogos/QL-MEF#19(PR)"", ""maintenance"": {""updated_at"": ""2026-09-06"", ""change_refs"": [""codex:thread:01a07608-d2ec-7b10-9713-74c445adf8a5""]}, ""last_reconciled_at"": ""2026-09-06T14:30:24.557139+00:00""}",
quaternal-logic,product:quaternal-logic,product:quaternal-logic:ProjectCentral/user/capability-matrix.csv,product:quaternal-logic:ProjectCentral/user/capability-matrix.json,0a0fd90223d831f9b3bcd7b994c43e129c7caf6feb3cc3446b13d3a9bb67d125,589d30ef4ec74bc4a6d330759a521c6d4ef3545460a6dff2f448b179dedadafa,ql,oi <namespace> forwards the native leaf path unchanged,[],H4->H5,relation,suite-relations,H4,H5,[],,,,,agent-inference,O-I:docs/CANONICAL-PRODUCT-FIELD.md|QL-MEF#19(PR),,,,45:actuality-formal-intelligence,H,"{""src_product"": ""Workcell"", ""dst_product"": ""QL"", ""ql"": ""A3"", ""cf_view"": ""CF5/CF6-field"", ""seam"": ""45:actuality-formal-intelligence"", ""defined_in"": ""O-I:docs/CANONICAL-PRODUCT-FIELD.md|QL-MEF#19(PR)"", ""tracked_by"": ""EpiLogos/O-I#29;EpiLogos/Workcell#18(PR);EpiLogos/QL-MEF#19(PR)"", ""maintenance"": {""updated_at"": ""2026-09-06"", ""change_refs"": [""codex:thread:01a07608-d2ec-7b10-9713-74c445adf8a5""]}, ""last_reconciled_at"": ""2026-09-06T14:30:24.557139+00:00""}",
quaternal-logic,product:quaternal-logic,product:quaternal-logic:ProjectCentral/user/capability-matrix.csv,product:quaternal-logic:ProjectCentral/user/capability-matrix.json,0a0fd90223d831f9b3bcd7b994c43e129c7caf6feb3cc3446b13d3a9bb67d125,589d30ef4ec74bc4a6d330759a521c6d4ef3545460a6dff2f448b179dedadafa,ql,oi <namespace> forwards the native leaf path unchanged,[],H4->A5,relation,suite-relations,H4,A5,[],,,,,agent-inference,O-I:docs/CANONICAL-PRODUCT-FIELD.md|QL-MEF#19(PR),,,,45:actuality-formal-intelligence,H,"{""src_product"": ""Workcell"", ""dst_product"": ""QL"", ""ql"": ""D2-transform"", ""cf_view"": ""CF5/CF6-field"", ""seam"": ""45:actuality-formal-intelligence"", ""defined_in"": ""O-I:docs/CANONICAL-PRODUCT-FIELD.md|QL-MEF#19(PR)"", ""tracked_by"": ""EpiLogos/O-I#29;EpiLogos/Workcell#18(PR);EpiLogos/QL-MEF#19(PR)"", ""maintenance"": {""updated_at"": ""2026-09-06"", ""change_refs"": [""codex:thread:01a07608-d2ec-7b10-9713-74c445adf8a5""]}, ""last_reconciled_at"": ""2026-09-06T14:30:24.557139+00:00""}",
quaternal-logic,product:quaternal-logic,product:quaternal-logic:ProjectCentral/user/capability-matrix.csv,product:quaternal-logic:ProjectCentral/user/capability-matrix.json,0a0fd90223d831f9b3bcd7b994c43e129c7caf6feb3cc3446b13d3a9bb67d125,589d30ef4ec74bc4a6d330759a521c6d4ef3545460a6dff2f448b179dedadafa,ql,oi <namespace> forwards the native leaf path unchanged,[],H5->H0,relation,suite-relations,H5,H0,[],,,,,agent-inference,O-I:docs/CANONICAL-PRODUCT-FIELD.md|QL-MEF#19(PR),,,,05/50:ground-synthesis,H,"{""src_product"": ""QL"", ""dst_product"": ""Central"", ""ql"": ""B3|C1"", ""cf_view"": ""CF7"", ""seam"": ""05/50:ground-synthesis"", ""defined_in"": ""O-I:docs/CANONICAL-PRODUCT-FIELD.md|QL-MEF#19(PR)"", ""tracked_by"": ""EpiLogos/O-I#29;EpiLogos/Central#24(PR);EpiLogos/QL-MEF#19(PR)"", ""maintenance"": {""updated_at"": ""2026-09-06"", ""change_refs"": [""codex:thread:01a07608-d2ec-7b10-9713-74c445adf8a5""]}, ""last_reconciled_at"": ""2026-09-06T14:30:24.557139+00:00""}",
quaternal-logic,product:quaternal-logic,product:quaternal-logic:ProjectCentral/user/capability-matrix.csv,product:quaternal-logic:ProjectCentral/user/capability-matrix.json,0a0fd90223d831f9b3bcd7b994c43e129c7caf6feb3cc3446b13d3a9bb67d125,589d30ef4ec74bc4a6d330759a521c6d4ef3545460a6dff2f448b179dedadafa,ql,oi <namespace> forwards the native leaf path unchanged,[],H5->H1,relation,suite-relations,H5,H1,[],,,,,agent-inference,O-I:docs/CANONICAL-PRODUCT-FIELD.md|QL-MEF#19(PR),,,,15:agency-ql,S,"{""src_product"": ""QL"", ""dst_product"": ""Actuation"", ""ql"": """", ""cf_view"": """", ""seam"": ""15:agency-ql"", ""defined_in"": ""O-I:docs/CANONICAL-PRODUCT-FIELD.md|QL-MEF#19(PR)"", ""tracked_by"": ""EpiLogos/O-I#29;EpiLogos/Actuation#1;EpiLogos/QL-MEF#19(PR)"", ""maintenance"": {""updated_at"": ""2026-09-06"", ""change_refs"": [""codex:thread:01a07608-d2ec-7b10-9713-74c445adf8a5""]}, ""last_reconciled_at"": ""2026-09-06T14:30:24.557139+00:00""}",
quaternal-logic,product:quaternal-logic,product:quaternal-logic:ProjectCentral/user/capability-matrix.csv,product:quaternal-logic:ProjectCentral/user/capability-matrix.json,0a0fd90223d831f9b3bcd7b994c43e129c7caf6feb3cc3446b13d3a9bb67d125,589d30ef4ec74bc4a6d330759a521c6d4ef3545460a6dff2f448b179dedadafa,ql,oi <namespace> forwards the native leaf path unchanged,[],H5->H2,relation,suite-relations,H5,H2,[],,,,,agent-inference,O-I:docs/CANONICAL-PRODUCT-FIELD.md|QL-MEF#19(PR),,,,25:context-ql,S,"{""src_product"": ""QL"", ""dst_product"": ""AIKit"", ""ql"": """", ""cf_view"": """", ""seam"": ""25:context-ql"", ""defined_in"": ""O-I:docs/CANONICAL-PRODUCT-FIELD.md|QL-MEF#19(PR)"", ""tracked_by"": ""EpiLogos/O-I#29;EpiLogos/ai-kit#58(PR);EpiLogos/QL-MEF#19(PR)"", ""maintenance"": {""updated_at"": ""2026-09-06"", ""change_refs"": [""codex:thread:01a07608-d2ec-7b10-9713-74c445adf8a5""]}, ""last_reconciled_at"": ""2026-09-06T14:30:24.557139+00:00""}",
quaternal-logic,product:quaternal-logic,product:quaternal-logic:ProjectCentral/user/capability-matrix.csv,product:quaternal-logic:ProjectCentral/user/capability-matrix.json,0a0fd90223d831f9b3bcd7b994c43e129c7caf6feb3cc3446b13d3a9bb67d125,589d30ef4ec74bc4a6d330759a521c6d4ef3545460a6dff2f448b179dedadafa,ql,oi <namespace> forwards the native leaf path unchanged,[],H5->H3,relation,suite-relations,H5,H3,[],,,,,agent-inference,O-I:docs/CANONICAL-PRODUCT-FIELD.md|QL-MEF#19(PR),,,,35:development-ql,S,"{""src_product"": ""QL"", ""dst_product"": ""Factory"", ""ql"": """", ""cf_view"": """", ""seam"": ""35:development-ql"", ""defined_in"": ""O-I:docs/CANONICAL-PRODUCT-FIELD.md|QL-MEF#19(PR)"", ""tracked_by"": ""EpiLogos/O-I#29;EpiLogos/agent-system-design#132(PR);EpiLogos/QL-MEF#19(PR)"", ""maintenance"": {""updated_at"": ""2026-09-06"", ""change_refs"": [""codex:thread:01a07608-d2ec-7b10-9713-74c445adf8a5""]}, ""last_reconciled_at"": ""2026-09-06T14:30:24.557139+00:00""}",
quaternal-logic,product:quaternal-logic,product:quaternal-logic:ProjectCentral/user/capability-matrix.csv,product:quaternal-logic:ProjectCentral/user/capability-matrix.json,0a0fd90223d831f9b3bcd7b994c43e129c7caf6feb3cc3446b13d3a9bb67d125,589d30ef4ec74bc4a6d330759a521c6d4ef3545460a6dff2f448b179dedadafa,ql,oi <namespace> forwards the native leaf path unchanged,[],H5->H4,relation,suite-relations,H5,H4,[],,,,,agent-inference,O-I:docs/CANONICAL-PRODUCT-FIELD.md|QL-MEF#19(PR),,,,45:actuality-formal-intelligence,H,"{""src_product"": ""QL"", ""dst_product"": ""Workcell"", ""ql"": ""A3"", ""cf_view"": ""CF5/CF6-field"", ""seam"": ""45:actuality-formal-intelligence"", ""defined_in"": ""O-I:docs/CANONICAL-PRODUCT-FIELD.md|QL-MEF#19(PR)"", ""tracked_by"": ""EpiLogos/O-I#29;EpiLogos/Workcell#18(PR);EpiLogos/QL-MEF#19(PR)"", ""maintenance"": {""updated_at"": ""2026-09-06"", ""change_refs"": [""codex:thread:01a07608-d2ec-7b10-9713-74c445adf8a5""]}, ""last_reconciled_at"": ""2026-09-06T14:30:24.557139+00:00""}",
quaternal-logic,product:quaternal-logic,product:quaternal-logic:ProjectCentral/user/capability-matrix.csv,product:quaternal-logic:ProjectCentral/user/capability-matrix.json,0a0fd90223d831f9b3bcd7b994c43e129c7caf6feb3cc3446b13d3a9bb67d125,589d30ef4ec74bc4a6d330759a521c6d4ef3545460a6dff2f448b179dedadafa,ql,oi <namespace> forwards the native leaf path unchanged,[],H5->H5,relation,suite-relations,H5,H5,[],,,,,agent-inference,O-I:docs/CANONICAL-PRODUCT-FIELD.md|QL-MEF#19(PR),,,,self:QL,I,"{""src_product"": ""QL"", ""dst_product"": ""QL"", ""ql"": """", ""cf_view"": """", ""seam"": ""self:QL"", ""defined_in"": ""O-I:docs/CANONICAL-PRODUCT-FIELD.md|QL-MEF#19(PR)"", ""tracked_by"": ""EpiLogos/O-I#29;EpiLogos/QL-MEF#19(PR)"", ""maintenance"": {""updated_at"": ""2026-09-06"", ""change_refs"": [""codex:thread:01a07608-d2ec-7b10-9713-74c445adf8a5""]}, ""last_reconciled_at"": ""2026-09-06T14:30:24.557139+00:00""}",
quaternal-logic,product:quaternal-logic,product:quaternal-logic:ProjectCentral/user/capability-matrix.csv,product:quaternal-logic:ProjectCentral/user/capability-matrix.json,0a0fd90223d831f9b3bcd7b994c43e129c7caf6feb3cc3446b13d3a9bb67d125,589d30ef4ec74bc4a6d330759a521c6d4ef3545460a6dff2f448b179dedadafa,ql,oi <namespace> forwards the native leaf path unchanged,[],H5->A0,relation,suite-relations,H5,A0,[],,,,,agent-inference,O-I:docs/CANONICAL-PRODUCT-FIELD.md|QL-MEF#19(PR),,,,05/50:ground-synthesis,H,"{""src_product"": ""QL"", ""dst_product"": ""Central"", ""ql"": ""D2-transform|D2-complete"", ""cf_view"": ""CF7"", ""seam"": ""05/50:ground-synthesis"", ""defined_in"": ""O-I:docs/CANONICAL-PRODUCT-FIELD.md|QL-MEF#19(PR)"", ""tracked_by"": ""EpiLogos/O-I#29;EpiLogos/Central#24(PR);EpiLogos/QL-MEF#19(PR)"", ""maintenance"": {""updated_at"": ""2026-09-06"", ""change_refs"": [""codex:thread:01a07608-d2ec-7b10-9713-74c445adf8a5""]}, ""last_reconciled_at"": ""2026-09-06T14:30:24.557139+00:00""}",
quaternal-logic,product:quaternal-logic,product:quaternal-logic:ProjectCentral/user/capability-matrix.csv,product:quaternal-logic:ProjectCentral/user/capability-matrix.json,0a0fd90223d831f9b3bcd7b994c43e129c7caf6feb3cc3446b13d3a9bb67d125,589d30ef4ec74bc4a6d330759a521c6d4ef3545460a6dff2f448b179dedadafa,ql,oi <namespace> forwards the native leaf path unchanged,[],H5->A1,relation,suite-relations,H5,A1,[],,,,,agent-inference,O-I:docs/CANONICAL-PRODUCT-FIELD.md|QL-MEF#19(PR),,,,15:agency-ql,S,"{""src_product"": ""QL"", ""dst_product"": ""Actuation"", ""ql"": """", ""cf_view"": """", ""seam"": ""15:agency-ql"", ""defined_in"": ""O-I:docs/CANONICAL-PRODUCT-FIELD.md|QL-MEF#19(PR)"", ""tracked_by"": ""EpiLogos/O-I#29;EpiLogos/Actuation#1;EpiLogos/QL-MEF#19(PR)"", ""maintenance"": {""updated_at"": ""2026-09-06"", ""change_refs"": [""codex:thread:01a07608-d2ec-7b10-9713-74c445adf8a5""]}, ""last_reconciled_at"": ""2026-09-06T14:30:24.557139+00:00""}",
quaternal-logic,product:quaternal-logic,product:quaternal-logic:ProjectCentral/user/capability-matrix.csv,product:quaternal-logic:ProjectCentral/user/capability-matrix.json,0a0fd90223d831f9b3bcd7b994c43e129c7caf6feb3cc3446b13d3a9bb67d125,589d30ef4ec74bc4a6d330759a521c6d4ef3545460a6dff2f448b179dedadafa,ql,oi <namespace> forwards the native leaf path unchanged,[],H5->A2,relation,suite-relations,H5,A2,[],,,,,agent-inference,O-I:docs/CANONICAL-PRODUCT-FIELD.md|QL-MEF#19(PR),,,,25:context-ql,S,"{""src_product"": ""QL"", ""dst_product"": ""AIKit"", ""ql"": """", ""cf_view"": """", ""seam"": ""25:context-ql"", ""defined_in"": ""O-I:docs/CANONICAL-PRODUCT-FIELD.md|QL-MEF#19(PR)"", ""tracked_by"": ""EpiLogos/O-I#29;EpiLogos/ai-kit#58(PR);EpiLogos/QL-MEF#19(PR)"", ""maintenance"": {""updated_at"": ""2026-09-06"", ""change_refs"": [""codex:thread:01a07608-d2ec-7b10-9713-74c445adf8a5""]}, ""last_reconciled_at"": ""2026-09-06T14:30:24.557139+00:00""}",
quaternal-logic,product:quaternal-logic,product:quaternal-logic:ProjectCentral/user/capability-matrix.csv,product:quaternal-logic:ProjectCentral/user/capability-matrix.json,0a0fd90223d831f9b3bcd7b994c43e129c7caf6feb3cc3446b13d3a9bb67d125,589d30ef4ec74bc4a6d330759a521c6d4ef3545460a6dff2f448b179dedadafa,ql,oi <namespace> forwards the native leaf path unchanged,[],H5->A3,relation,suite-relations,H5,A3,[],,,,,agent-inference,O-I:docs/CANONICAL-PRODUCT-FIELD.md|QL-MEF#19(PR),,,,35:development-ql,S,"{""src_product"": ""QL"", ""dst_product"": ""Factory"", ""ql"": """", ""cf_view"": """", ""seam"": ""35:development-ql"", ""defined_in"": ""O-I:docs/CANONICAL-PRODUCT-FIELD.md|QL-MEF#19(PR)"", ""tracked_by"": ""EpiLogos/O-I#29;EpiLogos/agent-system-design#132(PR);EpiLogos/QL-MEF#19(PR)"", ""maintenance"": {""updated_at"": ""2026-09-06"", ""change_refs"": [""codex:thread:01a07608-d2ec-7b10-9713-74c445adf8a5""]}, ""last_reconciled_at"": ""2026-09-06T14:30:24.557139+00:00""}",
quaternal-logic,product:quaternal-logic,product:quaternal-logic:ProjectCentral/user/capability-matrix.csv,product:quaternal-logic:ProjectCentral/user/capability-matrix.json,0a0fd90223d831f9b3bcd7b994c43e129c7caf6feb3cc3446b13d3a9bb67d125,589d30ef4ec74bc4a6d330759a521c6d4ef3545460a6dff2f448b179dedadafa,ql,oi <namespace> forwards the native leaf path unchanged,[],H5->A4,relation,suite-relations,H5,A4,[],,,,,agent-inference,O-I:docs/CANONICAL-PRODUCT-FIELD.md|QL-MEF#19(PR),,,,45:actuality-formal-intelligence,H,"{""src_product"": ""QL"", ""dst_product"": ""Workcell"", ""ql"": ""D2-require"", ""cf_view"": ""CF5/CF6-field"", ""seam"": ""45:actuality-formal-intelligence"", ""defined_in"": ""O-I:docs/CANONICAL-PRODUCT-FIELD.md|QL-MEF#19(PR)"", ""tracked_by"": ""EpiLogos/O-I#29;EpiLogos/Workcell#18(PR);EpiLogos/QL-MEF#19(PR)"", ""maintenance"": {""updated_at"": ""2026-09-06"", ""change_refs"": [""codex:thread:01a07608-d2ec-7b10-9713-74c445adf8a5""]}, ""last_reconciled_at"": ""2026-09-06T14:30:24.557139+00:00""}",
quaternal-logic,product:quaternal-logic,product:quaternal-logic:ProjectCentral/user/capability-matrix.csv,product:quaternal-logic:ProjectCentral/user/capability-matrix.json,0a0fd90223d831f9b3bcd7b994c43e129c7caf6feb3cc3446b13d3a9bb67d125,589d30ef4ec74bc4a6d330759a521c6d4ef3545460a6dff2f448b179dedadafa,ql,oi <namespace> forwards the native leaf path unchanged,[],H5->A5,relation,suite-relations,H5,A5,[],,,,,agent-inference,O-I:docs/CANONICAL-PRODUCT-FIELD.md|QL-MEF#19(PR),,,,conjugation:QL,H,"{""src_product"": ""QL"", ""dst_product"": ""QL"", ""ql"": ""D1"", ""cf_view"": """", ""seam"": ""conjugation:QL"", ""defined_in"": ""O-I:docs/CANONICAL-PRODUCT-FIELD.md|QL-MEF#19(PR)"", ""tracked_by"": ""EpiLogos/O-I#29;EpiLogos/QL-MEF#19(PR)"", ""maintenance"": {""updated_at"": ""2026-09-06"", ""change_refs"": [""codex:thread:01a07608-d2ec-7b10-9713-74c445adf8a5""]}, ""last_reconciled_at"": ""2026-09-06T14:30:24.557139+00:00""}",
quaternal-logic,product:quaternal-logic,product:quaternal-logic:ProjectCentral/user/capability-matrix.csv,product:quaternal-logic:ProjectCentral/user/capability-matrix.json,0a0fd90223d831f9b3bcd7b994c43e129c7caf6feb3cc3446b13d3a9bb67d125,589d30ef4ec74bc4a6d330759a521c6d4ef3545460a6dff2f448b179dedadafa,ql,oi <namespace> forwards the native leaf path unchanged,[],A0->H5,relation,suite-relations,A0,H5,[],,,,,agent-inference,O-I:docs/CANONICAL-PRODUCT-FIELD.md|QL-MEF#19(PR),,,,05/50:ground-synthesis,H,"{""src_product"": ""Central"", ""dst_product"": ""QL"", ""ql"": ""D2-transform.inverse|D2-complete.inverse"", ""cf_view"": ""CF7"", ""seam"": ""05/50:ground-synthesis"", ""defined_in"": ""O-I:docs/CANONICAL-PRODUCT-FIELD.md|QL-MEF#19(PR)"", ""tracked_by"": ""EpiLogos/O-I#29;EpiLogos/Central#24(PR);EpiLogos/QL-MEF#19(PR)"", ""maintenance"": {""updated_at"": ""2026-09-06"", ""change_refs"": [""codex:thread:01a07608-d2ec-7b10-9713-74c445adf8a5""]}, ""last_reconciled_at"": ""2026-09-06T14:30:24.557139+00:00""}",
quaternal-logic,product:quaternal-logic,product:quaternal-logic:ProjectCentral/user/capability-matrix.csv,product:quaternal-logic:ProjectCentral/user/capability-matrix.json,0a0fd90223d831f9b3bcd7b994c43e129c7caf6feb3cc3446b13d3a9bb67d125,589d30ef4ec74bc4a6d330759a521c6d4ef3545460a6dff2f448b179dedadafa,ql,oi <namespace> forwards the native leaf path unchanged,[],A0->A5,relation,suite-relations,A0,A5,[],,,,,agent-inference,O-I:docs/CANONICAL-PRODUCT-FIELD.md|QL-MEF#19(PR),,,,05/50:ground-synthesis,H,"{""src_product"": ""Central"", ""dst_product"": ""QL"", ""ql"": ""D3:B3|D3:C1"", ""cf_view"": ""CF7"", ""seam"": ""05/50:ground-synthesis"", ""defined_in"": ""O-I:docs/CANONICAL-PRODUCT-FIELD.md|QL-MEF#19(PR)"", ""tracked_by"": ""EpiLogos/O-I#29;EpiLogos/Central#24(PR);EpiLogos/QL-MEF#19(PR)"", ""maintenance"": {""updated_at"": ""2026-09-06"", ""change_refs"": [""codex:thread:01a07608-d2ec-7b10-9713-74c445adf8a5""]}, ""last_reconciled_at"": ""2026-09-06T14:30:24.557139+00:00""}",
quaternal-logic,product:quaternal-logic,product:quaternal-logic:ProjectCentral/user/capability-matrix.csv,product:quaternal-logic:ProjectCentral/user/capability-matrix.json,0a0fd90223d831f9b3bcd7b994c43e129c7caf6feb3cc3446b13d3a9bb67d125,589d30ef4ec74bc4a6d330759a521c6d4ef3545460a6dff2f448b179dedadafa,ql,oi <namespace> forwards the native leaf path unchanged,[],A1->H5,relation,suite-relations,A1,H5,[],,,,,agent-inference,O-I:docs/CANONICAL-PRODUCT-FIELD.md|QL-MEF#19(PR),,,,15:agency-ql,S,"{""src_product"": ""Actuation"", ""dst_product"": ""QL"", ""ql"": """", ""cf_view"": """", ""seam"": ""15:agency-ql"", ""defined_in"": ""O-I:docs/CANONICAL-PRODUCT-FIELD.md|QL-MEF#19(PR)"", ""tracked_by"": ""EpiLogos/O-I#29;EpiLogos/Actuation#1;EpiLogos/QL-MEF#19(PR)"", ""maintenance"": {""updated_at"": ""2026-09-06"", ""change_refs"": [""codex:thread:01a07608-d2ec-7b10-9713-74c445adf8a5""]}, ""last_reconciled_at"": ""2026-09-06T14:30:24.557139+00:00""}",
quaternal-logic,product:quaternal-logic,product:quaternal-logic:ProjectCentral/user/capability-matrix.csv,product:quaternal-logic:ProjectCentral/user/capability-matrix.json,0a0fd90223d831f9b3bcd7b994c43e129c7caf6feb3cc3446b13d3a9bb67d125,589d30ef4ec74bc4a6d330759a521c6d4ef3545460a6dff2f448b179dedadafa,ql,oi <namespace> forwards the native leaf path unchanged,[],A1->A5,relation,suite-relations,A1,A5,[],,,,,agent-inference,O-I:docs/CANONICAL-PRODUCT-FIELD.md|QL-MEF#19(PR),,,,15:agency-ql,S,"{""src_product"": ""Actuation"", ""dst_product"": ""QL"", ""ql"": """", ""cf_view"": """", ""seam"": ""15:agency-ql"", ""defined_in"": ""O-I:docs/CANONICAL-PRODUCT-FIELD.md|QL-MEF#19(PR)"", ""tracked_by"": ""EpiLogos/O-I#29;EpiLogos/Actuation#1;EpiLogos/QL-MEF#19(PR)"", ""maintenance"": {""updated_at"": ""2026-09-06"", ""change_refs"": [""codex:thread:01a07608-d2ec-7b10-9713-74c445adf8a5""]}, ""last_reconciled_at"": ""2026-09-06T14:30:24.557139+00:00""}",
quaternal-logic,product:quaternal-logic,product:quaternal-logic:ProjectCentral/user/capability-matrix.csv,product:quaternal-logic:ProjectCentral/user/capability-matrix.json,0a0fd90223d831f9b3bcd7b994c43e129c7caf6feb3cc3446b13d3a9bb67d125,589d30ef4ec74bc4a6d330759a521c6d4ef3545460a6dff2f448b179dedadafa,ql,oi <namespace> forwards the native leaf path unchanged,[],A2->H5,relation,suite-relations,A2,H5,[],,,,,agent-inference,O-I:docs/CANONICAL-PRODUCT-FIELD.md|QL-MEF#19(PR),,,,25:context-ql,S,"{""src_product"": ""AIKit"", ""dst_product"": ""QL"", ""ql"": """", ""cf_view"": """", ""seam"": ""25:context-ql"", ""defined_in"": ""O-I:docs/CANONICAL-PRODUCT-FIELD.md|QL-MEF#19(PR)"", ""tracked_by"": ""EpiLogos/O-I#29;EpiLogos/ai-kit#58(PR);EpiLogos/QL-MEF#19(PR)"", ""maintenance"": {""updated_at"": ""2026-09-06"", ""change_refs"": [""codex:thread:01a07608-d2ec-7b10-9713-74c445adf8a5""]}, ""last_reconciled_at"": ""2026-09-06T14:30:24.557139+00:00""}",
quaternal-logic,product:quaternal-logic,product:quaternal-logic:ProjectCentral/user/capability-matrix.csv,product:quaternal-logic:ProjectCentral/user/capability-matrix.json,0a0fd90223d831f9b3bcd7b994c43e129c7caf6feb3cc3446b13d3a9bb67d125,589d30ef4ec74bc4a6d330759a521c6d4ef3545460a6dff2f448b179dedadafa,ql,oi <namespace> forwards the native leaf path unchanged,[],A2->A5,relation,suite-relations,A2,A5,[],,,,,agent-inference,O-I:docs/CANONICAL-PRODUCT-FIELD.md|QL-MEF#19(PR),,,,25:context-ql,S,"{""src_product"": ""AIKit"", ""dst_product"": ""QL"", ""ql"": """", ""cf_view"": """", ""seam"": ""25:context-ql"", ""defined_in"": ""O-I:docs/CANONICAL-PRODUCT-FIELD.md|QL-MEF#19(PR)"", ""tracked_by"": ""EpiLogos/O-I#29;EpiLogos/ai-kit#58(PR);EpiLogos/QL-MEF#19(PR)"", ""maintenance"": {""updated_at"": ""2026-09-06"", ""change_refs"": [""codex:thread:01a07608-d2ec-7b10-9713-74c445adf8a5""]}, ""last_reconciled_at"": ""2026-09-06T14:30:24.557139+00:00""}",
quaternal-logic,product:quaternal-logic,product:quaternal-logic:ProjectCentral/user/capability-matrix.csv,product:quaternal-logic:ProjectCentral/user/capability-matrix.json,0a0fd90223d831f9b3bcd7b994c43e129c7caf6feb3cc3446b13d3a9bb67d125,589d30ef4ec74bc4a6d330759a521c6d4ef3545460a6dff2f448b179dedadafa,ql,oi <namespace> forwards the native leaf path unchanged,[],A3->H5,relation,suite-relations,A3,H5,[],,,,,agent-inference,O-I:docs/CANONICAL-PRODUCT-FIELD.md|QL-MEF#19(PR),,,,35:development-ql,S,"{""src_product"": ""Factory"", ""dst_product"": ""QL"", ""ql"": """", ""cf_view"": """", ""seam"": ""35:development-ql"", ""defined_in"": ""O-I:docs/CANONICAL-PRODUCT-FIELD.md|QL-MEF#19(PR)"", ""tracked_by"": ""EpiLogos/O-I#29;EpiLogos/agent-system-design#132(PR);EpiLogos/QL-MEF#19(PR)"", ""maintenance"": {""updated_at"": ""2026-09-06"", ""change_refs"": [""codex:thread:01a07608-d2ec-7b10-9713-74c445adf8a5""]}, ""last_reconciled_at"": ""2026-09-06T14:30:24.557139+00:00""}",
quaternal-logic,product:quaternal-logic,product:quaternal-logic:ProjectCentral/user/capability-matrix.csv,product:quaternal-logic:ProjectCentral/user/capability-matrix.json,0a0fd90223d831f9b3bcd7b994c43e129c7caf6feb3cc3446b13d3a9bb67d125,589d30ef4ec74bc4a6d330759a521c6d4ef3545460a6dff2f448b179dedadafa,ql,oi <namespace> forwards the native leaf path unchanged,[],A3->A5,relation,suite-relations,A3,A5,[],,,,,agent-inference,O-I:docs/CANONICAL-PRODUCT-FIELD.md|QL-MEF#19(PR),,,,35:development-ql,S,"{""src_product"": ""Factory"", ""dst_product"": ""QL"", ""ql"": """", ""cf_view"": """", ""seam"": ""35:development-ql"", ""defined_in"": ""O-I:docs/CANONICAL-PRODUCT-FIELD.md|QL-MEF#19(PR)"", ""tracked_by"": ""EpiLogos/O-I#29;EpiLogos/agent-system-design#132(PR);EpiLogos/QL-MEF#19(PR)"", ""maintenance"": {""updated_at"": ""2026-09-06"", ""change_refs"": [""codex:thread:01a07608-d2ec-7b10-9713-74c445adf8a5""]}, ""last_reconciled_at"": ""2026-09-06T14:30:24.557139+00:00""}",
quaternal-logic,product:quaternal-logic,product:quaternal-logic:ProjectCentral/user/capability-matrix.csv,product:quaternal-logic:ProjectCentral/user/capability-matrix.json,0a0fd90223d831f9b3bcd7b994c43e129c7caf6feb3cc3446b13d3a9bb67d125,589d30ef4ec74bc4a6d330759a521c6d4ef3545460a6dff2f448b179dedadafa,ql,oi <namespace> forwards the native leaf path unchanged,[],A4->H5,relation,suite-relations,A4,H5,[],,,,,agent-inference,O-I:docs/CANONICAL-PRODUCT-FIELD.md|QL-MEF#19(PR),,,,45:actuality-formal-intelligence,H,"{""src_product"": ""Workcell"", ""dst_product"": ""QL"", ""ql"": ""D2-require.inverse"", ""cf_view"": ""CF5/CF6-field"", ""seam"": ""45:actuality-formal-intelligence"", ""defined_in"": ""O-I:docs/CANONICAL-PRODUCT-FIELD.md|QL-MEF#19(PR)"", ""tracked_by"": ""EpiLogos/O-I#29;EpiLogos/Workcell#18(PR);EpiLogos/QL-MEF#19(PR)"", ""maintenance"": {""updated_at"": ""2026-09-06"", ""change_refs"": [""codex:thread:01a07608-d2ec-7b10-9713-74c445adf8a5""]}, ""last_reconciled_at"": ""2026-09-06T14:30:24.557139+00:00""}",
quaternal-logic,product:quaternal-logic,product:quaternal-logic:ProjectCentral/user/capability-matrix.csv,product:quaternal-logic:ProjectCentral/user/capability-matrix.json,0a0fd90223d831f9b3bcd7b994c43e129c7caf6feb3cc3446b13d3a9bb67d125,589d30ef4ec74bc4a6d330759a521c6d4ef3545460a6dff2f448b179dedadafa,ql,oi <namespace> forwards the native leaf path unchanged,[],A4->A5,relation,suite-relations,A4,A5,[],,,,,agent-inference,O-I:docs/CANONICAL-PRODUCT-FIELD.md|QL-MEF#19(PR),,,,45:actuality-formal-intelligence,H,"{""src_product"": ""Workcell"", ""dst_product"": ""QL"", ""ql"": ""D3:A3"", ""cf_view"": ""CF5/CF6-field"", ""seam"": ""45:actuality-formal-intelligence"", ""defined_in"": ""O-I:docs/CANONICAL-PRODUCT-FIELD.md|QL-MEF#19(PR)"", ""tracked_by"": ""EpiLogos/O-I#29;EpiLogos/Workcell#18(PR);EpiLogos/QL-MEF#19(PR)"", ""maintenance"": {""updated_at"": ""2026-09-06"", ""change_refs"": [""codex:thread:01a07608-d2ec-7b10-9713-74c445adf8a5""]}, ""last_reconciled_at"": ""2026-09-06T14:30:24.557139+00:00""}",
quaternal-logic,product:quaternal-logic,product:quaternal-logic:ProjectCentral/user/capability-matrix.csv,product:quaternal-logic:ProjectCentral/user/capability-matrix.json,0a0fd90223d831f9b3bcd7b994c43e129c7caf6feb3cc3446b13d3a9bb67d125,589d30ef4ec74bc4a6d330759a521c6d4ef3545460a6dff2f448b179dedadafa,ql,oi <namespace> forwards the native leaf path unchanged,[],A5->H0,relation,suite-relations,A5,H0,[],,,,,agent-inference,O-I:docs/CANONICAL-PRODUCT-FIELD.md|QL-MEF#19(PR),,,,05/50:ground-synthesis,H,"{""src_product"": ""QL"", ""dst_product"": ""Central"", ""ql"": ""D2-require.inverse|D2-complete.inverse"", ""cf_view"": ""CF7"", ""seam"": ""05/50:ground-synthesis"", ""defined_in"": ""O-I:docs/CANONICAL-PRODUCT-FIELD.md|QL-MEF#19(PR)"", ""tracked_by"": ""EpiLogos/O-I#29;EpiLogos/Central#24(PR);EpiLogos/QL-MEF#19(PR)"", ""maintenance"": {""updated_at"": ""2026-09-06"", ""change_refs"": [""codex:thread:01a07608-d2ec-7b10-9713-74c445adf8a5""]}, ""last_reconciled_at"": ""2026-09-06T14:30:24.557139+00:00""}",
quaternal-logic,product:quaternal-logic,product:quaternal-logic:ProjectCentral/user/capability-matrix.csv,product:quaternal-logic:ProjectCentral/user/capability-matrix.json,0a0fd90223d831f9b3bcd7b994c43e129c7caf6feb3cc3446b13d3a9bb67d125,589d30ef4ec74bc4a6d330759a521c6d4ef3545460a6dff2f448b179dedadafa,ql,oi <namespace> forwards the native leaf path unchanged,[],A5->H1,relation,suite-relations,A5,H1,[],,,,,agent-inference,O-I:docs/CANONICAL-PRODUCT-FIELD.md|QL-MEF#19(PR),,,,15:agency-ql,S,"{""src_product"": ""QL"", ""dst_product"": ""Actuation"", ""ql"": """", ""cf_view"": """", ""seam"": ""15:agency-ql"", ""defined_in"": ""O-I:docs/CANONICAL-PRODUCT-FIELD.md|QL-MEF#19(PR)"", ""tracked_by"": ""EpiLogos/O-I#29;EpiLogos/Actuation#1;EpiLogos/QL-MEF#19(PR)"", ""maintenance"": {""updated_at"": ""2026-09-06"", ""change_refs"": [""codex:thread:01a07608-d2ec-7b10-9713-74c445adf8a5""]}, ""last_reconciled_at"": ""2026-09-06T14:30:24.557139+00:00""}",
quaternal-logic,product:quaternal-logic,product:quaternal-logic:ProjectCentral/user/capability-matrix.csv,product:quaternal-logic:ProjectCentral/user/capability-matrix.json,0a0fd90223d831f9b3bcd7b994c43e129c7caf6feb3cc3446b13d3a9bb67d125,589d30ef4ec74bc4a6d330759a521c6d4ef3545460a6dff2f448b179dedadafa,ql,oi <namespace> forwards the native leaf path unchanged,[],A5->H2,relation,suite-relations,A5,H2,[],,,,,agent-inference,O-I:docs/CANONICAL-PRODUCT-FIELD.md|QL-MEF#19(PR),,,,25:context-ql,S,"{""src_product"": ""QL"", ""dst_product"": ""AIKit"", ""ql"": """", ""cf_view"": """", ""seam"": ""25:context-ql"", ""defined_in"": ""O-I:docs/CANONICAL-PRODUCT-FIELD.md|QL-MEF#19(PR)"", ""tracked_by"": ""EpiLogos/O-I#29;EpiLogos/ai-kit#58(PR);EpiLogos/QL-MEF#19(PR)"", ""maintenance"": {""updated_at"": ""2026-09-06"", ""change_refs"": [""codex:thread:01a07608-d2ec-7b10-9713-74c445adf8a5""]}, ""last_reconciled_at"": ""2026-09-06T14:30:24.557139+00:00""}",
quaternal-logic,product:quaternal-logic,product:quaternal-logic:ProjectCentral/user/capability-matrix.csv,product:quaternal-logic:ProjectCentral/user/capability-matrix.json,0a0fd90223d831f9b3bcd7b994c43e129c7caf6feb3cc3446b13d3a9bb67d125,589d30ef4ec74bc4a6d330759a521c6d4ef3545460a6dff2f448b179dedadafa,ql,oi <namespace> forwards the native leaf path unchanged,[],A5->H3,relation,suite-relations,A5,H3,[],,,,,agent-inference,O-I:docs/CANONICAL-PRODUCT-FIELD.md|QL-MEF#19(PR),,,,35:development-ql,S,"{""src_product"": ""QL"", ""dst_product"": ""Factory"", ""ql"": """", ""cf_view"": """", ""seam"": ""35:development-ql"", ""defined_in"": ""O-I:docs/CANONICAL-PRODUCT-FIELD.md|QL-MEF#19(PR)"", ""tracked_by"": ""EpiLogos/O-I#29;EpiLogos/agent-system-design#132(PR);EpiLogos/QL-MEF#19(PR)"", ""maintenance"": {""updated_at"": ""2026-09-06"", ""change_refs"": [""codex:thread:01a07608-d2ec-7b10-9713-74c445adf8a5""]}, ""last_reconciled_at"": ""2026-09-06T14:30:24.557139+00:00""}",
quaternal-logic,product:quaternal-logic,product:quaternal-logic:ProjectCentral/user/capability-matrix.csv,product:quaternal-logic:ProjectCentral/user/capability-matrix.json,0a0fd90223d831f9b3bcd7b994c43e129c7caf6feb3cc3446b13d3a9bb67d125,589d30ef4ec74bc4a6d330759a521c6d4ef3545460a6dff2f448b179dedadafa,ql,oi <namespace> forwards the native leaf path unchanged,[],A5->H4,relation,suite-relations,A5,H4,[],,,,,agent-inference,O-I:docs/CANONICAL-PRODUCT-FIELD.md|QL-MEF#19(PR),,,,45:actuality-formal-intelligence,H,"{""src_product"": ""QL"", ""dst_product"": ""Workcell"", ""ql"": ""D2-transform.inverse"", ""cf_view"": ""CF5/CF6-field"", ""seam"": ""45:actuality-formal-intelligence"", ""defined_in"": ""O-I:docs/CANONICAL-PRODUCT-FIELD.md|QL-MEF#19(PR)"", ""tracked_by"": ""EpiLogos/O-I#29;EpiLogos/Workcell#18(PR);EpiLogos/QL-MEF#19(PR)"", ""maintenance"": {""updated_at"": ""2026-09-06"", ""change_refs"": [""codex:thread:01a07608-d2ec-7b10-9713-74c445adf8a5""]}, ""last_reconciled_at"": ""2026-09-06T14:30:24.557139+00:00""}",
quaternal-logic,product:quaternal-logic,product:quaternal-logic:ProjectCentral/user/capability-matrix.csv,product:quaternal-logic:ProjectCentral/user/capability-matrix.json,0a0fd90223d831f9b3bcd7b994c43e129c7caf6feb3cc3446b13d3a9bb67d125,589d30ef4ec74bc4a6d330759a521c6d4ef3545460a6dff2f448b179dedadafa,ql,oi <namespace> forwards the native leaf path unchanged,[],A5->H5,relation,suite-relations,A5,H5,[],,,,,agent-inference,O-I:docs/CANONICAL-PRODUCT-FIELD.md|QL-MEF#19(PR),,,,conjugation:QL,H,"{""src_product"": ""QL"", ""dst_product"": ""QL"", ""ql"": ""D1.inverse"", ""cf_view"": """", ""seam"": ""conjugation:QL"", ""defined_in"": ""O-I:docs/CANONICAL-PRODUCT-FIELD.md|QL-MEF#19(PR)"", ""tracked_by"": ""EpiLogos/O-I#29;EpiLogos/QL-MEF#19(PR)"", ""maintenance"": {""updated_at"": ""2026-09-06"", ""change_refs"": [""codex:thread:01a07608-d2ec-7b10-9713-74c445adf8a5""]}, ""last_reconciled_at"": ""2026-09-06T14:30:24.557139+00:00""}",
quaternal-logic,product:quaternal-logic,product:quaternal-logic:ProjectCentral/user/capability-matrix.csv,product:quaternal-logic:ProjectCentral/user/capability-matrix.json,0a0fd90223d831f9b3bcd7b994c43e129c7caf6feb3cc3446b13d3a9bb67d125,589d30ef4ec74bc4a6d330759a521c6d4ef3545460a6dff2f448b179dedadafa,ql,oi <namespace> forwards the native leaf path unchanged,[],A5->A0,relation,suite-relations,A5,A0,[],,,,,agent-inference,O-I:docs/CANONICAL-PRODUCT-FIELD.md|QL-MEF#19(PR),,,,05/50:ground-synthesis,H,"{""src_product"": ""QL"", ""dst_product"": ""Central"", ""ql"": ""D3:B3|D3:C1"", ""cf_view"": ""CF7"", ""seam"": ""05/50:ground-synthesis"", ""defined_in"": ""O-I:docs/CANONICAL-PRODUCT-FIELD.md|QL-MEF#19(PR)"", ""tracked_by"": ""EpiLogos/O-I#29;EpiLogos/Central#24(PR);EpiLogos/QL-MEF#19(PR)"", ""maintenance"": {""updated_at"": ""2026-09-06"", ""change_refs"": [""codex:thread:01a07608-d2ec-7b10-9713-74c445adf8a5""]}, ""last_reconciled_at"": ""2026-09-06T14:30:24.557139+00:00""}",
quaternal-logic,product:quaternal-logic,product:quaternal-logic:ProjectCentral/user/capability-matrix.csv,product:quaternal-logic:ProjectCentral/user/capability-matrix.json,0a0fd90223d831f9b3bcd7b994c43e129c7caf6feb3cc3446b13d3a9bb67d125,589d30ef4ec74bc4a6d330759a521c6d4ef3545460a6dff2f448b179dedadafa,ql,oi <namespace> forwards the native leaf path unchanged,[],A5->A1,relation,suite-relations,A5,A1,[],,,,,agent-inference,O-I:docs/CANONICAL-PRODUCT-FIELD.md|QL-MEF#19(PR),,,,15:agency-ql,S,"{""src_product"": ""QL"", ""dst_product"": ""Actuation"", ""ql"": """", ""cf_view"": """", ""seam"": ""15:agency-ql"", ""defined_in"": ""O-I:docs/CANONICAL-PRODUCT-FIELD.md|QL-MEF#19(PR)"", ""tracked_by"": ""EpiLogos/O-I#29;EpiLogos/Actuation#1;EpiLogos/QL-MEF#19(PR)"", ""maintenance"": {""updated_at"": ""2026-09-06"", ""change_refs"": [""codex:thread:01a07608-d2ec-7b10-9713-74c445adf8a5""]}, ""last_reconciled_at"": ""2026-09-06T14:30:24.557139+00:00""}",
quaternal-logic,product:quaternal-logic,product:quaternal-logic:ProjectCentral/user/capability-matrix.csv,product:quaternal-logic:ProjectCentral/user/capability-matrix.json,0a0fd90223d831f9b3bcd7b994c43e129c7caf6feb3cc3446b13d3a9bb67d125,589d30ef4ec74bc4a6d330759a521c6d4ef3545460a6dff2f448b179dedadafa,ql,oi <namespace> forwards the native leaf path unchanged,[],A5->A2,relation,suite-relations,A5,A2,[],,,,,agent-inference,O-I:docs/CANONICAL-PRODUCT-FIELD.md|QL-MEF#19(PR),,,,25:context-ql,S,"{""src_product"": ""QL"", ""dst_product"": ""AIKit"", ""ql"": """", ""cf_view"": """", ""seam"": ""25:context-ql"", ""defined_in"": ""O-I:docs/CANONICAL-PRODUCT-FIELD.md|QL-MEF#19(PR)"", ""tracked_by"": ""EpiLogos/O-I#29;EpiLogos/ai-kit#58(PR);EpiLogos/QL-MEF#19(PR)"", ""maintenance"": {""updated_at"": ""2026-09-06"", ""change_refs"": [""codex:thread:01a07608-d2ec-7b10-9713-74c445adf8a5""]}, ""last_reconciled_at"": ""2026-09-06T14:30:24.557139+00:00""}",
quaternal-logic,product:quaternal-logic,product:quaternal-logic:ProjectCentral/user/capability-matrix.csv,product:quaternal-logic:ProjectCentral/user/capability-matrix.json,0a0fd90223d831f9b3bcd7b994c43e129c7caf6feb3cc3446b13d3a9bb67d125,589d30ef4ec74bc4a6d330759a521c6d4ef3545460a6dff2f448b179dedadafa,ql,oi <namespace> forwards the native leaf path unchanged,[],A5->A3,relation,suite-relations,A5,A3,[],,,,,agent-inference,O-I:docs/CANONICAL-PRODUCT-FIELD.md|QL-MEF#19(PR),,,,35:development-ql,S,"{""src_product"": ""QL"", ""dst_product"": ""Factory"", ""ql"": """", ""cf_view"": """", ""seam"": ""35:development-ql"", ""defined_in"": ""O-I:docs/CANONICAL-PRODUCT-FIELD.md|QL-MEF#19(PR)"", ""tracked_by"": ""EpiLogos/O-I#29;EpiLogos/agent-system-design#132(PR);EpiLogos/QL-MEF#19(PR)"", ""maintenance"": {""updated_at"": ""2026-09-06"", ""change_refs"": [""codex:thread:01a07608-d2ec-7b10-9713-74c445adf8a5""]}, ""last_reconciled_at"": ""2026-09-06T14:30:24.557139+00:00""}",
quaternal-logic,product:quaternal-logic,product:quaternal-logic:ProjectCentral/user/capability-matrix.csv,product:quaternal-logic:ProjectCentral/user/capability-matrix.json,0a0fd90223d831f9b3bcd7b994c43e129c7caf6feb3cc3446b13d3a9bb67d125,589d30ef4ec74bc4a6d330759a521c6d4ef3545460a6dff2f448b179dedadafa,ql,oi <namespace> forwards the native leaf path unchanged,[],A5->A4,relation,suite-relations,A5,A4,[],,,,,agent-inference,O-I:docs/CANONICAL-PRODUCT-FIELD.md|QL-MEF#19(PR),,,,45:actuality-formal-intelligence,H,"{""src_product"": ""QL"", ""dst_product"": ""Workcell"", ""ql"": ""D3:A3"", ""cf_view"": ""CF5/CF6-field"", ""seam"": ""45:actuality-formal-intelligence"", ""defined_in"": ""O-I:docs/CANONICAL-PRODUCT-FIELD.md|QL-MEF#19(PR)"", ""tracked_by"": ""EpiLogos/O-I#29;EpiLogos/Workcell#18(PR);EpiLogos/QL-MEF#19(PR)"", ""maintenance"": {""updated_at"": ""2026-09-06"", ""change_refs"": [""codex:thread:01a07608-d2ec-7b10-9713-74c445adf8a5""]}, ""last_reconciled_at"": ""2026-09-06T14:30:24.557139+00:00""}",
quaternal-logic,product:quaternal-logic,product:quaternal-logic:ProjectCentral/user/capability-matrix.csv,product:quaternal-logic:ProjectCentral/user/capability-matrix.json,0a0fd90223d831f9b3bcd7b994c43e129c7caf6feb3cc3446b13d3a9bb67d125,589d30ef4ec74bc4a6d330759a521c6d4ef3545460a6dff2f448b179dedadafa,ql,oi <namespace> forwards the native leaf path unchanged,[],A5->A5,relation,suite-relations,A5,A5,[],,,,,agent-inference,O-I:docs/CANONICAL-PRODUCT-FIELD.md|QL-MEF#19(PR),,,,self:QL,I,"{""src_product"": ""QL"", ""dst_product"": ""QL"", ""ql"": """", ""cf_view"": """", ""seam"": ""self:QL"", ""defined_in"": ""O-I:docs/CANONICAL-PRODUCT-FIELD.md|QL-MEF#19(PR)"", ""tracked_by"": ""EpiLogos/O-I#29;EpiLogos/QL-MEF#19(PR)"", ""maintenance"": {""updated_at"": ""2026-09-06"", ""change_refs"": [""codex:thread:01a07608-d2ec-7b10-9713-74c445adf8a5""]}, ""last_reconciled_at"": ""2026-09-06T14:30:24.557139+00:00""}",
quaternal-logic,product:quaternal-logic,product:quaternal-logic:ProjectCentral/user/capability-matrix.csv,product:quaternal-logic:ProjectCentral/user/capability-matrix.json,0a0fd90223d831f9b3bcd7b994c43e129c7caf6feb3cc3446b13d3a9bb67d125,589d30ef4ec74bc4a6d330759a521c6d4ef3545460a6dff2f448b179dedadafa,ql,oi <namespace> forwards the native leaf path unchanged,[],rel.ql.q0.S,relation,product-field,q0,S,"[""cap.ql.kernel-parity""]",,,,,agent-inference,ProjectCentral/user/ql.html#whole-why,,,ql.html#whole/why,"People and Agents use patterns to understand a subject, but the pattern can remain implicit or become a label detached from the work. Quaternal Logic gives relational understanding an explicit form that can be inspected, compared and tested. Its research begins in the Epi-Logos inquiry into mind, relation and interiority; its software makes sufficiently specified parts of that inquiry operational.",,"{""basis"": ""Exact overview seed text. Capability links follow their existing governing expanded account units; cell placement is editorial inference."", ""seed_ref"": ""ql:seed:q0"", ""source_unit"": ""whole-why"", ""seed_sha256"": ""3869e8d7edfd0673735a78ad9ff3a02303c7cf74fcf63c2d9b392dc5afd30316"", ""source_standing"": ""agent-inference"", ""reconciled_change_ref"": ""codex:thread:01a07608-d2ec-7b10-9713-74c445adf8a5"", ""maintenance"": {""updated_at"": ""2026-09-06"", ""change_refs"": [""codex:thread:01a07608-d2ec-7b10-9713-74c445adf8a5""]}, ""last_reconciled_at"": ""2026-09-06T14:30:24.557139+00:00""}",Why?
quaternal-logic,product:quaternal-logic,product:quaternal-logic:ProjectCentral/user/capability-matrix.csv,product:quaternal-logic:ProjectCentral/user/capability-matrix.json,0a0fd90223d831f9b3bcd7b994c43e129c7caf6feb3cc3446b13d3a9bb67d125,589d30ef4ec74bc4a6d330759a521c6d4ef3545460a6dff2f448b179dedadafa,ql,oi <namespace> forwards the native leaf path unchanged,[],rel.ql.q1.S,relation,product-field,q1,S,"[""cap.ql.cli-discovery"", ""cap.ql.kernel-operators"", ""cap.ql.pairing"", ""cap.ql.lens-registry"", ""cap.ql.context-frames"", ""cap.ql.vak-source"", ""cap.ql.service-negotiation"", ""cap.ql.client-modes""]",,,,,agent-inference,ProjectCentral/user/ql.html#whole-what,,,ql.html#whole/what,"Quaternal Logic / MEF is a Rust software product with a native ql CLI, a shared formal kernel, twelve MEF lenses and versioned service and client contracts. It computes defined structural relations, exposes canonical registries, retrieves source-bearing Vāk context and supports attributable readings of existing subjects. The broader research programme develops further operations through explicit contracts and evidence.",,"{""basis"": ""Exact overview seed text. Capability links follow their existing governing expanded account units; cell placement is editorial inference."", ""seed_ref"": ""ql:seed:q1"", ""source_unit"": ""whole-what"", ""seed_sha256"": ""ed702daab4d4f5a6a5d743844c8cda1a9e687b5302c16b4e48b3731aee8af483"", ""source_standing"": ""agent-inference"", ""reconciled_change_ref"": ""codex:thread:01a07608-d2ec-7b10-9713-74c445adf8a5"", ""maintenance"": {""updated_at"": ""2026-09-06"", ""change_refs"": [""codex:thread:01a07608-d2ec-7b10-9713-74c445adf8a5""]}, ""last_reconciled_at"": ""2026-09-06T14:30:24.557139+00:00""}",What?
quaternal-logic,product:quaternal-logic,product:quaternal-logic:ProjectCentral/user/capability-matrix.csv,product:quaternal-logic:ProjectCentral/user/capability-matrix.json,0a0fd90223d831f9b3bcd7b994c43e129c7caf6feb3cc3446b13d3a9bb67d125,589d30ef4ec74bc4a6d330759a521c6d4ef3545460a6dff2f448b179dedadafa,ql,oi <namespace> forwards the native leaf path unchanged,[],rel.ql.q2.S,relation,product-field,q2,S,"[""cap.ql.service-readings"", ""cap.ql.wiki-refraction"", ""cap.ql.wiki-portals"", ""cap.ql.living-wiki""]",,,,,agent-inference,ProjectCentral/user/ql.html#whole-how,,,ql.html#whole/how,"A user or client selects a subject, preserves its identity and revision, then chooses a formal operation or a refractive perspective. QL validates the structure and returns the result with its operation, version and source basis. Deterministic kernel operations act directly; richer readings use an explicitly available provider. A client can compare the reading with its original material and retain the difference that proves useful.",,"{""basis"": ""Exact overview seed text. Capability links follow their existing governing expanded account units; cell placement is editorial inference."", ""seed_ref"": ""ql:seed:q2"", ""source_unit"": ""whole-how"", ""seed_sha256"": ""b64f4d4d716b918dbf2863312ad9e7c3115cce9773a7788d547894567a6e0c83"", ""source_standing"": ""agent-inference"", ""reconciled_change_ref"": ""codex:thread:01a07608-d2ec-7b10-9713-74c445adf8a5"", ""maintenance"": {""updated_at"": ""2026-09-06"", ""change_refs"": [""codex:thread:01a07608-d2ec-7b10-9713-74c445adf8a5""]}, ""last_reconciled_at"": ""2026-09-06T14:30:24.557139+00:00""}",How?
quaternal-logic,product:quaternal-logic,product:quaternal-logic:ProjectCentral/user/capability-matrix.csv,product:quaternal-logic:ProjectCentral/user/capability-matrix.json,0a0fd90223d831f9b3bcd7b994c43e129c7caf6feb3cc3446b13d3a9bb67d125,589d30ef4ec74bc4a6d330759a521c6d4ef3545460a6dff2f448b179dedadafa,ql,oi <namespace> forwards the native leaf path unchanged,[],rel.ql.q3.S,relation,product-field,q3,S,"[""cap.ql.shape"", ""cap.ql.external-frame"", ""cap.ql.wiki-structure""]",,,,,agent-inference,ProjectCentral/user/ql.html#whole-whereby,,,ql.html#whole/whereby,"QL serves people organising knowledge, developers exposing relational views and researchers testing formal propositions. Stable addresses, a whole anchor, complementary relations and multiple lenses let them inspect different aspects of the same subject. The subject remains owned by its originating product, while QL owns the formal reading and its provenance.",,"{""basis"": ""Exact overview seed text. Capability links follow their existing governing expanded account units; cell placement is editorial inference."", ""seed_ref"": ""ql:seed:q3"", ""source_unit"": ""whole-whereby"", ""seed_sha256"": ""124c1f33c42b0140a1d750f54501605e96b42cd630f16f17a532028c2a381e4b"", ""source_standing"": ""agent-inference"", ""reconciled_change_ref"": ""codex:thread:01a07608-d2ec-7b10-9713-74c445adf8a5"", ""maintenance"": {""updated_at"": ""2026-09-06"", ""change_refs"": [""codex:thread:01a07608-d2ec-7b10-9713-74c445adf8a5""]}, ""last_reconciled_at"": ""2026-09-06T14:30:24.557139+00:00""}",Who / Whereby?
quaternal-logic,product:quaternal-logic,product:quaternal-logic:ProjectCentral/user/capability-matrix.csv,product:quaternal-logic:ProjectCentral/user/capability-matrix.json,0a0fd90223d831f9b3bcd7b994c43e129c7caf6feb3cc3446b13d3a9bb67d125,589d30ef4ec74bc4a6d330759a521c6d4ef3545460a6dff2f448b179dedadafa,ql,oi <namespace> forwards the native leaf path unchanged,[],rel.ql.q4.S,relation,product-field,q4,S,"[""cap.ql.vak-context""]",,,,,agent-inference,ProjectCentral/user/ql.html#whole-context,,,ql.html#whole/context,"QL can be used at a terminal, through Rust libraries or as an optional provider within a larger O:I workflow. It is useful when a person needs to disclose a structure, compare relationships, or test whether a proposed distinction changes an outcome. Ordinary work and ordinary sources remain usable before any QL reading is requested; the chosen scope and available evidence determine the depth of a reading.",,"{""basis"": ""Exact overview seed text. Capability links follow their existing governing expanded account units; cell placement is editorial inference."", ""seed_ref"": ""ql:seed:q4"", ""source_unit"": ""whole-context"", ""seed_sha256"": ""3164ed3d0ccf6d573724b7859bb8dc70ab6b89c92e20590bc7360511f885053b"", ""source_standing"": ""agent-inference"", ""reconciled_change_ref"": ""codex:thread:01a07608-d2ec-7b10-9713-74c445adf8a5"", ""maintenance"": {""updated_at"": ""2026-09-06"", ""change_refs"": [""codex:thread:01a07608-d2ec-7b10-9713-74c445adf8a5""]}, ""last_reconciled_at"": ""2026-09-06T14:30:24.557139+00:00""}",Where / When?
quaternal-logic,product:quaternal-logic,product:quaternal-logic:ProjectCentral/user/capability-matrix.csv,product:quaternal-logic:ProjectCentral/user/capability-matrix.json,0a0fd90223d831f9b3bcd7b994c43e129c7caf6feb3cc3446b13d3a9bb67d125,589d30ef4ec74bc4a6d330759a521c6d4ef3545460a6dff2f448b179dedadafa,ql,oi <namespace> forwards the native leaf path unchanged,[],rel.ql.q5.S,relation,product-field,q5,S,"[""cap.ql.cli-verification""]",,,,,agent-inference,ProjectCentral/user/ql.html#whole-purpose,,,ql.html#whole/purpose,"QL is for developing a more explicit and relationally aware encounter with knowledge and agentic work. It gives O:I and Epi-Logos a common formal resource while leaving each product responsible for its own actions and meaning. Its success lies in useful understanding and demonstrable operations: a reading that clarifies a decision, a structure that preserves relationships, or an experiment that teaches us which distinctions carry real consequences.",,"{""basis"": ""Exact overview seed text. Capability links follow their existing governing expanded account units; cell placement is editorial inference."", ""seed_ref"": ""ql:seed:q5"", ""source_unit"": ""whole-purpose"", ""seed_sha256"": ""0b2bff63c1b59bed272e2b4a2c7863e946064f70525302b179d8c9e2b17ae630"", ""source_standing"": ""agent-inference"", ""reconciled_change_ref"": ""codex:thread:01a07608-d2ec-7b10-9713-74c445adf8a5"", ""maintenance"": {""updated_at"": ""2026-09-06"", ""change_refs"": [""codex:thread:01a07608-d2ec-7b10-9713-74c445adf8a5""]}, ""last_reconciled_at"": ""2026-09-06T14:30:24.557139+00:00""}",Why-For?
quaternal-logic,product:quaternal-logic,product:quaternal-logic:ProjectCentral/user/capability-matrix.csv,product:quaternal-logic:ProjectCentral/user/capability-matrix.json,0a0fd90223d831f9b3bcd7b994c43e129c7caf6feb3cc3446b13d3a9bb67d125,589d30ef4ec74bc4a6d330759a521c6d4ef3545460a6dff2f448b179dedadafa,ql,oi <namespace> forwards the native leaf path unchanged,[],rel.ql.q3.S0,relation,product-field,q3,S0,"[""cap.ql.pairing"", ""cap.ql.external-frame"", ""cap.ql.client-modes""]",,,,,agent-inference,ProjectCentral/user/ql.html#q3-identity,,,ql.html#q3/identity,Central holds durable source; AIKit interprets and navigates knowledge; other native products enact their own responsibilities.,,"{""basis"": ""Exact account sentence; cell placement is editorial inference."", ""source_unit"": ""q3-identity"", ""maintenance"": {""updated_at"": ""2026-09-06"", ""change_refs"": [""codex:thread:01a07608-d2ec-7b10-9713-74c445adf8a5""]}, ""last_reconciled_at"": ""2026-09-06T14:30:24.557139+00:00""}",
quaternal-logic,product:quaternal-logic,product:quaternal-logic:ProjectCentral/user/capability-matrix.csv,product:quaternal-logic:ProjectCentral/user/capability-matrix.json,0a0fd90223d831f9b3bcd7b994c43e129c7caf6feb3cc3446b13d3a9bb67d125,589d30ef4ec74bc4a6d330759a521c6d4ef3545460a6dff2f448b179dedadafa,ql,oi <namespace> forwards the native leaf path unchanged,[],rel.ql.q2.S2,relation,product-field,q2,S2,"[""cap.ql.wiki-refraction"", ""cap.ql.wiki-portals"", ""cap.ql.living-wiki""]",,,,,agent-inference,ProjectCentral/user/ql.html#q2-wiki-encounter,,,ql.html#q2/wiki-encounter,"An AIKit client can supply a bounded WikiFrame: the target wiki, revision, selected nodes and explicit mapping information.",,"{""basis"": ""Exact account sentence; cell placement is editorial inference."", ""source_unit"": ""q2-wiki-encounter"", ""maintenance"": {""updated_at"": ""2026-09-06"", ""change_refs"": [""codex:thread:01a07608-d2ec-7b10-9713-74c445adf8a5""]}, ""last_reconciled_at"": ""2026-09-06T14:30:24.557139+00:00""}",
quaternal-logic,product:quaternal-logic,product:quaternal-logic:ProjectCentral/user/capability-matrix.csv,product:quaternal-logic:ProjectCentral/user/capability-matrix.json,0a0fd90223d831f9b3bcd7b994c43e129c7caf6feb3cc3446b13d3a9bb67d125,589d30ef4ec74bc4a6d330759a521c6d4ef3545460a6dff2f448b179dedadafa,ql,oi <namespace> forwards the native leaf path unchanged,[],rel.ql.q3.S3,relation,product-field,q3,S3,"[""cap.ql.pairing"", ""cap.ql.external-frame"", ""cap.ql.client-modes""]",,,,,agent-inference,ProjectCentral/user/ql.html#q3-identity,,,ql.html#q3/identity,"A Factory Run, AIKit Resource or Wiki subject carries its native identity into a QL request.",,"{""basis"": ""Exact account sentence; cell placement is editorial inference."", ""source_unit"": ""q3-identity"", ""maintenance"": {""updated_at"": ""2026-09-06"", ""change_refs"": [""codex:thread:01a07608-d2ec-7b10-9713-74c445adf8a5""]}, ""last_reconciled_at"": ""2026-09-06T14:30:24.557139+00:00""}",
